,0,1,2,3,4,5,6,7,8,9,10,11,12,13,14,15,16,17,18,19,20,21,22,23,24,25,26,27,28,29,30,31
0,22,19,19,17,16,20,20,22,17,19,18,21,15,18,18,24,18,19,17,16,20,23,21,17,20,16,21,19,22,16,19,14
1,24,21,20,21,21,21,23,22,20,22,21,24,20,20,20,23,20,20,20,20,22,25,23,20,20,21,23,21,23,20,22,21
2,24,18,15,19,22,26,25,20,16,19,19,25,21,19,21,23,20,22,20,19,22,24,24,22,20,22,20,19,23,21,22,20
3,24,19,12,21,24,28,22,18,14,19,16,27,21,18,21,26,20,25,20,18,25,23,21,23,18,24,20,19,23,21,23,19
4,22,20,12,16,24,26,24,19,13,17,15,24,18,15,21,24,20,24,18,18,27,22,20,24,15,26,17,17,22,20,25,19
5,20,18,10,16,24,24,20,15,13,16,13,23,18,14,19,21,17,23,17,17,24,18,15,25,14,24,11,17,23,17,22,18
6,18,15,6,15,23,24,20,12,10,14,10,21,17,13,11,17,15,20,16,13,23,16,12,24,12,23,9,12,18,17,21,16
7,19,11,2,11,21,21,16,10,10,10,4,17,15,12,9,12,10,18,13,11,22,11,9,21,9,20,6,9,16,13,16,12
8,16,10,-1,8,18,17,14,6,9,8,2,11,10,11,6,8,6,12,9,6,17,4,8,21,5,17,6,7,11,11,10,7
9,9,10,-1,5,14,12,9,2,4,5,0,7,7,8,3,2,4,10,6,6,13,-1,6,18,4,9,1,3,7,6,6,7
10,1,8,-5,4,8,4,2,0,3,0,-1,-2,3,5,0,-4,2,5,3,3,7,-7,3,12,0,5,1,1,0,5,0,6
11,-4,6,-9,1,1,-3,-5,0,1,1,-3,-9,4,5,-3,-8,1,-2,3,0,3,-13,-1,5,-2,-1,-3,-3,-5,-3,-5,0
12,-8,6,-6,-3,-4,-8,-11,-3,-5,-6,-4,-13,-1,4,-2,-13,-1,-7,-1,-3,-1,-17,-4,2,-2,-7,-2,-4,-12,-4,-10,-3
13,-12,5,-7,-5,-11,-11,-17,-7,-6,-6,-7,-17,-4,4,-5,-19,-6,-12,-6,-4,-9,-21,-4,-4,-5,-14,-5,-7,-18,-4,-17,-2
14,-17,8,-7,-8,-17,-19,-21,-9,-4,-6,-7,-22,-7,4,-7,-22,-8,-17,-6,-5,-13,-24,-6,-10,-6,-17,-7,-7,-20,-5,-19,-4
15,-22,8,-9,-8,-23,-23,-24,-10,-9,-9,-4,-24,-6,5,-8,-25,-9,-21,-11,-7,-19,-25,-7,-19,-9,-22,-6,-7,-24,-9,-25,-6
16,-23,7,-8,-10,-26,-25,-24,-9,-9,-8,-6,-25,-7,4,-8,-25,-7,-25,-11,-10,-24,-26,-12,-22,-8,-27,-7,-10,-26,-9,-26,-8
17,-26,7,-4,-9,-26,-24,-27,-13,-14,-8,-8,-27,-7,5,-8,-26,-9,-27,-9,-8,-25,-23,-11,-24,-10,-26,-9,-6,-25,-7,-27,-9
18,-27,4,-2,-8,-25,-26,-27,-10,-15,-9,-9,-25,-7,6,-8,-27,-9,-25,-11,-6,-25,-23,-12,-25,-12,-30,-8,-7,-26,-7,-24,-9
19,-24,4,-1,-8,-28,-25,-25,-10,-16,-8,-6,-22,-8,8,-7,-24,-6,-25,-10,-6,-26,-19,-11,-27,-9,-28,-7,-6,-25,-8,-23,-9
20,-23,4,0,-11,-28,-22,-21,-8,-18,-7,-4,-19,-10,5,-6,-20,-7,-24,-9,-8,-26,-15,-10,-26,-8,-24,-9,-5,-22,-7,-19,-9
21,-17,3,2,-11,-23,-17,-19,-7,-19,-7,-4,-14,-9,4,-8,-15,-8,-19,-10,-8,-24,-10,-9,-23,-7,-22,-7,-3,-16,-7,-17,-11
22,-12,2,3,-10,-20,-15,-12,-6,-20,-6,-3,-9,-7,2,-8,-9,-7,-14,-5,-7,-22,-4,-6,-20,-5,-17,-7,-3,-14,-6,-13,-8
23,-8,-1,4,-8,-13,-11,-5,-4,-20,-4,-3,-4,-8,2,-7,-3,-6,-10,-6,-4,-18,-1,-6,-16,-3,-11,-7,-2,-9,-5,-5,-7
24,-4,-3,5,-8,-11,-6,-3,-4,-20,-5,-3,0,-7,0,-4,4,-6,-6,-5,-3,-11,3,-4,-11,-4,-6,-4,-3,-4,-2,0,-7
25,1,-4,2,-8,-6,-2,3,-3,-19,-2,-3,4,-6,-3,-6,7,-6,-1,-6,-1,-6,9,-4,-5,-3,-2,-7,-5,4,-3,4,-5
26,5,-8,1,-8,1,1,6,-1,-16,0,-1,7,-3,-2,-4,9,-3,6,-4,-3,-1,9,-2,0,-1,5,-5,-3,8,1,9,-3
27,10,-8,4,-3,6,7,10,-2,-15,-2,-3,10,-2,-6,-3,15,-2,7,-3,-2,2,11,0,4,-1,8,-6,-1,9,2,13,-3
28,12,-11,3,-2,10,9,12,0,-11,-3,-2,10,-2,-10,-1,13,-1,10,-3,-3,6,13,-2,8,-2,13,-6,-3,11,1,13,-1
29,13,-11,3,-5,13,10,14,-2,-11,-1,-4,8,-1,-12,-4,14,-4,14,-2,-4,10,12,-3,11,-1,18,-7,-3,9,-2,12,-3
30,12,-14,-1,-1,16,11,16,-3,-9,-2,-4,11,-1,-16,-2,14,-1,14,-1,-5,11,9,-3,11,-3,16,-7,-2,10,-3,13,-4
31,12,-15,-2,-2,15,11,12,-2,-7,-3,-4,10,-2,-15,-2,9,-3,13,-2,-5,9,9,-2,16,-3,13,-5,-4,8,-4,10,-5
32,11,-17,-3,-3,11,8,10,-4,-2,0,-6,5,-3,-17,-3,5,-2,11,-1,-6,8,5,-4,14,-5,13,-7,-3,6,-5,6,-2
33,8,-13,-4,-3,8,4,6,-4,0,-1,-7,0,-4,-17,-4,1,-6,7,-3,-6,10,-3,-4,10,-5,10,-5,-4,0,-6,0,-2
34,2,-15,-6,-1,5,1,2,-3,2,-3,-6,-3,-3,-18,-4,-4,-5,3,-4,-7,6,-7,-7,6,-7,3,-4,-5,-4,-6,-5,-5
35,0,-14,-6,-3,-1,-5,-6,-5,4,-1,-6,-8,-5,-19,-4,-9,-4,-1,-6,-8,1,-11,-6,1,-2,0,-4,-6,-8,-5,-6,-3
36,-6,-16,-7,-4,-6,-9,-10,-4,7,-4,-8,-10,-5,-19,-4,-12,-4,-5,-6,-6,0,-14,-4,-4,-4,-6,-6,-7,-11,-6,-11,-3
37,-11,-15,-12,-5,-9,-11,-14,-5,8,-2,-7,-14,-4,-17,-6,-17,-6,-9,-4,-7,-4,-18,-6,-8,-6,-9,-3,-7,-13,-5,-15,-5
38,-18,-13,-9,-3,-13,-13,-16,-2,8,-2,-6,-16,-4,-15,-4,-19,-7,-15,-4,-6,-9,-18,-5,-12,-6,-13,-1,-8,-16,-4,-17,-6
39,-18,-12,-10,-6,-15,-15,-19,-2,8,-1,-3,-16,-7,-15,-6,-19,-4,-16,-2,-5,-13,-18,-6,-16,-4,-17,3,-6,-17,-8,-18,-6
40,-19,-9,-12,-5,-17,-15,-19,-1,9,0,-1,-15,-8,-15,-2,-18,0,-18,-1,-4,-13,-17,-2,-18,0,-20,1,-4,-18,-7,-18,-4
41,-18,-9,-11,0,-17,-16,-21,1,10,4,2,-14,-4,-9,-2,-19,-1,-17,-1,-1,-15,-14,1,-20,-1,-18,2,-1,-16,-2,-14,-2
42,-18,-6,-9,2,-19,-12,-17,2,10,3,0,-9,-3,-7,1,-13,-1,-17,2,0,-14,-8,2,-19,3,-19,3,0,-11,-2,-11,-1
43,-14,-4,-7,1,-15,-9,-12,6,9,2,3,-5,-2,-2,3,-6,4,-15,3,1,-11,-4,5,-17,5,-14,5,2,-6,0,-8,2
44,-8,-1,-4,1,-8,-5,-6,7,10,6,6,-1,-1,1,2,-1,5,-10,3,4,-9,3,8,-13,6,-9,7,6,-3,3,-2,1
45,-2,-1,1,6,-6,2,1,9,10,7,7,5,1,2,6,6,10,-5,7,6,-4,11,7,-6,7,-2,9,7,6,6,4,3
46,1,1,4,9,2,8,10,10,8,9,9,15,4,5,6,12,8,2,9,10,0,17,11,-1,11,3,8,7,14,8,12,5
47,11,4,5,8,10,15,16,12,5,11,10,22,8,7,8,20,8,8,11,11,7,23,11,4,12,8,9,9,20,9,19,8
48,17,6,10,9,15,23,24,11,7,11,13,28,7,8,9,27,8,15,9,10,16,30,9,11,11,17,10,12,29,10,27,8
49,25,7,10,10,22,26,28,11,8,13,14,32,10,9,11,30,10,21,7,13,22,34,7,18,11,22,10,11,31,8,32,10
50,32,10,11,12,28,31,35,13,7,11,14,36,12,11,11,35,13,28,12,14,28,36,8,23,14,30,11,14,36,10,37,10
51,37,11,17,15,33,36,39,11,7,10,15,38,10,11,11,38,14,33,14,16,32,39,11,28,13,32,10,16,40,13,39,13
52,40,13,19,15,36,34,41,9,6,10,14,39,13,15,10,39,14,37,12,14,38,38,11,32,12,38,10,16,39,12,39,15
53,44,12,20,13,38,36,41,9,8,12,13,38,12,17,10,36,11,35,11,12,38,37,11,37,14,40,9,17,40,12,38,13
54,43,15,18,10,38,37,39,13,8,10,13,36,11,17,9,33,9,36,9,11,39,31,9,38,12,39,10,14,36,11,34,11
55,38,15,16,10,38,31,34,12,8,9,13,28,11,18,10,27,11,35,10,12,38,29,11,38,10,35,9,13,33,12,31,12
56,33,16,14,9,35,26,29,8,9,8,10,23,9,18,11,22,11,33,10,12,34,23,9,38,9,33,10,14,26,12,27,10
57,28,18,10,9,29,22,22,6,9,8,9,17,10,17,8,15,9,27,10,11,29,14,7,32,9,26,8,8,20,12,21,9
58,21,19,7,7,21,15,15,7,8,8,10,8,9,18,8,7,8,22,8,10,27,6,8,25,8,22,8,8,10,10,13,10
59,15,19,6,5,12,3,6,7,8,6,9,0,8,18,7,-3,7,14,7,7,16,-4,5,18,8,13,7,7,2,10,6,7
60,2,16,3,7,5,-4,-4,7,8,6,4,-8,6,17,10,-11,10,5,6,8,5,-12,7,10,7,5,4,4,-6,10,-2,6
61,-5,17,2,6,-4,-11,-13,6,9,6,5,-16,6,17,8,-17,9,-3,7,7,-1,-17,6,1,6,-3,3,4,-16,9,-13,6
62,-13,15,-1,9,-11,-19,-20,6,5,5,5,-23,4,16,5,-25,9,-11,6,6,-9,-23,5,-7,3,-13,6,4,-23,7,-21,6
63,-19,14,-3,7,-18,-27,-26,6,6,5,6,-27,5,14,9,-30,5,-20,5,4,-17,-27,6,-12,5,-19,5,4,-26,6,-25,5
64,-26,13,-4,4,-22,-30,-29,6,3,3,1,-30,5,13,6,-30,6,-25,7,1,-22,-29,7,-21,6,-24,3,4,-31,5,-29,5
65,-30,14,-5,3,-27,-34,-31,3,2,3,-1,-34,5,13,2,-34,2,-29,6,1,-25,-34,8,-25,5,-26,4,0,-34,3,-32,5
66,-30,10,-5,3,-30,-32,-33,2,0,4,-3,-33,2,8,6,-32,3,-31,5,2,-30,-32,6,-27,3,-32,0,-1,-35,2,-31,5
67,-32,8,-7,0,-30,-31,-34,5,-4,0,-3,-31,3,7,5,-28,3,-33,4,0,-31,-29,4,-30,1,-32,0,2,-31,0,-31,2
68,-30,5,-8,-2,-31,-29,-31,0,-6,-1,-5,-28,2,4,4,-26,2,-31,1,-1,-32,-25,-1,-31,0,-30,0,0,-28,1,-28,2
69,-27,5,-7,-1,-30,-25,-28,-3,-8,-2,-5,-27,2,2,1,-22,1,-29,0,-3,-30,-21,-1,-31,-3,-28,-4,-2,-25,0,-22,0
70,-24,2,-7,-3,-24,-19,-21,-4,-11,-6,-5,-20,0,1,-4,-18,-4,-28,-3,-6,-24,-17,-1,-26,-6,-27,-5,-3,-19,-1,-17,0
71,-19,-1,-7,-3,-20,-13,-17,-7,-14,-5,-5,-14,-3,-1,-3,-13,-3,-24,-2,-4,-22,-12,-1,-25,-6,-23,-5,-5,-14,-4,-13,-2
72,-13,-3,-4,-6,-13,-6,-11,-8,-16,-7,-10,-10,-3,-7,-6,-9,-5,-15,-4,-8,-19,-5,-4,-22,-7,-17,-10,-5,-9,-6,-10,-4
73,-7,-4,-2,-10,-8,1,-5,-12,-19,-9,-10,-5,-6,-9,-6,-3,-6,-11,-9,-9,-12,-2,-9,-15,-10,-10,-12,-9,-4,-8,-7,-5
74,-4,-7,-4,-12,-5,1,1,-14,-20,-11,-12,0,-9,-11,-13,-4,-10,-5,-11,-13,-4,2,-11,-8,-12,-6,-14,-11,2,-11,-2,-9
75,0,-9,-6,-13,-1,4,3,-14,-19,-13,-14,4,-11,-11,-13,2,-11,1,-12,-15,0,3,-13,-4,-13,-2,-14,-13,6,-12,-1,-11
76,2,-13,-5,-16,1,7,5,-18,-16,-15,-17,4,-13,-13,-13,3,-14,2,-14,-14,2,3,-13,0,-13,1,-14,-14,7,-14,2,-12
77,4,-13,-4,-17,3,9,5,-18,-14,-17,-17,5,-16,-16,-16,3,-14,4,-13,-17,4,4,-15,1,-19,3,-16,-16,5,-17,1,-14
78,3,-16,-3,-18,6,7,3,-18,-15,-19,-20,7,-18,-15,-16,3,-15,4,-15,-18,6,2,-16,2,-19,4,-18,-18,7,-19,3,-16
79,5,-20,-3,-20,6,4,4,-21,-15,-19,-19,3,-19,-18,-20,2,-18,3,-17,-18,8,1,-18,3,-19,3,-19,-20,6,-20,1,-15
80,3,-18,-4,-22,2,0,1,-20,-11,-19,-20,3,-19,-18,-19,-1,-21,2,-20,-21,5,-3,-20,5,-19,2,-19,-21,1,-20,-4,-19
81,-1,-20,-5,-20,2,-3,0,-21,-7,-17,-17,-2,-19,-15,-17,-5,-20,-2,-20,-17,2,-4,-21,4,-18,-2,-17,-19,-2,-18,-5,-20
82,-4,-20,-6,-19,-2,-8,-5,-20,-4,-17,-16,-6,-21,-16,-17,-9,-19,-2,-18,-15,-2,-6,-17,3,-16,-4,-18,-19,-5,-21,-4,-22
83,-10,-20,-9,-18,-4,-12,-7,-15,2,-15,-14,-9,-19,-18,-17,-10,-17,-4,-17,-13,-6,-11,-16,-1,-16,-6,-14,-18,-7,-19,-7,-22
84,-11,-21,-8,-15,-8,-14,-7,-13,5,-11,-12,-10,-15,-18,-14,-11,-17,-8,-17,-12,-10,-14,-17,-6,-12,-7,-12,-15,-12,-16,-7,-17
85,-14,-19,-7,-11,-11,-17,-10,-9,8,-9,-7,-11,-14,-15,-14,-12,-15,-10,-15,-12,-11,-12,-15,-6,-9,-9,-9,-15,-13,-16,-9,-15
86,-13,-17,-8,-10,-13,-18,-12,-5,9,-7,-4,-12,-10,-13,-10,-12,-10,-13,-9,-8,-12,-12,-7,-10,-5,-13,-4,-8,-14,-13,-14,-12
87,-17,-16,-7,-7,-15,-18,-12,-3,13,-4,-1,-11,-7,-11,-5,-12,-6,-15,-7,-4,-13,-11,-3,-13,-1,-13,-2,-3,-12,-7,-13,-9
88,-17,-12,-5,0,-13,-16,-9,0,13,-1,4,-10,-6,-9,-3,-7,-4,-13,-5,-2,-12,-7,0,-13,3,-14,3,1,-8,-1,-11,-6
89,-12,-9,-4,4,-12,-11,-8,4,13,3,5,-6,1,-8,1,-3,-1,-12,-2,3,-10,-3,3,-14,5,-12,6,4,-5,1,-10,1
90,-9,-5,-4,6,-8,-7,-6,7,13,7,9,-6,5,-6,5,-1,4,-9,4,5,-8,1,7,-11,8,-10,11,9,-4,5,-5,1
91,-5,-5,-2,7,-4,-2,0,11,12,12,13,-1,7,-3,7,6,8,-3,6,6,-7,5,11,-5,11,-4,13,13,1,8,-1,5
92,2,-1,-1,13,0,7,5,16,11,16,17,6,10,0,12,11,11,1,12,10,-6,13,12,-5,13,2,15,15,5,11,5,10
93,8,2,0,16,5,14,9,17,10,17,18,11,15,3,16,16,12,9,14,13,2,17,15,1,15,7,16,17,13,15,12,15
94,14,5,3,18,11,21,15,19,11,22,18,17,16,3,17,22,17,12,16,16,7,23,18,8,20,11,20,19,20,16,16,18
95,19,7,7,21,18,25,23,18,8,18,17,23,17,7,21,27,17,17,20,19,15,28,19,15,21,19,20,21,23,19,21,19
96,25,7,11,20,24,28,25,19,8,19,16,27,21,8,20,31,20,23,20,16,21,32,18,19,19,27,19,21,26,21,24,20
97,30,9,10,18,29,33,31,19,7,19,15,31,19,8,20,32,20,30,21,17,24,32,21,23,18,28,20,20,29,19,28,20
98,30,11,11,18,34,36,32,19,7,20,14,34,17,8,18,34,20,32,19,15,29,35,19,29,17,32,20,18,32,18,31,19
99,35,14,11,15,36,37,32,17,4,19,15,33,19,11,21,32,20,35,17,15,32,35,17,33,19,35,17,16,34,19,32,18
100,35,13,10,15,36,38,28,14,4,16,11,31,18,11,18,29,17,34,16,14,33,29,15,35,16,35,17,13,31,18,32,21
101,33,12,12,15,36,34,28,12,5,13,8,30,14,12,14,26,15,32,16,12,32,24,13,32,15,33,16,13,30,13,28,14
102,26,9,14,12,31,30,26,11,4,13,7,25,14,8,11,21,13,28,15,13,32,20,10,33,12,29,12,9,23,13,24,12
103,24,10,12,11,26,26,19,11,5,11,7,22,8,10,12,18,12,24,13,10,28,13,10,32,12,23,9,7,17,13,20,12
104,18,13,12,9,19,19,15,9,7,7,4,15,10,10,11,12,12,20,10,7,22,9,10,25,11,20,8,7,13,10,14,9
105,12,9,12,8,14,11,11,8,6,7,4,9,8,8,7,5,10,12,8,7,17,2,9,21,6,13,7,6,7,8,8,9
106,5,8,10,6,7,6,3,6,8,6,6,2,8,9,5,-2,8,8,6,6,12,-5,7,12,5,6,7,3,0,7,3,7
107,-1,9,11,4,1,-3,-2,4,5,5,3,-3,6,8,3,-7,6,0,4,5,7,-7,6,8,5,-1,8,4,-3,4,-5,3
108,-6,8,10,4,-7,-7,-9,3,7,4,3,-8,5,9,3,-12,6,-6,4,6,0,-12,7,0,5,-7,6,4,-9,4,-10,4
109,-10,9,10,3,-12,-12,-13,4,10,6,4,-13,5,8,4,-16,6,-11,4,5,-7,-16,4,-6,2,-10,4,2,-14,4,-16,4
110,-13,8,8,3,-17,-16,-17,4,11,2,5,-15,4,7,4,-19,4,-16,3,4,-14,-16,4,-11,2,-14,4,3,-16,3,-16,2
111,-16,7,7,3,-20,-17,-19,2,11,2,3,-17,4,9,5,-19,3,-15,5,4,-15,-16,4,-17,5,-16,4,3,-17,2,-20,4
112,-18,8,6,3,-23,-20,-17,1,8,3,6,-17,5,9,3,-15,4,-19,3,7,-17,-17,2,-18,4,-18,6,3,-17,3,-18,3
113,-19,9,6,3,-22,-17,-16,4,8,3,4,-15,3,10,2,-13,3,-21,1,5,-18,-13,1,-21,1,-17,5,3,-17,4,-17,6
114,-15,7,5,5,-21,-17,-14,3,6,2,4,-11,3,11,3,-11,2,-17,3,6,-19,-10,2,-20,1,-16,2,6,-11,6,-16,4
115,-12,7,5,3,-16,-15,-12,2,5,1,2,-8,4,9,3,-7,2,-13,1,4,-17,-8,0,-17,3,-14,1,6,-9,5,-9,4
116,-8,6,3,3,-13,-8,-7,2,1,1,3,-5,1,8,3,-5,3,-11,2,3,-12,-2,0,-15,1,-8,0,4,-7,4,-7,3
117,-3,5,1,2,-5,-7,-2,1,-4,-2,0,-1,0,11,2,0,2,-5,0,3,-6,-1,1,-11,2,-5,-3,2,-2,3,-2,2
118,-1,6,4,1,-3,-5,1,0,-9,0,2,3,0,10,-1,3,2,-2,0,2,-3,4,-1,-6,0,-2,-3,4,4,2,0,2
119,3,6,0,-1,2,1,3,-1,-9,-4,0,6,-1,7,-2,4,2,1,0,-1,-2,6,-1,-4,-2,4,-4,0,4,3,3,1
120,5,5,-3,-3,6,3,7,-6,-12,-5,-3,10,-1,6,-1,6,0,3,0,-1,0,8,-2,4,-2,6,-5,-3,5,-1,7,1
121,8,1,-6,-5,6,4,7,-6,-17,-7,-5,10,-2,8,-3,6,-4,6,-3,-4,5,8,-2,6,-7,9,-9,-3,8,-2,7,-2
122,7,2,-6,-9,7,4,6,-8,-18,-8,-7,8,-4,5,-7,7,-5,6,-7,-6,4,6,-8,7,-6,9,-10,-7,5,-6,5,-5
123,4,-1,-8,-10,9,4,5,-9,-20,-9,-10,3,-3,4,-9,4,-7,7,-7,-8,5,0,-8,8,-8,9,-12,-10,1,-7,4,-7
124,1,-1,-9,-13,8,3,2,-12,-20,-13,-12,0,-4,-1,-12,1,-11,3,-9,-10,3,-1,-9,7,-11,5,-15,-11,-3,-11,-1,-10
125,-2,-5,-13,-12,4,-3,0,-12,-19,-13,-11,-6,-7,-3,-15,-6,-13,2,-12,-12,1,-7,-13,5,-12,2,-16,-13,-6,-13,-3,-11
126,-6,-7,-14,-15,-1,-6,-4,-13,-18,-16,-15,-11,-9,-5,-17,-11,-15,-2,-13,-12,-2,-14,-13,1,-13,0,-16,-12,-11,-16,-10,-12
127,-11,-9,-17,-17,-3,-10,-12,-15,-15,-16,-18,-15,-13,-8,-19,-16,-15,-6,-16,-13,-7,-20,-15,-1,-14,-5,-19,-16,-18,-16,-15,-17
128,-17,-12,-15,-14,-12,-17,-18,-16,-14,-18,-18,-23,-15,-8,-17,-20,-17,-13,-17,-17,-11,-24,-18,-6,-15,-13,-20,-17,-23,-17,-22,-15
129,-23,-14,-16,-17,-18,-21,-25,-16,-11,-17,-16,-29,-15,-13,-16,-26,-17,-17,-16,-17,-18,-29,-18,-13,-16,-19,-20,-18,-27,-17,-28,-17
130,-28,-13,-17,-17,-24,-26,-28,-18,-8,-17,-17,-30,-17,-13,-16,-28,-18,-22,-19,-18,-22,-33,-18,-22,-17,-25,-18,-16,-29,-17,-31,-18
131,-32,-15,-17,-16,-27,-29,-30,-16,-5,-16,-19,-32,-16,-18,-15,-31,-18,-28,-17,-19,-28,-36,-15,-25,-16,-30,-16,-17,-34,-19,-34,-18
132,-33,-16,-16,-16,-30,-32,-35,-16,-2,-16,-18,-32,-16,-19,-15,-33,-16,-32,-20,-19,-29,-34,-15,-28,-15,-35,-16,-16,-33,-19,-34,-14
133,-32,-18,-16,-14,-33,-33,-35,-13,-1,-13,-15,-32,-19,-20,-15,-31,-15,-33,-17,-16,-31,-31,-15,-31,-16,-37,-14,-16,-33,-20,-34,-18
134,-33,-16,-16,-14,-32,-27,-31,-11,0,-11,-14,-28,-16,-19,-13,-28,-16,-31,-13,-15,-31,-28,-13,-35,-11,-32,-12,-14,-30,-16,-30,-15
135,-31,-16,-12,-14,-31,-23,-28,-10,3,-10,-13,-24,-14,-18,-12,-26,-10,-30,-12,-15,-29,-19,-10,-30,-8,-33,-7,-14,-25,-13,-28,-12
136,-22,-14,-10,-10,-29,-19,-23,-6,6,-7,-11,-18,-12,-16,-8,-19,-7,-26,-13,-12,-26,-15,-8,-32,-5,-28,-7,-11,-17,-12,-22,-7
137,-16,-12,-7,-8,-23,-12,-16,-3,6,-5,-6,-12,-13,-14,-5,-10,-4,-23,-10,-9,-20,-6,-8,-28,-4,-20,-3,-5,-13,-11,-13,-6
138,-9,-10,-3,-6,-15,-5,-7,-2,8,-1,-2,0,-10,-14,-3,-2,-3,-12,-7,-6,-12,2,-6,-19,-1,-14,-3,-7,-6,-8,-4,-3
139,1,-8,1,-4,-9,4,2,0,6,3,1,8,-5,-7,-1,7,-1,-7,-2,-4,-5,14,-2,-11,1,-5,2,-2,7,-4,3,-1
140,10,-4,1,-1,-1,12,11,2,6,3,1,15,-4,-7,4,16,3,5,1,-1,3,23,3,-3,2,5,4,-1,15,0,12,1
141,17,-1,7,1,12,21,20,3,5,5,6,25,-4,-3,7,25,6,14,3,2,10,28,3,4,4,13,5,3,25,1,22,2
142,24,1,10,3,19,30,29,7,6,6,8,31,0,3,7,32,7,19,3,6,20,36,7,14,9,21,9,6,32,5,33,3
143,32,4,13,5,26,35,34,9,5,10,9,38,5,8,6,36,9,28,6,7,28,40,10,23,11,28,12,9,36,6,35,3
144,40,9,13,8,33,40,39,11,4,10,14,41,5,10,9,43,10,35,6,12,32,43,9,32,13,36,13,13,42,9,40,5
145,43,9,16,9,37,41,41,11,3,12,16,44,9,11,9,42,12,39,9,14,38,44,10,33,15,38,11,13,44,8,44,9
146,46,10,16,11,41,42,45,14,4,11,14,44,12,11,12,42,12,41,11,14,40,44,11,38,17,40,11,13,46,9,43,10
147,45,11,17,10,42,40,43,14,6,11,15,41,11,13,11,41,10,42,11,18,44,41,16,41,14,42,14,14,43,10,44,11
148,44,10,16,13,43,39,40,15,6,15,16,37,10,15,14,37,14,42,13,19,42,35,13,42,15,42,13,13,38,12,40,11
149,41,12,16,15,40,34,37,17,8,15,17,31,13,12,16,30,13,40,14,17,41,30,15,42,15,39,14,17,32,14,32,12
150,34,11,13,13,38,27,32,18,5,14,16,25,14,15,14,24,14,36,17,19,37,20,16,37,16,32,15,16,27,16,27,11
151,29,12,11,14,31,18,24,17,9,16,14,16,14,13,15,18,16,28,17,20,29,13,15,31,15,27,15,15,18,17,19,14
152,22,10,15,16,23,10,13,16,10,14,17,9,16,12,16,9,16,20,16,18,21,4,14,25,14,20,18,18,9,18,10,14
153,12,11,13,17,14,3,7,16,11,15,20,1,17,10,17,1,15,13,17,19,16,-3,13,21,15,12,14,17,3,17,4,15
154,4,11,11,15,7,-4,-1,19,12,17,18,-6,17,6,17,-7,16,6,18,19,6,-8,16,11,12,6,18,17,-4,17,-3,15
155,-5,8,10,18,0,-11,-9,18,14,16,17,-13,19,7,18,-14,16,0,18,19,-2,-14,16,1,12,-3,17,18,-10,19,-11,17
156,-9,8,10,17,-7,-15,-15,17,16,14,14,-16,18,7,18,-16,15,-8,17,19,-6,-14,15,-3,11,-9,13,17,-15,18,-15,20
157,-13,6,7,15,-10,-20,-19,18,15,13,16,-18,17,4,15,-19,16,-15,17,12,-13,-16,14,-9,9,-12,15,15,-20,16,-17,18
158,-14,2,6,13,-12,-21,-19,16,15,14,14,-20,16,4,15,-17,15,-18,17,11,-17,-14,15,-13,13,-15,14,15,-19,16,-18,15
159,-18,3,6,14,-14,-18,-19,15,12,13,13,-17,14,4,14,-17,16,-19,17,12,-18,-15,16,-16,9,-17,12,13,-17,13,-17,16
160,-16,3,6,12,-14,-18,-18,13,9,12,12,-16,14,4,15,-16,16,-18,14,7,-20,-9,14,-16,9,-17,9,9,-17,14,-14,17
161,-15,5,5,12,-15,-15,-16,11,6,8,9,-12,14,4,13,-10,13,-15,14,6,-19,-4,13,-15,7,-14,5,6,-16,15,-12,13
162,-11,8,6,6,-9,-8,-9,6,4,8,6,-8,12,3,10,-6,9,-11,12,6,-15,-3,8,-13,2,-10,4,4,-13,11,-7,10
163,-9,9,4,6,-4,-1,-5,5,2,7,3,-3,11,6,6,-3,6,-7,10,4,-13,2,7,-10,3,-6,2,4,-5,9,-1,8
164,-4,8,6,4,-2,3,1,2,-2,1,2,3,7,8,5,3,5,-3,6,3,-5,8,4,-6,2,-3,1,2,3,8,2,8
165,2,10,7,0,2,9,4,0,-4,0,-1,5,4,9,2,10,3,4,5,0,0,12,-1,-3,-1,3,-1,-1,7,3,6,3
166,11,9,3,-4,10,15,10,-2,-9,-2,-7,10,2,11,-1,13,-1,8,1,-1,7,12,0,-1,-4,7,-5,-5,10,1,12,1
167,14,10,4,-7,12,20,11,-7,-10,-7,-10,15,-1,13,-1,13,-6,11,-1,-5,10,12,-3,5,-6,12,-8,-7,12,-3,14,-4
168,16,11,2,-5,14,18,12,-10,-12,-9,-13,14,-6,11,-4,12,-6,13,-5,-8,13,12,-6,8,-7,12,-8,-10,12,-7,15,-5
169,14,10,3,-10,13,16,14,-11,-14,-13,-16,14,-9,10,-9,14,-10,15,-9,-9,15,9,-7,10,-12,12,-12,-13,14,-11,15,-8
170,13,11,0,-12,11,13,10,-14,-11,-15,-16,13,-7,7,-11,8,-9,12,-9,-12,15,5,-12,12,-14,11,-13,-15,11,-12,9,-9
171,8,9,-1,-12,8,10,9,-15,-13,-15,-19,9,-11,9,-12,4,-14,9,-10,-13,14,-1,-15,10,-18,10,-17,-14,9,-15,5,-11
172,6,9,-2,-15,6,4,6,-17,-17,-16,-19,1,-15,5,-16,-2,-15,5,-15,-15,13,-6,-16,8,-18,10,-17,-16,4,-18,0,-13
173,4,5,-4,-16,3,-2,-2,-20,-16,-19,-22,-6,-17,5,-19,-7,-16,-1,-15,-18,8,-10,-18,5,-20,4,-17,-16,-5,-19,-4,-16
174,-4,3,-7,-15,-2,-10,-8,-19,-13,-17,-20,-10,-19,3,-19,-15,-16,-6,-17,-18,3,-17,-19,1,-21,-3,-16,-18,-9,-18,-15,-19
175,-10,0,-8,-16,-9,-16,-16,-23,-10,-19,-21,-17,-19,0,-19,-22,-20,-12,-18,-19,-4,-22,-20,-5,-21,-8,-16,-19,-14,-19,-20,-20
176,-19,-5,-11,-16,-15,-21,-22,-20,-9,-18,-21,-22,-19,-4,-19,-27,-17,-19,-19,-18,-10,-28,-21,-11,-22,-15,-19,-19,-22,-21,-24,-20
177,-26,-9,-15,-18,-22,-29,-28,-20,-6,-18,-18,-24,-20,-10,-18,-31,-17,-24,-20,-18,-18,-30,-21,-17,-19,-22,-19,-19,-28,-19,-30,-20
178,-29,-14,-16,-16,-29,-34,-30,-19,-5,-19,-16,-28,-19,-14,-18,-36,-17,-30,-18,-18,-19,-34,-18,-24,-18,-27,-17,-19,-30,-19,-33,-18
179,-33,-16,-18,-17,-34,-36,-35,-17,-3,-16,-15,-33,-18,-16,-19,-36,-19,-34,-17,-16,-28,-35,-17,-27,-17,-33,-16,-19,-33,-17,-37,-20
180,-34,-20,-19,-16,-36,-38,-34,-14,-1,-14,-12,-34,-16,-17,-16,-36,-16,-35,-15,-14,-32,-31,-14,-31,-15,-34,-13,-16,-34,-15,-35,-20
181,-36,-22,-21,-15,-36,-37,-33,-13,1,-11,-10,-32,-15,-20,-14,-31,-14,-35,-15,-14,-35,-28,-13,-34,-11,-36,-12,-12,-32,-13,-31,-17
182,-33,-26,-20,-13,-36,-32,-31,-11,3,-10,-7,-29,-12,-19,-13,-29,-12,-34,-14,-8,-37,-23,-12,-35,-6,-33,-9,-11,-31,-11,-29,-13
183,-29,-25,-18,-10,-33,-29,-28,-6,3,-8,-3,-25,-12,-21,-12,-22,-12,-32,-12,-8,-35,-19,-7,-35,-6,-29,-7,-8,-22,-9,-26,-11
184,-25,-21,-18,-6,-27,-25,-23,-6,2,-6,-1,-20,-9,-17,-9,-16,-7,-25,-11,-4,-32,-11,-5,-31,-3,-27,-5,-3,-18,-5,-19,-11
185,-19,-20,-16,-5,-23,-16,-15,-4,2,-5,2,-12,-7,-17,-3,-7,-6,-20,-7,-2,-27,-2,-3,-26,1,-20,-1,-1,-10,-3,-12,-6
186,-9,-18,-14,-2,-14,-6,-9,0,4,-1,1,-5,-4,-16,-3,-1,-1,-13,-4,-1,-20,4,-1,-19,2,-14,-1,1,-3,-3,-5,-4
187,-1,-15,-11,2,-4,1,2,3,3,-1,0,1,-2,-14,-1,7,2,-6,2,2,-12,10,2,-12,4,-5,0,3,7,0,0,-2
188,7,-10,-8,4,5,13,12,5,-2,2,4,12,0,-11,1,13,1,3,1,5,-3,18,5,-5,7,3,4,4,13,3,10,3
189,13,-9,-5,5,11,20,16,5,-3,6,7,17,2,-6,5,22,4,9,3,4,6,23,4,5,8,13,6,6,18,6,18,5
190,20,-6,-2,8,22,26,24,8,1,7,9,24,3,-4,6,29,8,18,5,5,14,28,5,11,12,21,7,9,22,8,23,5
191,23,-2,4,11,26,29,29,8,2,8,12,29,6,-1,9,31,7,27,5,6,18,30,7,17,10,25,9,12,25,10,24,7
192,28,0,8,10,29,31,32,8,3,8,10,33,9,1,9,34,9,31,8,8,25,33,8,26,12,29,10,13,28,10,28,8
193,31,1,8,11,31,34,33,11,5,10,13,31,10,2,12,33,10,33,9,8,29,31,10,32,10,33,10,13,28,10,31,10
194,33,6,12,11,32,35,32,11,6,13,12,28,10,4,11,30,10,31,11,10,31,28,10,34,11,32,10,12,27,12,29,10
195,31,7,17,15,32,31,30,12,8,13,11,27,12,6,14,26,11,29,12,9,31,23,11,34,12,29,10,13,22,11,27,11
196,26,8,18,14,28,28,26,14,11,14,10,24,12,9,13,22,12,28,11,11,29,21,11,33,14,27,10,14,21,12,23,15
197,23,10,16,11,23,22,22,13,14,14,9,19,12,9,13,18,12,25,13,8,26,16,11,30,15,25,11,12,18,13,18,13
198,16,10,18,11,18,16,17,11,19,12,9,16,11,9,12,11,11,21,13,9,21,8,10,25,11,20,12,11,12,13,11,12
199,9,10,18,12,14,10,12,9,20,10,10,9,11,9,12,5,9,13,10,8,18,7,9,20,11,15,12,11,5,13,5,11
200,6,9,17,10,7,7,5,10,22,12,7,4,9,7,10,-1,9,10,10,8,12,1,9,12,11,7,11,9,1,11,3,9
201,-3,9,16,9,0,1,0,10,23,10,8,1,10,6,11,-5,10,4,13,8,6,-3,9,5,9,3,11,8,-4,10,0,6
202,-5,9,17,9,-5,-4,-3,8,23,8,8,-1,7,4,9,-8,10,-2,10,7,1,-5,7,1,7,-4,11,7,-8,11,-5,8
203,-8,7,18,10,-7,-5,-7,6,23,9,6,-6,8,5,9,-9,11,-6,10,8,0,-4,7,-1,7,-8,10,6,-10,12,-7,9
204,-10,5,18,8,-11,-7,-7,7,21,7,5,-7,7,5,5,-8,8,-7,9,8,-6,-7,7,-8,10,-10,10,4,-8,11,-7,5
205,-9,2,18,7,-11,-9,-8,9,20,9,6,-6,6,4,6,-8,8,-8,10,8,-8,-6,10,-9,9,-10,9,5,-8,10,-8,6
206,-7,5,17,7,-10,-6,-4,5,16,8,6,-5,5,5,7,-6,8,-8,9,5,-7,-3,9,-9,10,-9,6,7,-4,9,-7,7
207,-3,7,16,7,-8,-1,-4,7,10,8,6,-2,6,8,6,-3,6,-9,8,6,-4,0,8,-11,9,-6,7,7,-1,6,-3,9
208,0,4,15,7,-5,1,2,8,4,6,7,2,6,7,5,3,7,-7,10,8,-6,2,7,-8,9,-4,7,6,3,5,2,8
209,1,5,13,4,-1,6,6,7,-2,6,6,7,5,6,5,9,7,-3,7,7,-1,6,6,-5,8,1,3,5,7,3,5,6
210,6,5,12,5,3,9,10,5,-8,5,6,10,5,8,6,10,7,4,6,6,3,10,4,2,9,6,2,7,12,4,13,6
211,10,9,10,4,12,13,14,5,-13,5,6,14,6,11,5,16,7,7,6,5,8,14,4,6,7,12,6,8,16,3,15,5
212,14,9,7,2,14,16,18,5,-19,6,10,18,6,11,5,19,7,12,6,6,12,18,6,10,6,18,3,9,20,3,17,5
213,16,9,7,6,19,18,20,9,-23,5,7,19,7,14,3,22,4,19,7,8,15,20,5,14,7,20,3,8,18,5,21,5
214,16,8,3,6,21,19,22,6,-24,3,6,21,4,17,4,19,6,21,6,5,21,21,4,18,7,22,3,7,20,3,20,6
215,21,11,0,3,24,18,22,4,-25,4,7,18,5,15,4,19,5,20,4,8,21,17,3,22,5,23,2,7,18,2,19,5
216,18,9,0,3,25,15,18,2,-25,3,5,17,7,13,4,16,5,20,1,6,20,11,3,23,2,21,2,6,14,3,18,4
217,15,9,-4,3,24,13,13,2,-25,-1,4,13,6,12,2,11,4,19,1,4,17,9,2,21,1,19,-2,5,10,1,14,4
218,11,9,-8,-1,18,7,7,1,-24,1,1,9,4,11,0,2,4,17,0,1,16,2,0,20,0,16,-2,2,7,0,7,3
219,4,6,-9,-1,13,2,4,-2,-20,-3,-4,0,2,10,-2,-3,-1,14,-1,1,11,-6,-2,15,-4,11,-5,1,-1,1,3,3
220,-1,5,-13,-3,6,-6,-3,-6,-16,-8,-6,-8,1,5,-5,-11,-3,3,-2,-2,6,-12,-5,10,-7,2,-7,-2,-9,-2,-5,-2
221,-10,2,-15,-5,-2,-12,-12,-7,-12,-8,-9,-15,-1,2,-5,-20,-4,-4,-5,-2,-1,-20,-8,2,-8,-4,-11,-6,-14,-5,-10,-3
222,-14,-2,-16,-8,-9,-19,-20,-7,-4,-9,-11,-21,-1,1,-10,-24,-7,-11,-6,-6,-9,-25,-9,-6,-12,-12,-11,-8,-21,-6,-18,-7
223,-21,-5,-16,-12,-16,-26,-23,-8,-1,-11,-13,-29,-6,-2,-10,-29,-10,-18,-11,-11,-17,-29,-10,-13,-11,-20,-15,-11,-26,-9,-26,-9
224,-25,-7,-17,-13,-25,-30,-32,-13,5,-13,-13,-31,-8,-8,-12,-34,-12,-23,-13,-14,-26,-35,-13,-20,-13,-26,-17,-13,-31,-11,-32,-8
225,-32,-8,-18,-14,-30,-34,-34,-15,9,-16,-16,-38,-11,-9,-15,-38,-11,-30,-15,-15,-30,-35,-14,-27,-15,-31,-18,-15,-36,-14,-35,-9
226,-33,-10,-21,-15,-34,-36,-37,-18,11,-16,-18,-39,-14,-13,-18,-39,-15,-33,-14,-19,-34,-40,-17,-33,-17,-38,-20,-15,-39,-16,-39,-13
227,-36,-11,-18,-17,-38,-38,-39,-15,14,-17,-19,-40,-17,-13,-18,-39,-17,-38,-16,-20,-37,-38,-17,-34,-15,-39,-19,-16,-39,-16,-39,-15
228,-37,-13,-17,-18,-38,-35,-37,-14,11,-18,-19,-38,-17,-15,-16,-37,-18,-37,-19,-21,-39,-38,-18,-36,-15,-37,-18,-18,-38,-19,-39,-16
229,-36,-13,-16,-19,-40,-35,-38,-16,10,-17,-19,-38,-17,-15,-17,-32,-15,-39,-18,-19,-38,-33,-18,-39,-17,-36,-16,-19,-32,-20,-34,-17
230,-32,-12,-17,-17,-37,-29,-32,-13,9,-15,-18,-31,-19,-14,-13,-27,-16,-37,-15,-18,-34,-27,-17,-38,-15,-34,-13,-16,-29,-19,-31,-15
231,-29,-13,-14,-14,-31,-25,-26,-12,6,-12,-15,-26,-16,-17,-14,-23,-15,-34,-14,-18,-31,-20,-16,-32,-10,-32,-12,-15,-23,-18,-26,-15
232,-21,-13,-10,-13,-26,-18,-20,-11,0,-10,-12,-18,-16,-16,-15,-15,-13,-27,-15,-14,-28,-9,-15,-29,-10,-24,-8,-16,-17,-16,-19,-16
233,-13,-10,-9,-13,-20,-11,-14,-9,-2,-8,-11,-10,-14,-13,-11,-4,-10,-19,-11,-14,-21,-1,-10,-22,-7,-17,-2,-12,-9,-15,-10,-16
234,-9,-9,-8,-8,-13,-3,-5,-6,-7,-4,-8,-2,-14,-12,-7,3,-7,-13,-10,-13,-13,7,-8,-17,-3,-9,-1,-7,1,-11,-2,-14
235,1,-9,-3,-6,-4,3,2,-5,-15,0,-2,8,-9,-11,-4,8,-3,-2,-6,-8,-4,11,-4,-9,0,-2,-1,-3,8,-7,5,-9
236,9,-8,-2,-2,4,12,8,-1,-17,3,-1,14,-6,-9,0,15,-2,5,-2,-5,5,18,1,-2,4,3,3,-1,13,-5,13,-5
237,15,-4,-2,0,11,17,13,2,-17,5,1,20,-3,-6,3,20,2,11,2,0,12,23,2,7,7,13,5,1,20,0,18,-2
238,21,-1,2,5,18,22,20,5,-19,9,8,23,0,-2,7,21,5,17,2,1,18,26,5,11,11,17,7,6,25,1,22,2
239,26,1,3,6,21,24,24,11,-17,11,9,29,0,1,7,26,9,20,4,6,23,29,8,18,10,21,11,7,27,5,27,5
240,28,2,4,9,24,27,25,11,-14,10,11,30,7,2,10,28,11,24,8,11,24,28,11,22,12,25,14,10,28,8,28,9
241,27,3,7,11,25,27,25,10,-9,10,12,28,9,3,13,26,12,26,10,12,27,26,10,27,12,28,13,8,27,10,27,11
242,29,3,10,13,25,24,26,11,-7,11,12,26,11,4,10,22,10,25,8,12,25,24,12,26,10,26,15,10,26,12,25,11
243,29,3,9,11,25,21,25,10,-2,12,12,23,12,3,12,21,11,24,8,13,25,19,11,27,13,25,12,8,23,14,24,10
244,23,-1,10,12,21,16,20,12,5,11,13,18,10,3,10,16,13,21,11,15,23,13,11,25,10,21,11,9,18,13,20,12
245,18,-1,10,10,19,15,15,11,9,12,14,14,11,1,12,10,11,16,12,15,19,9,14,23,8,17,10,10,11,14,17,13
246,12,0,10,9,13,9,9,8,17,9,12,8,13,0,10,5,9,15,10,15,16,1,11,18,6,15,8,9,7,14,10,12
247,9,-2,11,10,10,4,6,8,24,8,11,3,12,-1,10,0,10,10,10,14,10,0,10,13,6,7,11,9,1,13,4,12
248,4,-1,10,9,6,-3,0,5,32,8,11,-1,9,0,10,-1,11,3,9,15,4,-3,11,8,5,3,7,8,-4,12,0,8
249,-3,0,11,8,3,-2,-4,6,35,6,9,-4,6,0,9,-4,9,0,8,11,-1,-7,7,3,4,0,6,6,-7,11,-1,8
250,-2,0,8,7,-1,-8,-4,5,38,4,7,-8,8,3,7,-6,8,-2,6,8,-2,-5,5,0,4,-5,3,8,-6,10,-4,8
251,-3,3,6,7,-3,-7,-6,4,41,3,5,-6,5,5,6,-6,6,-5,6,7,-7,-5,6,-3,3,-5,4,7,-7,9,-7,6
252,-6,3,6,6,-3,-4,-5,4,39,4,6,-4,6,6,7,-2,7,-4,5,6,-7,-3,5,-5,4,-3,3,6,-5,8,-5,6
253,-5,6,8,5,-4,-6,-3,2,37,2,5,-3,3,9,4,-3,5,-2,2,3,-6,1,4,-5,3,-6,2,4,-4,6,-5,6
254,-1,8,8,4,-3,-3,1,5,32,3,2,0,4,12,4,1,5,-2,4,2,-5,4,4,-5,1,-3,4,5,0,5,1,5
255,1,13,5,3,2,3,3,4,27,5,4,3,2,15,6,4,4,1,2,3,-3,7,5,-4,2,0,3,6,3,5,4,4
256,5,17,7,4,4,8,6,5,18,7,7,8,4,17,7,10,7,4,5,2,2,15,4,1,6,3,4,6,8,5,7,4
257,10,20,8,4,9,14,11,6,11,5,7,12,5,22,8,12,5,8,4,2,6,19,4,3,10,7,6,4,11,5,9,5
258,14,23,7,5,13,18,15,9,2,7,7,14,4,23,8,17,8,12,7,3,11,26,7,9,9,13,9,7,15,6,16,7
259,18,25,6,5,17,21,19,10,-4,10,9,20,8,25,6,22,10,17,6,5,12,23,9,12,10,16,10,8,19,7,21,7
260,22,26,9,6,17,23,22,10,-15,10,9,25,9,26,9,25,11,19,7,7,17,22,9,17,14,21,11,7,20,10,23,10
261,25,26,8,9,21,23,24,12,-22,11,10,25,7,24,9,24,10,20,9,8,19,24,11,19,10,24,10,8,24,10,28,11
262,23,26,9,10,21,22,23,12,-23,12,10,24,9,22,8,22,11,23,13,9,22,22,11,21,11,22,11,12,24,12,25,10
263,22,25,9,11,23,22,20,11,-30,12,8,22,10,21,11,20,12,23,13,9,22,17,13,23,10,25,11,11,22,11,24,12
264,20,23,8,7,19,18,18,13,-33,12,9,17,10,19,12,17,12,22,11,8,25,11,12,25,9,21,12,10,19,12,20,9
265,14,18,6,6,19,14,14,13,-31,7,8,12,12,15,12,12,12,20,13,9,23,7,11,22,8,20,9,7,13,10,14,11
266,10,10,4,7,12,8,10,9,-31,7,6,5,10,9,11,5,10,15,10,11,22,-1,10,18,6,16,8,5,6,8,10,11
267,4,4,4,9,7,2,3,3,-27,5,4,0,10,2,11,-3,7,8,8,6,15,-8,6,13,3,8,6,5,1,8,3,10
268,-1,-2,0,4,2,-4,-6,0,-26,2,1,-5,7,-3,5,-8,5,4,6,3,9,-16,5,5,0,0,2,2,-6,6,-6,7
269,-7,-6,-2,0,-4,-13,-10,-1,-21,-3,-1,-13,4,-10,0,-16,1,-3,2,1,3,-22,2,1,-2,-5,-2,0,-12,2,-16,6
270,-16,-11,-2,0,-9,-20,-16,-7,-13,-6,-7,-18,4,-15,-2,-20,0,-12,-1,-3,-5,-26,-3,-5,-8,-10,-6,-4,-18,-3,-20,0
271,-21,-18,-6,-8,-18,-24,-23,-10,-5,-12,-10,-27,-2,-20,-7,-26,-5,-18,-3,-6,-14,-30,-8,-15,-10,-19,-10,-7,-25,-6,-25,-3
272,-27,-25,-10,-11,-22,-29,-27,-15,-3,-14,-15,-29,-8,-25,-10,-29,-9,-25,-6,-9,-22,-34,-13,-21,-14,-24,-15,-11,-28,-10,-29,-8
273,-33,-26,-11,-12,-27,-30,-31,-16,0,-15,-16,-31,-11,-25,-13,-32,-13,-29,-12,-11,-26,-34,-15,-26,-19,-28,-17,-13,-33,-15,-33,-12
274,-32,-26,-12,-16,-30,-32,-33,-18,1,-19,-19,-33,-16,-25,-18,-36,-15,-33,-14,-16,-31,-32,-16,-31,-20,-34,-17,-17,-32,-15,-35,-17
275,-32,-27,-15,-20,-33,-33,-34,-20,2,-21,-20,-31,-18,-25,-21,-34,-19,-35,-16,-17,-32,-33,-18,-33,-22,-36,-18,-18,-29,-18,-34,-19
276,-32,-27,-18,-20,-33,-32,-34,-20,2,-22,-19,-31,-19,-24,-20,-31,-20,-34,-20,-19,-33,-27,-17,-35,-23,-33,-21,-20,-27,-22,-31,-19
277,-30,-24,-20,-21,-30,-29,-30,-21,3,-21,-22,-26,-20,-19,-21,-26,-21,-30,-20,-20,-35,-22,-19,-34,-21,-32,-20,-20,-24,-23,-27,-22
278,-28,-21,-22,-22,-26,-23,-25,-20,1,-21,-17,-19,-21,-15,-20,-22,-20,-28,-21,-20,-33,-16,-20,-32,-20,-31,-21,-20,-18,-22,-26,-23
279,-19,-17,-19,-19,-23,-18,-19,-17,0,-20,-14,-13,-21,-11,-21,-16,-20,-24,-18,-20,-28,-8,-19,-28,-21,-25,-18,-17,-14,-22,-18,-20
280,-14,-10,-18,-18,-17,-11,-12,-14,-2,-18,-13,-8,-20,-7,-20,-11,-18,-19,-17,-18,-24,-4,-16,-23,-15,-18,-15,-14,-7,-20,-12,-21
281,-10,-7,-16,-16,-10,-6,-7,-14,-4,-12,-12,-3,-17,1,-15,-6,-18,-13,-18,-17,-18,2,-18,-17,-12,-12,-16,-12,-4,-18,-6,-17
282,-4,-2,-14,-14,-5,0,-3,-11,-6,-11,-7,4,-15,5,-15,2,-15,-6,-12,-14,-12,6,-15,-9,-8,-6,-10,-10,2,-15,-1,-15
283,2,3,-14,-12,-1,6,6,-6,-9,-7,-6,8,-12,8,-14,8,-11,0,-10,-9,-3,11,-13,-2,-5,1,-6,-8,6,-13,4,-15
284,7,7,-9,-7,5,11,11,-7,-12,-2,-3,11,-10,11,-9,12,-6,5,-7,-7,0,17,-9,5,-5,5,-6,-4,8,-11,11,-13
285,11,9,-4,-4,8,15,13,-2,-11,-1,-1,12,-8,13,-4,13,-5,12,-5,-4,6,18,-5,11,-2,12,-3,-2,9,-7,15,-8
286,14,11,-4,0,10,17,16,1,-14,2,3,16,-3,15,-2,12,-1,16,-1,2,12,19,-3,14,4,16,1,1,13,-3,15,-2
287,16,13,-1,1,13,19,15,6,-11,5,5,15,1,13,1,15,2,16,1,3,14,14,1,17,6,20,4,4,11,1,14,-1
288,14,11,4,5,15,17,16,7,-6,7,7,14,3,10,1,18,5,17,4,5,12,15,4,19,7,19,5,8,12,5,15,3
289,13,10,6,7,14,17,15,8,-3,8,6,11,7,9,6,15,6,16,4,5,12,12,4,19,12,19,6,6,10,6,14,5
290,13,6,8,9,9,13,12,9,2,8,10,9,5,4,9,12,8,17,8,8,15,8,6,14,10,17,8,9,8,8,9,6
291,13,3,10,10,7,10,11,9,7,12,9,6,7,0,10,7,10,14,8,8,13,6,8,14,11,15,11,9,4,12,7,8
292,8,0,14,9,5,6,5,10,12,11,7,5,9,-7,9,3,10,8,11,8,11,2,11,12,10,11,10,10,0,13,4,11
293,6,-7,15,11,3,-1,1,10,18,9,6,0,10,-9,10,-4,10,4,11,9,7,-1,9,7,11,8,9,10,0,13,-1,10
294,3,-9,16,10,-1,-2,-3,9,25,8,8,-2,10,-14,7,-6,10,1,10,8,4,-3,10,3,10,2,8,10,-4,10,-6,11
295,1,-12,14,9,-3,-4,-5,9,29,7,6,-5,8,-15,9,-6,10,-5,11,8,0,-5,11,-3,9,-1,11,7,-7,11,-9,9
296,-5,-17,12,10,-5,-6,-7,8,32,7,6,-5,9,-18,8,-10,9,-6,9,7,-4,-5,7,-5,11,-4,8,6,-7,9,-7,9
297,-8,-16,12,9,-8,-7,-10,7,34,7,5,-8,9,-15,7,-7,7,-9,9,7,-4,-8,6,-7,7,-7,6,5,-6,7,-9,5
298,-9,-15,10,6,-8,-7,-7,5,35,6,4,-7,9,-16,2,-7,7,-10,9,6,-5,-5,7,-7,7,-8,8,4,-7,4,-8,5
299,-9,-14,10,8,-8,-8,-7,4,31,8,5,1,7,-15,4,-6,5,-6,6,4,-5,-1,5,-10,6,-9,5,3,-6,5,-5,6
300,-5,-11,8,7,-8,-3,-2,5,29,7,5,1,4,-10,7,-2,5,-7,6,4,-2,3,6,-5,7,-2,5,5,-2,4,0,6
301,-2,-7,8,7,-4,1,3,5,24,8,2,8,5,-6,8,6,7,-3,5,5,2,8,5,-2,8,-2,5,6,2,1,3,6
302,3,-2,8,7,4,7,8,6,20,5,4,11,6,-1,7,7,6,2,5,6,3,11,5,1,6,4,5,8,6,1,9,7
303,8,4,9,7,8,13,13,5,13,7,7,15,5,6,7,14,6,8,6,6,8,17,6,4,5,7,8,7,13,4,13,8
304,12,12,5,9,14,17,20,9,7,7,9,22,6,15,7,20,9,12,5,5,12,21,3,7,8,12,8,8,17,3,18,7
305,15,20,5,9,19,22,24,10,-1,9,12,26,6,23,8,25,11,17,6,9,15,24,6,13,8,19,10,7,23,5,23,7
306,20,25,4,7,25,26,29,10,-8,9,14,30,9,28,11,29,9,20,6,11,21,27,9,19,10,22,13,6,28,8,28,8
307,26,30,4,9,30,30,31,12,-11,10,13,31,9,32,11,31,9,28,9,11,27,32,11,24,11,25,11,9,29,11,33,8
308,26,33,5,11,31,32,34,13,-15,14,15,30,10,36,11,33,11,29,8,14,30,28,12,28,11,30,14,11,29,12,31,11
309,30,36,7,11,34,32,33,13,-18,14,14,31,10,37,11,32,12,30,9,15,35,30,12,31,11,31,14,11,32,12,30,12
310,31,36,8,14,35,28,31,13,-22,13,13,29,12,41,11,30,10,30,8,16,33,28,10,32,12,30,11,10,29,15,29,11
311,31,32,7,13,32,23,28,14,-18,15,13,25,12,37,12,26,12,29,11,15,31,22,12,28,11,28,10,11,25,15,28,13
312,26,30,9,12,30,20,21,11,-16,10,12,22,12,34,12,22,12,26,10,15,28,12,13,26,12,25,9,13,21,12,23,13
313,21,26,12,11,27,12,16,12,-13,6,9,15,11,29,9,13,10,20,9,14,24,7,10,25,7,19,8,11,15,12,18,12
314,15,19,12,8,21,6,10,7,-10,4,8,6,10,21,7,6,6,16,7,12,17,0,9,20,7,13,5,8,9,12,9,11
315,10,12,13,4,12,0,1,5,-3,4,4,-1,6,14,5,-1,5,8,6,8,10,-6,5,13,3,10,1,5,-1,8,1,6
316,0,5,8,3,5,-5,-7,3,1,-1,-1,-9,5,6,0,-9,0,1,3,7,3,-16,3,5,-2,0,-3,2,-8,2,-9,3
317,-9,-1,8,0,-4,-14,-15,1,3,-5,-3,-16,3,-1,-1,-18,-3,-7,3,1,-5,-22,-1,-1,-7,-7,-4,0,-15,1,-16,1
318,-15,-9,7,-2,-11,-20,-21,-5,7,-11,-8,-20,2,-9,-4,-25,-7,-16,-5,-1,-12,-27,-6,-8,-8,-14,-11,-4,-23,-1,-20,-2
319,-19,-15,1,-7,-21,-28,-26,-8,10,-12,-11,-30,-4,-16,-5,-30,-7,-22,-8,-5,-20,-31,-7,-15,-12,-22,-11,-6,-28,-6,-27,-8
320,-27,-23,0,-10,-25,-31,-31,-11,10,-13,-10,-34,-7,-24,-10,-32,-11,-27,-10,-11,-26,-34,-10,-23,-15,-27,-15,-10,-31,-10,-32,-10
321,-30,-27,-2,-11,-32,-32,-32,-12,8,-16,-10,-35,-8,-28,-12,-33,-12,-32,-11,-10,-31,-35,-13,-28,-14,-32,-18,-13,-35,-11,-35,-13
322,-32,-27,-7,-13,-34,-34,-35,-15,7,-15,-15,-36,-11,-30,-16,-32,-16,-34,-13,-13,-33,-34,-15,-32,-13,-34,-17,-17,-36,-13,-37,-16
323,-37,-30,-11,-17,-36,-34,-35,-15,2,-16,-17,-35,-13,-32,-15,-33,-17,-36,-15,-13,-37,-31,-15,-35,-13,-36,-18,-16,-36,-14,-37,-16
324,-34,-30,-14,-14,-36,-30,-32,-15,-4,-15,-18,-31,-13,-33,-16,-30,-17,-35,-16,-18,-35,-26,-16,-34,-17,-36,-18,-15,-32,-14,-31,-15
325,-33,-28,-13,-16,-34,-26,-29,-15,-7,-14,-17,-26,-17,-30,-14,-25,-17,-32,-15,-16,-33,-22,-17,-34,-14,-32,-16,-15,-26,-15,-28,-16
326,-26,-24,-16,-16,-29,-21,-24,-15,-14,-14,-13,-22,-16,-27,-15,-20,-13,-28,-12,-16,-28,-19,-16,-30,-14,-28,-13,-13,-22,-16,-24,-17
327,-19,-18,-20,-15,-23,-14,-19,-13,-21,-12,-15,-17,-15,-23,-15,-12,-13,-21,-14,-16,-24,-13,-12,-26,-13,-22,-13,-13,-17,-14,-19,-17
328,-14,-12,-18,-13,-19,-8,-11,-10,-24,-8,-14,-10,-16,-17,-12,-7,-12,-17,-12,-15,-19,-5,-10,-21,-7,-16,-10,-13,-10,-13,-13,-16
329,-8,-10,-17,-9,-15,-4,-7,-6,-30,-8,-10,-2,-13,-11,-10,-2,-12,-9,-10,-13,-12,1,-8,-16,-4,-10,-8,-10,-5,-12,-7,-12
330,-2,-3,-20,-7,-7,2,0,-4,-31,-5,-9,3,-10,-5,-10,5,-9,-4,-10,-10,-6,6,-7,-12,-5,-3,-7,-8,1,-9,0,-9
331,5,1,-19,-8,-1,8,6,-3,-35,-5,-5,5,-10,-2,-5,9,-6,4,-8,-8,0,7,-4,-5,-1,2,-4,-9,7,-9,4,-8
332,9,2,-13,-3,3,12,10,-1,-32,-2,-5,10,-5,0,-3,10,-3,7,-3,-7,6,12,-1,0,0,6,-1,-7,12,-5,8,-5
333,13,4,-11,-2,10,12,10,1,-28,-2,-5,13,-6,3,-3,13,-1,8,-2,-2,13,13,0,6,0,9,1,-6,14,-4,11,-5
334,12,7,-9,-1,14,13,14,-1,-25,1,-3,15,-6,6,1,13,-1,12,-2,-2,12,11,-1,11,-1,12,1,-3,13,-1,11,-5
335,13,7,-5,1,14,13,11,-2,-20,2,-2,16,-3,4,0,14,0,13,0,-2,13,11,0,11,0,13,0,-3,16,1,11,-2
336,11,4,-5,-2,16,11,10,-1,-11,0,-3,15,-2,4,0,9,1,11,0,1,13,9,-1,12,-1,13,2,-2,14,-1,11,1
337,12,4,-2,0,17,11,8,-3,-5,-2,-2,11,-1,1,-1,7,1,10,0,0,13,5,-2,13,-2,10,0,-1,9,-4,9,1
338,9,1,3,0,11,7,6,-2,6,-1,0,8,0,-1,0,3,1,8,0,0,11,2,-3,11,-1,7,-1,-1,6,-2,6,-2
339,6,-3,6,0,9,4,3,-2,15,0,-3,7,1,-3,0,-1,0,5,0,1,8,4,-3,10,-4,4,-2,-1,2,0,5,-2
340,2,-7,5,-3,7,3,2,-4,22,-1,-1,5,-3,-7,0,-4,1,3,-1,3,7,-1,-4,4,-4,2,0,-1,-1,-4,1,0
341,-1,-10,7,-3,2,-1,0,-3,30,0,-1,-2,-2,-10,-1,-5,-2,-1,-1,1,4,-4,-3,3,-3,-2,0,0,-2,-2,-2,-2
342,-6,-10,8,-2,-1,-5,-6,-4,36,-2,3,-5,-2,-9,2,-7,-2,-3,-2,2,-1,-5,-4,1,-3,-2,-1,-1,-5,-1,-3,-4
343,-6,-14,7,2,-5,-7,-7,-2,41,-2,2,-6,-2,-12,1,-8,0,-6,0,2,-5,-6,-5,0,-2,-5,2,1,-6,-2,-5,-3
344,-8,-13,9,3,-6,-8,-5,0,42,-1,4,-5,0,-12,-2,-7,-2,-5,0,2,-6,-4,-2,-5,0,-5,2,0,-6,-1,-4,-1
345,-8,-12,7,1,-6,-7,-7,3,43,3,6,-4,-2,-11,0,-6,-1,-5,0,2,-7,-3,0,-6,3,-4,3,1,-4,-1,-4,-1
346,-5,-10,7,3,-7,-3,-5,3,41,5,7,-3,-1,-7,3,-5,1,-5,2,2,-9,1,3,-8,5,-5,5,3,-5,4,-3,2
347,-2,-8,7,6,-4,0,-2,5,37,7,11,-2,3,-4,4,0,4,-4,4,4,-8,5,4,-6,9,-2,9,6,0,4,-2,6
348,3,-3,6,8,1,4,3,8,33,9,13,3,5,0,8,5,9,-1,4,6,-4,7,8,-3,11,2,12,8,4,7,3,5
349,6,3,5,9,5,9,6,13,28,11,15,9,8,5,10,10,13,5,8,9,0,12,12,2,13,6,14,10,9,9,9,7
350,13,8,6,14,9,13,12,20,18,13,17,13,10,10,11,16,14,11,12,12,5,19,15,5,17,12,19,15,14,13,15,12
351,18,15,7,17,13,17,18,20,10,16,20,18,15,17,14,20,17,16,15,13,10,23,16,6,21,15,23,20,21,18,18,15
352,23,20,4,18,15,19,23,23,3,19,22,23,18,20,18,23,21,19,17,17,16,28,22,15,22,20,23,22,23,20,24,18
353,23,24,5,20,23,25,25,23,-5,23,24,26,22,25,22,28,20,22,18,20,21,31,22,20,23,24,24,23,25,23,27,23
354,29,29,6,23,28,28,28,25,-11,23,25,29,23,31,25,30,24,28,22,23,24,30,25,23,24,27,23,25,27,21,28,23
355,30,34,6,23,28,28,29,26,-15,25,22,32,25,32,27,33,25,32,22,24,28,32,26,26,25,30,22,26,30,26,30,25
356,27,36,9,23,30,26,29,25,-17,24,21,31,26,34,27,31,28,30,24,23,30,31,24,30,23,31,24,27,29,24,32,30
357,29,35,10,21,31,26,27,23,-18,22,22,27,26,35,24,27,24,30,25,23,31,25,23,30,24,31,21,24,25,25,30,27
358,26,34,12,20,28,21,24,20,-14,21,16,24,24,29,23,22,22,29,25,20,30,21,22,30,20,30,20,21,21,24,25,28
359,22,29,10,17,24,17,20,15,-9,17,12,18,22,25,21,13,19,24,22,17,28,12,20,28,14,25,13,16,17,21,22,24
360,18,25,12,14,18,12,14,11,-11,9,7,13,17,22,14,7,15,18,17,15,23,6,14,28,9,20,8,13,12,18,16,23
361,9,19,12,10,13,3,7,5,-7,5,2,6,14,18,10,0,10,14,12,9,15,-1,9,23,3,15,1,7,6,14,8,17
362,4,11,10,2,3,-2,2,-1,-1,1,-5,-3,9,10,5,-6,7,5,8,2,7,-11,5,15,-1,8,-3,0,-3,7,-1,9
363,-5,6,13,-1,-3,-8,-9,-6,3,-7,-10,-10,2,4,-1,-12,0,-2,1,-1,4,-17,-2,8,-10,-1,-9,-4,-9,2,-9,3
364,-14,1,11,-7,-12,-14,-16,-12,7,-14,-16,-17,-2,-5,-9,-20,-8,-11,-6,-7,-6,-22,-10,-1,-14,-8,-17,-12,-17,-4,-19,-4
365,-20,-9,7,-12,-21,-20,-23,-16,10,-19,-19,-23,-9,-10,-14,-27,-14,-19,-10,-15,-16,-29,-13,-10,-18,-17,-22,-17,-23,-10,-25,-7
366,-25,-10,6,-17,-24,-26,-27,-20,11,-22,-23,-27,-17,-14,-17,-30,-19,-24,-16,-21,-21,-32,-17,-18,-22,-23,-24,-20,-26,-18,-31,-12
367,-28,-15,1,-20,-27,-28,-28,-26,10,-25,-27,-29,-21,-15,-22,-32,-23,-28,-23,-21,-28,-33,-21,-23,-24,-28,-24,-25,-31,-21,-34,-18
368,-33,-18,2,-26,-30,-29,-32,-28,10,-28,-27,-32,-23,-18,-24,-35,-24,-30,-25,-27,-32,-31,-23,-29,-28,-30,-24,-27,-31,-27,-38,-24
369,-32,-18,-4,-28,-31,-31,-31,-27,9,-26,-28,-31,-26,-18,-26,-33,-26,-31,-28,-27,-31,-29,-24,-32,-29,-32,-24,-27,-33,-30,-37,-27
370,-32,-18,-5,-27,-31,-28,-29,-27,6,-25,-26,-28,-28,-17,-25,-29,-27,-33,-27,-28,-33,-28,-26,-33,-24,-31,-25,-26,-28,-27,-32,-26
371,-27,-16,-12,-26,-28,-26,-26,-28,-1,-23,-23,-24,-29,-14,-25,-23,-24,-32,-28,-26,-30,-20,-26,-33,-23,-31,-23,-27,-23,-29,-28,-27
372,-21,-13,-17,-24,-23,-22,-22,-22,-5,-19,-16,-20,-27,-10,-24,-19,-23,-28,-25,-24,-28,-14,-25,-31,-21,-24,-19,-23,-17,-27,-21,-27
373,-16,-11,-18,-22,-20,-18,-15,-16,-11,-16,-13,-14,-24,-5,-20,-11,-20,-22,-23,-19,-24,-9,-21,-25,-15,-22,-13,-17,-13,-23,-14,-21
374,-14,-7,-16,-15,-13,-8,-7,-10,-16,-10,-6,-7,-19,-3,-16,-4,-15,-17,-18,-13,-17,-2,-15,-20,-10,-15,-7,-12,-7,-18,-9,-17
375,-7,-3,-19,-11,-9,-2,-3,-7,-24,-8,0,1,-12,-1,-9,0,-9,-9,-12,-9,-9,5,-11,-11,-6,-8,-2,-8,0,-12,-4,-12
376,-1,0,-19,-7,-2,4,5,1,-28,-1,4,9,-8,3,-2,9,-3,-1,-6,-4,-4,13,-4,-6,-1,-1,3,-2,8,-4,4,-7
377,8,4,-17,-4,4,10,10,4,-31,4,10,12,-5,7,1,12,0,5,0,4,1,16,1,2,4,5,7,5,9,0,10,-4
378,13,5,-17,3,9,14,14,9,-34,10,11,17,1,11,5,16,4,11,2,6,6,19,6,7,8,9,10,8,14,6,13,2
379,15,6,-14,9,12,16,16,12,-34,11,13,16,6,10,10,21,8,14,9,9,12,21,10,13,11,14,11,11,15,10,17,5
380,20,3,-9,9,15,19,16,13,-30,11,13,20,9,7,10,18,10,19,9,12,15,21,11,18,11,16,10,15,18,12,18,9
381,22,4,-8,10,18,20,17,12,-28,12,12,19,11,2,11,17,13,20,10,13,15,17,10,20,9,18,9,14,19,14,17,12
382,19,-2,-7,14,16,17,17,13,-23,10,12,18,12,-3,14,13,11,18,12,11,17,14,11,22,8,19,8,13,17,14,15,13
383,14,-6,-3,13,15,13,14,10,-20,6,10,13,13,-7,11,10,11,18,11,11,18,10,10,20,5,18,7,10,11,15,13,11
384,11,-12,2,8,12,8,12,5,-12,3,4,7,13,-13,7,5,9,15,11,8,12,5,5,15,3,14,4,8,6,10,10,10
385,6,-15,3,7,7,-1,5,0,-5,0,2,1,8,-18,5,0,4,9,5,6,9,-3,3,12,-2,9,-1,4,-1,5,2,9
386,0,-21,2,3,1,-6,-1,-4,3,-2,-5,-6,6,-26,5,-7,3,2,2,-1,6,-9,-1,6,-4,4,-5,-2,-8,2,-4,5
387,-6,-25,3,-4,-5,-13,-9,-4,12,-7,-9,-15,3,-27,-3,-12,0,-4,1,-4,-2,-17,-4,0,-9,-3,-10,-4,-11,-3,-9,1
388,-15,-28,0,-7,-9,-18,-14,-8,19,-8,-12,-21,-2,-32,-9,-17,-7,-8,-7,-8,-9,-22,-9,-4,-12,-10,-11,-9,-19,-9,-15,-4
389,-21,-29,-1,-12,-15,-21,-20,-12,23,-10,-16,-23,-7,-30,-13,-23,-11,-17,-12,-13,-14,-22,-12,-10,-13,-17,-14,-14,-23,-10,-22,-8
390,-24,-30,0,-14,-20,-27,-23,-13,28,-15,-18,-26,-11,-33,-14,-26,-13,-21,-17,-14,-18,-27,-14,-18,-15,-23,-16,-14,-25,-15,-27,-14
391,-26,-28,-1,-14,-23,-28,-25,-14,29,-15,-16,-29,-12,-30,-16,-28,-15,-22,-16,-17,-22,-29,-15,-21,-16,-25,-14,-17,-27,-19,-28,-16
392,-28,-26,1,-16,-23,-27,-25,-14,32,-16,-19,-27,-15,-28,-16,-27,-15,-27,-15,-17,-24,-27,-15,-22,-15,-25,-14,-18,-27,-17,-28,-15
393,-29,-23,0,-17,-23,-26,-28,-13,30,-11,-17,-22,-16,-21,-17,-24,-15,-29,-17,-18,-24,-21,-16,-27,-11,-26,-13,-17,-26,-16,-26,-17
394,-24,-16,1,-14,-21,-21,-23,-11,27,-8,-13,-20,-17,-14,-16,-19,-12,-26,-16,-17,-23,-15,-11,-27,-9,-24,-11,-13,-21,-13,-23,-15
395,-21,-8,1,-10,-17,-14,-17,-5,21,-4,-6,-13,-15,-6,-9,-13,-8,-21,-14,-12,-21,-8,-8,-26,-3,-20,-4,-9,-14,-13,-16,-13
396,-17,-2,3,-6,-12,-8,-13,1,17,2,1,-4,-12,0,-4,-6,-4,-16,-7,-5,-16,-1,-5,-20,1,-14,2,-4,-8,-8,-9,-8
397,-6,7,4,1,-4,1,-3,9,12,10,7,3,-5,11,1,3,2,-9,-4,-2,-8,9,3,-14,10,-7,10,4,1,-3,0,-4
398,3,19,6,8,2,10,6,14,7,16,14,10,1,20,9,14,8,3,3,6,0,18,11,-6,16,1,18,9,10,3,9,5
399,13,25,10,14,10,20,14,22,3,24,21,22,7,27,17,22,16,7,11,13,6,26,16,4,22,12,24,15,21,9,18,9
400,22,32,14,22,18,28,23,26,-1,28,27,31,14,35,21,29,21,20,19,21,15,34,25,13,28,18,30,22,31,17,27,18
401,34,40,16,27,27,35,34,31,-2,34,32,37,19,38,27,36,28,27,23,27,25,40,29,20,35,27,35,31,34,22,36,27
402,40,42,18,31,32,40,36,34,-8,38,36,43,27,43,31,41,33,35,30,31,32,43,33,26,35,33,38,35,41,28,40,30
403,43,43,22,34,39,42,43,34,-8,40,37,45,33,45,35,45,36,42,36,36,41,43,36,34,38,37,36,37,44,32,44,34
404,46,41,22,38,44,45,44,37,-6,38,37,45,35,44,35,44,40,44,40,38,43,44,35,39,38,41,35,39,47,37,46,35
405,46,41,25,36,46,48,44,36,-7,37,36,44,36,41,37,41,38,44,37,39,46,40,36,42,36,44,36,37,44,35,47,37
406,48,37,25,36,45,41,43,32,-2,36,34,40,37,37,38,39,36,45,37,38,46,36,33,45,31,46,31,34,42,35,42,37
407,43,32,24,32,43,38,37,27,1,31,29,35,38,28,34,34,32,42,35,36,44,28,31,43,25,41,25,34,37,34,36,35
408,37,23,22,27,34,31,33,22,8,22,23,27,33,22,28,30,28,40,29,30,39,22,24,40,20,35,16,29,30,32,31,29
409,28,16,20,20,29,24,26,15,11,14,17,20,28,19,18,19,22,32,25,23,35,12,20,35,12,29,10,21,22,24,22,23
410,21,5,17,13,23,14,17,8,16,5,7,9,22,9,14,8,15,23,17,15,27,5,11,29,3,24,1,14,12,18,12,18
411,15,-3,9,6,16,5,5,1,18,-3,-2,0,14,-1,6,-1,6,14,9,8,17,-6,4,22,-4,13,-8,3,2,9,3,10
412,3,-7,4,-5,7,-5,-4,-6,21,-11,-10,-7,6,-5,-4,-9,-5,7,0,-4,7,-13,-4,11,-12,4,-15,-5,-7,0,-7,1
413,-6,-14,-2,-13,-1,-15,-13,-17,24,-15,-16,-17,-2,-11,-10,-16,-9,-4,-7,-8,-5,-20,-14,1,-18,-4,-22,-12,-14,-5,-14,-7
414,-17,-18,-6,-14,-11,-22,-18,-22,23,-22,-22,-23,-11,-14,-17,-24,-18,-14,-15,-15,-13,-27,-21,-7,-24,-13,-27,-17,-23,-13,-21,-15
415,-22,-19,-12,-22,-19,-28,-26,-25,16,-31,-25,-32,-17,-16,-21,-29,-24,-20,-20,-21,-19,-30,-27,-16,-27,-21,-30,-21,-28,-20,-28,-21
416,-28,-19,-15,-27,-26,-32,-30,-29,14,-31,-28,-33,-22,-17,-28,-32,-29,-27,-25,-26,-28,-32,-30,-22,-34,-27,-33,-25,-32,-23,-35,-26
417,-34,-18,-20,-29,-31,-33,-31,-32,8,-33,-31,-33,-26,-18,-29,-34,-31,-28,-29,-30,-32,-33,-33,-26,-31,-31,-32,-27,-36,-26,-34,-31
418,-35,-16,-23,-30,-34,-33,-34,-31,2,-32,-31,-36,-28,-13,-32,-33,-33,-32,-31,-32,-36,-33,-32,-31,-28,-32,-31,-29,-34,-31,-34,-32
419,-35,-12,-26,-31,-35,-35,-35,-29,-6,-29,-29,-34,-30,-9,-32,-31,-32,-32,-30,-34,-36,-29,-30,-33,-26,-33,-28,-30,-36,-30,-33,-31
420,-33,-6,-26,-29,-34,-32,-32,-27,-12,-25,-24,-31,-31,-4,-29,-27,-28,-31,-32,-30,-35,-25,-28,-32,-23,-33,-26,-26,-33,-28,-33,-31
421,-28,0,-25,-24,-31,-26,-28,-22,-20,-22,-22,-26,-26,1,-23,-22,-26,-31,-26,-27,-34,-19,-25,-33,-18,-30,-20,-23,-29,-24,-27,-28
422,-27,5,-23,-21,-28,-24,-22,-18,-25,-18,-18,-20,-25,5,-21,-18,-22,-27,-22,-25,-28,-17,-19,-30,-13,-27,-16,-19,-22,-22,-22,-24
423,-21,11,-20,-18,-23,-18,-17,-12,-30,-10,-13,-15,-20,11,-16,-10,-18,-19,-18,-18,-23,-10,-15,-25,-6,-23,-7,-17,-17,-19,-17,-21
424,-13,14,-16,-13,-17,-11,-11,-5,-34,-6,-5,-10,-16,13,-11,-8,-13,-14,-12,-14,-17,-4,-7,-20,-5,-16,-5,-10,-11,-15,-11,-16
425,-9,16,-11,-7,-12,-4,-6,-1,-38,-3,-1,-5,-9,14,-3,-4,-5,-9,-6,-7,-13,0,-3,-13,-1,-10,-1,-6,-3,-8,-7,-9
426,-2,17,-5,-1,-6,0,1,2,-39,1,-1,-1,-5,11,1,4,-2,-6,-1,-4,-5,4,1,-8,2,-2,4,0,0,-3,-3,-7
427,1,15,2,2,0,4,4,2,-37,4,2,4,-1,10,2,7,1,-1,3,1,-1,4,4,-4,3,0,6,1,4,1,2,-2
428,5,12,4,2,5,6,5,6,-35,5,4,7,3,8,3,5,3,3,3,1,3,7,5,1,4,2,6,2,7,4,6,2
429,7,10,8,4,8,9,7,7,-29,7,4,7,4,4,7,6,5,6,6,2,7,8,6,5,3,5,4,4,8,4,6,5
430,7,4,13,7,9,10,7,4,-24,4,1,7,5,-2,5,7,7,7,6,3,9,7,4,6,2,10,4,3,8,4,6,3
431,7,-3,14,5,9,8,4,3,-15,2,1,10,5,-8,6,5,4,7,6,5,10,4,3,9,0,7,2,0,9,5,5,4
432,7,-10,13,2,9,5,4,-1,-8,-2,-1,6,3,-14,3,5,1,5,4,-1,9,3,-1,6,-4,6,-1,-3,5,3,4,3
433,3,-18,14,0,7,5,2,-6,-2,-3,-6,4,1,-19,0,1,-1,3,2,-2,7,1,-2,5,-5,4,-3,-4,5,-1,3,0
434,-1,-22,10,-5,6,1,0,-8,6,-7,-8,1,-2,-24,-3,-3,-5,3,-4,-3,5,-6,-6,4,-10,0,-7,-4,-1,-1,2,-2
435,-4,-28,8,-7,3,0,-2,-9,12,-8,-11,-2,-7,-31,-4,-4,-6,-1,-5,-5,2,-5,-10,2,-13,-2,-11,-9,-4,-5,1,-3
436,-5,-31,5,-9,-3,0,-6,-11,19,-11,-14,-2,-9,-34,-8,-8,-10,-3,-9,-7,-2,-7,-12,0,-12,-4,-12,-11,-6,-9,-5,-7
437,-7,-35,0,-12,-5,-4,-7,-14,23,-12,-14,-6,-9,-35,-12,-8,-12,-6,-12,-8,-3,-9,-16,-5,-15,-7,-14,-12,-6,-11,-9,-12
438,-9,-38,-6,-14,-8,-5,-8,-13,26,-15,-14,-7,-12,-33,-13,-11,-13,-7,-15,-13,-6,-13,-15,-6,-17,-7,-15,-13,-6,-13,-7,-15
439,-8,-36,-11,-14,-8,-6,-9,-13,27,-15,-12,-8,-13,-31,-15,-11,-14,-6,-17,-15,-7,-9,-15,-6,-13,-8,-14,-12,-8,-15,-6,-14
440,-6,-31,-15,-10,-9,-6,-7,-12,27,-12,-10,-8,-13,-28,-13,-7,-13,-9,-14,-11,-5,-6,-11,-8,-10,-8,-11,-12,-6,-14,-6,-15
441,-7,-26,-19,-10,-8,-5,-5,-8,24,-9,-4,-4,-15,-22,-10,-1,-11,-7,-11,-9,-5,-4,-10,-8,-5,-6,-5,-8,-4,-11,-4,-13
442,-4,-20,-20,-6,-10,-3,-3,-4,22,-4,0,-2,-11,-18,-4,0,-8,-3,-9,-7,-6,2,-6,-6,-1,-3,-1,-4,0,-8,-1,-9
443,1,-16,-22,-3,-5,2,0,2,17,2,6,1,-6,-8,-1,5,-5,0,-4,-4,-1,8,-3,-4,4,0,4,-1,3,-3,2,-6
444,7,-8,-17,1,-1,5,9,8,13,8,13,6,-1,-3,2,10,2,3,1,1,3,12,6,-3,9,4,11,6,8,-1,8,0
445,13,3,-16,8,3,9,12,15,9,16,17,9,2,8,9,14,9,7,6,8,4,16,12,4,17,9,15,12,11,6,11,5
446,16,10,-13,14,9,12,16,21,2,20,22,15,7,15,16,20,14,12,12,12,9,20,16,9,23,13,21,18,18,13,15,14
447,19,18,-6,20,13,14,20,25,-1,25,27,21,14,22,20,23,21,15,20,16,15,23,21,13,28,17,26,23,21,20,20,18
448,22,25,-1,24,16,19,25,30,-4,29,31,24,20,26,27,24,26,18,24,23,20,25,27,19,31,20,29,27,23,25,22,23
449,24,29,7,30,21,20,27,32,-6,31,33,26,27,29,31,27,30,22,27,27,21,25,31,21,32,23,33,31,26,29,25,28
450,26,32,13,33,26,22,27,36,-7,36,35,25,32,35,34,27,33,26,31,31,26,27,32,25,35,25,31,35,28,32,27,31
451,28,34,23,35,26,22,28,36,-3,36,35,25,35,32,33,25,35,27,34,31,29,28,35,25,35,27,30,37,27,33,30,35
452,29,32,29,34,26,23,28,33,-1,35,32,24,35,30,36,25,35,27,33,32,27,22,34,27,30,27,28,31,25,35,28,35
453,25,28,34,31,27,20,23,29,1,29,29,20,35,26,33,22,32,25,32,31,25,17,32,29,28,26,25,31,18,34,27,34
454,23,23,36,26,23,19,21,27,6,26,22,19,32,23,28,17,29,25,30,28,25,15,27,28,24,25,22,23,17,29,22,30
455,17,21,42,23,19,14,15,21,10,18,17,12,29,16,25,11,24,21,25,24,20,9,24,25,20,20,18,22,14,25,19,27
456,13,17,42,19,17,10,12,15,13,15,10,6,26,11,19,9,18,15,18,18,13,3,19,19,13,15,9,14,7,21,13,22
457,8,11,40,12,10,4,6,7,17,8,1,3,17,4,14,2,10,8,13,11,12,-2,12,15,7,10,2,9,3,14,5,18
458,3,3,35,5,4,-1,-2,0,19,0,-5,-1,12,-1,5,-5,5,4,9,6,8,-8,6,8,0,5,-3,3,-1,9,-2,9
459,-1,1,31,-2,-2,-5,-5,-7,23,-5,-11,-7,4,-4,0,-9,0,0,0,-1,1,-15,0,3,-8,1,-9,-4,-6,3,-6,2
460,-6,-3,23,-8,-6,-8,-10,-13,24,-11,-16,-13,-4,-6,-7,-13,-7,-7,-5,-7,-4,-18,-8,-1,-11,-5,-12,-10,-12,-4,-13,-1
461,-13,-8,13,-10,-10,-11,-13,-14,23,-12,-17,-16,-7,-8,-11,-17,-13,-11,-12,-11,-8,-19,-13,-9,-13,-11,-15,-15,-17,-12,-16,-7
462,-15,-8,2,-14,-17,-15,-18,-17,22,-14,-17,-18,-14,-7,-14,-19,-14,-14,-13,-16,-12,-20,-16,-10,-16,-16,-17,-17,-18,-18,-18,-11
463,-18,-8,-3,-16,-18,-12,-20,-20,19,-15,-20,-19,-18,-8,-17,-20,-17,-18,-17,-18,-15,-20,-19,-18,-18,-18,-18,-20,-19,-19,-20,-14
464,-21,-7,-11,-16,-18,-15,-21,-18,13,-18,-18,-18,-20,-3,-17,-18,-17,-20,-19,-19,-14,-21,-20,-18,-17,-22,-15,-19,-17,-18,-17,-17
465,-19,-2,-18,-18,-17,-12,-17,-18,5,-17,-16,-17,-21,0,-16,-17,-18,-19,-18,-19,-16,-18,-18,-17,-14,-20,-12,-17,-14,-18,-19,-18
466,-16,2,-23,-15,-17,-12,-16,-13,-1,-13,-13,-13,-20,5,-14,-13,-15,-15,-17,-16,-16,-13,-16,-16,-12,-18,-10,-14,-14,-16,-19,-19
467,-14,9,-28,-12,-17,-10,-13,-9,-8,-7,-8,-11,-19,9,-10,-11,-14,-17,-15,-11,-13,-7,-14,-14,-9,-15,-6,-11,-9,-15,-14,-14
468,-7,12,-30,-7,-17,-8,-7,-7,-14,-3,-5,-8,-13,14,-8,-4,-8,-17,-12,-9,-12,-3,-10,-11,-6,-12,-4,-8,-5,-11,-9,-9
469,-4,14,-33,-4,-15,-3,-6,-3,-20,1,-2,-6,-11,18,-5,-4,-4,-13,-7,-4,-10,-2,-6,-12,-2,-9,1,-4,-2,-7,-6,-6
470,-5,15,-33,-3,-9,0,-3,1,-25,4,4,-2,-6,20,-5,-2,-2,-8,-3,0,-6,0,-2,-9,0,-4,6,0,-1,-4,-1,-3
471,-3,18,-28,2,-5,0,-1,4,-27,4,6,0,-1,25,1,1,0,-4,2,4,-5,2,1,-3,4,-1,8,3,1,0,0,0
472,0,21,-26,2,-3,3,1,4,-32,5,8,0,1,24,6,3,2,1,6,7,1,3,5,-3,6,-1,6,4,3,3,1,5
473,0,20,-22,5,-3,3,3,6,-33,7,7,-1,3,22,6,4,8,3,10,8,1,2,5,-3,4,1,6,8,2,6,4,4
474,-1,15,-17,7,-2,2,2,4,-32,6,9,0,7,17,7,2,8,2,9,8,2,2,7,-1,5,2,5,7,0,7,0,7
475,2,11,-10,5,-4,0,0,3,-33,3,4,0,5,12,5,1,5,2,4,5,0,0,4,0,2,1,3,8,-2,5,1,5
476,-1,9,-5,2,-3,-3,0,1,-27,-1,0,-4,3,6,2,-2,2,-1,3,5,-2,-2,0,1,-3,3,-3,2,-4,3,-3,5
477,-3,0,-1,-3,-5,-7,-5,-5,-22,-3,-5,-8,3,-4,-4,-8,1,-2,1,4,-5,-6,-2,-2,-7,-2,-8,-1,-7,0,-5,0
478,-7,-8,3,-4,-6,-12,-7,-10,-16,-12,-10,-11,0,-10,-6,-11,-4,-4,-5,-4,-9,-10,-8,-4,-11,-5,-14,-7,-13,-4,-9,-3
479,-10,-15,5,-11,-11,-15,-11,-15,-9,-18,-15,-16,-5,-16,-11,-14,-9,-9,-9,-10,-11,-14,-11,-6,-18,-8,-21,-13,-16,-8,-13,-8
480,-15,-22,6,-19,-16,-18,-14,-20,-1,-23,-22,-18,-12,-24,-18,-19,-16,-13,-16,-16,-14,-18,-16,-9,-23,-10,-26,-18,-21,-14,-16,-13
481,-17,-28,7,-24,-17,-21,-17,-26,3,-27,-27,-21,-16,-31,-23,-22,-24,-15,-24,-20,-19,-24,-24,-15,-28,-16,-29,-24,-24,-20,-20,-19
482,-20,-34,4,-26,-21,-25,-20,-30,8,-31,-31,-21,-21,-36,-29,-24,-27,-19,-28,-27,-21,-26,-30,-17,-30,-18,-32,-28,-25,-24,-25,-26
483,-23,-36,2,-31,-24,-27,-22,-28,13,-35,-33,-25,-28,-38,-29,-25,-30,-20,-33,-31,-25,-27,-30,-20,-30,-20,-33,-30,-27,-30,-23,-27
484,-23,-41,-1,-32,-22,-28,-22,-31,13,-33,-31,-26,-31,-41,-32,-24,-30,-23,-33,-31,-26,-25,-33,-24,-32,-19,-31,-32,-26,-30,-23,-29
485,-22,-41,-4,-29,-23,-24,-24,-29,15,-29,-31,-25,-31,-41,-33,-20,-30,-23,-35,-33,-25,-21,-33,-24,-30,-20,-31,-32,-26,-33,-23,-27
486,-21,-37,-5,-28,-21,-22,-20,-26,17,-27,-28,-21,-30,-37,-32,-19,-28,-20,-32,-34,-23,-16,-32,-22,-26,-20,-28,-29,-23,-34,-20,-29
487,-17,-35,-11,-25,-19,-16,-16,-22,15,-22,-23,-16,-31,-33,-28,-10,-28,-19,-30,-29,-20,-10,-28,-22,-22,-16,-22,-24,-17,-31,-19,-27
488,-13,-29,-15,-18,-15,-11,-12,-15,14,-15,-18,-10,-28,-28,-23,-4,-22,-16,-25,-24,-19,-5,-23,-18,-13,-13,-13,-18,-10,-24,-11,-22
489,-4,-21,-11,-13,-9,-4,-4,-9,11,-7,-9,-3,-22,-21,-14,1,-13,-8,-18,-20,-13,2,-14,-14,-6,-8,-5,-13,0,-18,-3,-15
490,3,-14,-12,-7,-2,2,2,2,7,3,1,6,-15,-12,-9,7,-5,1,-8,-12,-5,10,-5,-9,1,-1,6,-7,7,-11,4,-11
491,8,-6,-11,0,4,13,12,11,1,10,12,14,-7,-3,3,18,3,6,-1,-3,2,19,6,-3,11,4,16,4,14,-3,11,-3
492,19,2,-8,13,13,22,19,21,-4,22,18,21,3,6,11,21,11,12,7,9,9,24,14,6,20,10,24,10,20,4,19,4
493,24,11,-4,20,19,26,23,26,-6,30,25,28,11,11,19,28,22,19,14,17,19,33,23,15,30,16,31,19,28,14,27,12
494,30,16,0,26,24,33,31,37,-6,35,34,32,19,17,27,35,30,27,22,24,27,35,30,20,37,24,38,29,34,24,31,21
495,35,22,7,33,29,38,36,41,-6,38,38,36,26,23,34,36,35,32,29,31,35,37,37,27,42,31,42,34,38,31,37,31
496,38,24,14,38,37,38,37,42,-8,42,40,41,34,28,39,38,41,36,38,39,37,40,42,32,44,34,42,39,41,36,40,35
497,39,29,19,42,40,43,38,45,-8,42,42,39,38,27,42,39,44,38,40,44,41,38,45,37,44,37,43,41,42,40,40,40
498,41,29,23,41,40,41,38,45,-3,43,41,38,40,26,42,40,46,37,45,44,42,36,46,39,40,39,43,43,38,42,38,42
499,38,26,29,40,40,37,37,41,1,40,39,37,41,24,42,36,42,36,44,43,41,30,45,39,39,37,37,39,36,44,36,41
500,37,23,32,41,36,36,33,38,3,36,35,33,41,21,39,29,41,36,43,42,38,26,41,38,35,36,32,37,31,42,34,40
501,33,18,34,35,32,31,27,30,8,28,26,27,40,17,34,23,34,34,40,37,35,19,35,37,29,33,25,34,28,39,28,37
502,27,15,35,29,27,23,19,22,15,21,21,19,33,14,29,16,27,26,30,31,30,10,27,33,22,28,17,27,23,32,19,30
503,18,10,35,20,20,16,16,14,20,13,14,13,27,11,22,8,19,18,23,23,23,6,21,23,13,19,11,19,14,26,15,25
504,12,1,29,12,12,10,9,5,23,4,2,7,20,6,13,2,14,13,15,15,18,0,11,21,2,13,3,12,7,17,11,20
505,6,-2,26,5,5,2,2,1,26,-1,-4,-2,12,-2,4,-2,3,8,8,10,13,-7,4,14,-6,9,-3,3,1,7,3,12
506,-3,-7,21,0,-1,-6,-5,-7,30,-9,-8,-8,5,-4,-1,-6,-3,0,2,0,3,-12,-4,5,-12,0,-10,-1,-5,0,-4,3
507,-7,-7,15,-7,-8,-12,-9,-13,31,-14,-10,-11,0,-4,-8,-12,-10,-5,-6,-6,-5,-15,-10,-2,-13,-6,-17,-7,-10,-5,-11,-4
508,-12,-9,8,-14,-13,-17,-13,-17,32,-18,-14,-13,-9,-6,-15,-14,-15,-10,-12,-12,-10,-19,-15,-4,-17,-10,-17,-10,-12,-10,-12,-9
509,-12,-9,2,-16,-17,-19,-17,-18,29,-16,-16,-15,-14,-5,-16,-15,-18,-15,-15,-14,-13,-17,-17,-8,-20,-11,-17,-14,-14,-17,-14,-15
510,-15,-7,-4,-17,-19,-17,-17,-18,27,-18,-18,-17,-15,-5,-18,-16,-18,-16,-19,-17,-18,-17,-19,-12,-18,-15,-17,-14,-15,-17,-14,-16
511,-15,-3,-11,-16,-19,-17,-16,-20,21,-17,-16,-16,-16,1,-17,-13,-19,-16,-18,-19,-18,-13,-18,-14,-15,-15,-16,-17,-16,-19,-15,-18
512,-13,2,-15,-15,-17,-15,-12,-15,12,-11,-12,-14,-16,5,-14,-11,-18,-13,-18,-16,-17,-9,-14,-14,-10,-13,-13,-14,-12,-16,-14,-19
513,-15,7,-17,-16,-13,-12,-10,-11,8,-10,-5,-12,-13,7,-12,-9,-15,-13,-14,-11,-15,-7,-12,-13,-7,-12,-7,-13,-9,-12,-10,-17
514,-10,12,-17,-10,-10,-7,-6,-6,-2,-4,-4,-8,-13,12,-9,-4,-10,-9,-11,-7,-15,-4,-7,-11,-3,-10,-2,-8,-7,-10,-6,-12
515,-2,15,-20,-7,-7,-4,-4,1,-11,-1,0,-3,-9,17,-5,0,-6,-8,-7,-4,-12,1,-2,-9,6,-5,1,-3,-3,-4,-2,-7
516,0,17,-19,-1,-3,-3,1,5,-15,5,6,-1,-4,20,1,3,1,-4,-3,2,-7,3,2,-6,9,-3,5,2,-1,1,2,-4
517,4,19,-14,4,-1,2,4,7,-23,9,13,4,2,22,6,6,6,3,3,5,-2,7,9,0,12,1,10,3,2,5,5,1
518,7,23,-10,10,2,7,5,12,-28,12,14,5,7,23,11,8,12,4,11,11,1,6,12,4,15,3,13,10,3,8,5,6
519,8,25,-6,13,5,8,6,13,-31,15,13,5,12,21,15,9,13,6,15,16,8,5,14,6,15,6,15,13,2,13,5,11
520,6,23,-2,15,7,6,4,16,-32,17,13,6,14,21,17,6,16,8,15,11,9,1,16,7,14,6,13,14,6,15,5,14
521,7,22,1,15,6,6,1,14,-35,14,10,1,15,19,17,2,13,8,15,11,8,0,14,6,10,7,12,14,3,17,3,16
522,5,20,3,13,5,4,-1,10,-34,11,7,-1,16,14,12,-2,16,8,15,12,5,-8,12,8,10,4,10,12,-1,15,-1,15
523,-1,15,6,10,0,-4,-6,6,-32,6,4,-9,13,9,9,-8,13,4,15,7,4,-11,10,4,4,2,3,10,-6,11,-7,13
524,-8,8,6,5,-4,-9,-12,-1,-27,2,-4,-12,11,3,6,-14,7,-3,9,5,-1,-19,3,-3,-4,-3,-2,2,-13,9,-11,10
525,-12,1,6,0,-12,-14,-17,-5,-25,-5,-8,-19,6,-5,1,-23,2,-9,1,-2,-7,-25,-3,-6,-9,-12,-9,-4,-18,2,-18,6
526,-18,-5,5,-5,-18,-20,-24,-12,-18,-11,-15,-27,1,-12,-8,-29,-3,-18,-5,-9,-13,-31,-11,-12,-13,-17,-14,-11,-24,-4,-25,0
527,-23,-10,1,-12,-26,-25,-29,-19,-10,-18,-20,-33,-9,-16,-10,-32,-10,-24,-9,-15,-20,-38,-15,-19,-21,-22,-21,-15,-31,-12,-30,-7
528,-29,-19,-1,-18,-30,-30,-34,-24,-6,-24,-29,-35,-12,-22,-16,-36,-18,-27,-15,-18,-23,-41,-22,-27,-27,-26,-27,-22,-34,-18,-33,-12
529,-35,-26,-6,-24,-35,-31,-37,-29,2,-27,-32,-36,-18,-26,-23,-40,-23,-34,-22,-25,-30,-43,-27,-31,-28,-34,-30,-28,-36,-25,-38,-20
530,-38,-28,-13,-31,-38,-36,-39,-31,8,-34,-34,-38,-28,-30,-29,-41,-28,-39,-28,-30,-35,-41,-31,-37,-34,-36,-32,-32,-37,-31,-40,-27
531,-41,-30,-21,-32,-37,-37,-37,-35,12,-34,-35,-39,-32,-31,-34,-38,-32,-38,-32,-32,-37,-38,-35,-40,-36,-39,-33,-36,-38,-33,-38,-32
532,-40,-32,-26,-34,-39,-34,-36,-36,10,-36,-34,-36,-33,-30,-35,-34,-34,-38,-36,-34,-37,-35,-36,-42,-33,-38,-34,-36,-35,-35,-35,-37
533,-35,-31,-29,-33,-37,-29,-33,-34,13,-34,-30,-30,-38,-32,-34,-27,-33,-37,-36,-36,-35,-28,-33,-38,-33,-34,-29,-37,-31,-37,-32,-36
534,-31,-28,-32,-33,-33,-26,-27,-32,14,-31,-25,-24,-37,-31,-31,-21,-33,-31,-36,-33,-32,-19,-31,-37,-31,-31,-25,-32,-26,-33,-26,-35
535,-24,-28,-35,-28,-25,-17,-19,-25,13,-26,-21,-16,-36,-25,-28,-12,-29,-22,-31,-28,-28,-9,-27,-30,-25,-27,-22,-29,-17,-31,-17,-34
536,-16,-26,-34,-25,-18,-10,-12,-19,8,-19,-15,-6,-31,-19,-24,-4,-23,-15,-25,-26,-19,1,-23,-29,-18,-18,-15,-22,-9,-27,-8,-29
537,-6,-15,-33,-18,-10,-3,-1,-8,5,-10,-8,1,-25,-13,-18,6,-17,-8,-19,-17,-11,13,-19,-19,-10,-9,-6,-16,2,-23,2,-24
538,6,-12,-27,-12,0,9,10,-2,5,-1,0,12,-17,-9,-9,15,-10,2,-11,-9,0,21,-10,-8,-3,0,1,-6,11,-14,13,-18
539,16,-7,-23,-3,10,21,18,4,2,5,10,24,-11,-3,-2,25,-3,11,-5,-3,10,30,1,3,7,10,10,0,21,-5,24,-9
540,25,1,-15,4,20,26,28,14,-2,12,16,32,-4,3,4,35,5,22,3,6,19,38,9,15,15,22,16,10,31,1,30,1
541,35,6,-4,10,32,33,36,20,-3,20,21,38,6,8,13,43,13,30,12,13,27,43,15,21,22,32,22,18,42,10,38,7
542,43,11,4,18,38,39,43,24,-5,26,27,45,15,12,21,48,20,38,19,19,37,48,23,31,26,39,26,26,45,17,44,14
543,46,12,15,23,42,43,48,29,-7,30,30,48,21,17,26,53,25,43,25,27,42,50,25,40,30,45,31,28,50,25,49,20
544,50,15,24,25,47,44,48,31,-5,32,30,49,27,16,31,52,30,49,28,29,45,49,31,46,31,50,31,31,51,27,50,28
545,51,14,30,29,51,46,53,31,-2,32,30,47,30,17,30,48,31,50,29,31,47,45,32,51,30,52,29,35,50,31,49,28
546,50,13,38,30,51,43,49,30,-1,31,31,42,32,16,31,44,32,48,30,31,47,41,29,50,27,51,27,35,45,32,47,31
547,46,13,41,29,48,39,43,28,3,26,25,38,33,15,28,39,31,46,29,30,45,35,28,50,27,48,24,29,38,32,41,32
548,40,11,45,26,43,34,38,26,8,22,20,31,32,9,26,30,28,41,28,25,40,26,25,45,22,43,21,26,31,31,35,28
549,34,9,48,22,36,26,30,18,14,18,19,21,28,6,21,23,23,34,24,21,33,16,22,39,18,36,15,23,24,27,28,25
550,23,3,45,18,30,17,20,14,19,12,11,14,25,2,17,13,20,26,19,15,27,9,17,32,14,27,11,18,15,20,20,21
551,15,0,40,13,22,10,10,9,24,6,4,5,18,-2,14,6,16,20,16,12,17,-2,14,25,8,19,7,10,7,16,10,17
552,4,-1,34,9,14,2,1,4,28,1,2,-5,14,-3,11,-4,9,10,11,8,9,-7,8,14,2,9,3,4,-2,10,2,11
553,-1,-4,29,2,6,-2,-5,0,30,-2,-4,-10,8,-8,3,-9,5,0,9,2,2,-13,3,9,-2,2,-2,-3,-7,6,-5,7
554,-7,-6,20,0,-3,-6,-14,-5,32,-4,-7,-15,2,-9,0,-14,0,-7,1,-3,-5,-17,-3,3,-4,-9,-3,-4,-14,2,-12,1
555,-12,-6,11,-4,-9,-12,-15,-7,29,-8,-10,-18,-3,-9,-3,-18,-4,-12,-3,-4,-9,-20,-4,-7,-6,-12,-6,-7,-16,-2,-18,-7
556,-16,-6,4,-6,-15,-16,-20,-5,28,-5,-8,-17,-5,-6,-4,-18,-6,-16,-4,-6,-12,-19,-4,-11,-6,-16,-7,-9,-19,-5,-23,-6
557,-20,-1,-3,-7,-19,-19,-19,-5,23,-5,-3,-17,-9,-5,-7,-18,-8,-18,-6,-7,-16,-16,-6,-15,-5,-20,-5,-8,-18,-5,-23,-7
558,-19,2,-8,-5,-21,-16,-16,-3,20,-3,-5,-16,-8,0,-5,-18,-6,-19,-5,-7,-18,-18,-8,-17,-1,-21,-1,-5,-17,-6,-21,-7
559,-17,4,-15,-2,-21,-12,-14,0,11,0,-1,-15,-10,6,-3,-15,-4,-20,-5,-5,-15,-13,-6,-17,2,-19,2,-5,-13,-5,-18,-5
560,-15,9,-19,2,-20,-8,-12,3,4,4,2,-9,-6,11,0,-11,1,-16,-3,-2,-16,-9,0,-17,5,-13,7,-2,-8,-3,-13,-1
561,-9,14,-19,5,-17,-4,-8,9,-2,9,7,-8,-2,17,4,-7,2,-12,3,1,-11,-2,3,-16,7,-13,11,3,-3,-1,-8,3
562,-5,21,-18,10,-14,0,-1,11,-11,14,11,-4,3,21,6,1,10,-9,9,8,-7,0,9,-11,12,-11,14,7,1,2,-3,6
563,-2,23,-14,13,-10,4,2,15,-18,15,16,2,7,26,12,4,13,-2,12,11,-4,5,13,-7,16,-5,18,12,6,5,2,11
564,3,28,-10,17,-4,8,4,17,-23,19,19,8,11,30,15,7,14,3,13,15,0,9,17,-4,17,1,20,18,9,9,5,14
565,6,31,-6,21,-1,9,9,18,-28,22,19,10,15,32,16,11,17,6,19,18,5,11,19,1,19,5,21,19,13,14,9,15
566,5,30,-3,21,4,13,11,19,-30,22,21,12,16,32,20,12,20,8,20,19,11,13,21,6,18,9,19,23,14,14,12,20
567,9,28,2,22,9,13,13,18,-33,21,18,11,16,31,20,11,19,11,21,23,14,15,17,10,17,10,17,18,12,15,13,20
568,11,28,8,19,13,12,13,14,-32,15,15,10,19,29,16,9,16,14,16,20,13,13,15,11,15,10,14,19,8,16,11,20
569,11,24,11,13,10,8,11,8,-29,10,10,9,19,24,11,6,12,11,13,16,14,6,13,10,9,10,10,13,9,12,10,18
570,9,18,14,7,9,3,6,3,-24,6,4,4,15,17,6,3,8,10,9,14,9,-1,9,9,3,6,3,9,2,9,5,11
571,2,13,16,3,6,-2,1,-4,-21,-2,-1,-3,10,13,2,-1,2,5,3,7,5,-7,3,7,-3,1,-6,4,-6,6,-1,10
572,-2,4,13,-5,0,-8,-4,-11,-16,-9,-9,-8,4,5,-6,-11,-4,-1,-1,-3,1,-14,-7,5,-11,-1,-13,-2,-9,-1,-5,4
573,-9,-2,13,-10,-4,-16,-11,-19,-7,-18,-16,-17,-3,-5,-12,-19,-9,-7,-7,-7,-7,-22,-10,-1,-18,-7,-21,-10,-16,-8,-15,-1
574,-14,-9,9,-18,-13,-25,-20,-24,-1,-24,-22,-24,-11,-10,-17,-24,-19,-15,-14,-13,-13,-29,-17,-8,-25,-14,-26,-17,-24,-15,-21,-9
575,-20,-19,2,-26,-18,-29,-27,-30,3,-33,-28,-28,-19,-18,-23,-28,-25,-22,-20,-21,-22,-34,-25,-16,-31,-21,-35,-23,-31,-19,-28,-18
576,-26,-25,-4,-29,-25,-34,-34,-35,12,-38,-34,-36,-23,-25,-27,-33,-30,-27,-25,-27,-27,-40,-32,-23,-36,-26,-39,-28,-35,-26,-33,-25
577,-33,-30,-11,-36,-30,-39,-35,-40,18,-38,-36,-38,-29,-31,-33,-39,-36,-33,-32,-32,-34,-42,-36,-29,-37,-30,-41,-35,-37,-33,-36,-33
578,-35,-34,-17,-38,-33,-43,-39,-39,20,-40,-39,-42,-35,-35,-37,-39,-39,-35,-37,-33,-38,-40,-39,-32,-39,-35,-42,-37,-39,-37,-39,-35
579,-37,-37,-22,-41,-36,-43,-40,-37,20,-39,-39,-42,-39,-34,-39,-38,-41,-39,-39,-37,-41,-39,-39,-34,-41,-36,-40,-39,-41,-39,-42,-39
580,-37,-35,-26,-41,-40,-41,-39,-35,18,-37,-36,-41,-40,-35,-38,-35,-38,-42,-40,-38,-40,-37,-39,-40,-37,-37,-38,-38,-41,-38,-39,-40
581,-38,-32,-30,-37,-35,-36,-34,-30,17,-34,-31,-36,-40,-34,-36,-33,-38,-40,-35,-37,-41,-33,-38,-41,-33,-35,-32,-34,-38,-39,-37,-39
582,-33,-31,-33,-32,-34,-31,-30,-25,13,-28,-28,-31,-38,-29,-32,-29,-33,-37,-34,-35,-38,-24,-31,-38,-26,-36,-25,-28,-33,-35,-32,-38
583,-29,-26,-33,-26,-29,-24,-26,-19,7,-19,-20,-25,-34,-25,-28,-20,-26,-31,-32,-29,-33,-16,-24,-34,-21,-31,-19,-22,-25,-31,-26,-31
584,-21,-22,-33,-20,-24,-16,-17,-12,0,-12,-12,-18,-29,-20,-19,-10,-18,-23,-25,-25,-27,-9,-17,-32,-14,-25,-10,-15,-16,-24,-18,-24
585,-14,-12,-29,-13,-17,-8,-9,-3,-5,-2,-4,-7,-21,-14,-13,-3,-13,-18,-18,-19,-18,2,-12,-22,-4,-16,-1,-7,-6,-17,-10,-17
586,-6,-8,-24,-3,-7,0,-1,3,-10,6,1,1,-13,-6,-6,6,-4,-9,-6,-10,-12,9,0,-15,5,-8,8,-2,1,-10,0,-9
587,4,-1,-20,2,1,8,9,9,-18,10,8,11,-5,1,3,13,5,0,-1,1,-3,16,9,-8,12,2,16,7,10,-2,6,-1
588,11,8,-13,11,8,16,17,16,-20,17,17,18,3,5,8,20,11,10,6,7,6,21,14,-1,21,9,24,14,17,7,15,7
589,18,10,-5,18,17,25,22,18,-26,22,22,23,11,10,17,27,17,14,14,14,13,27,18,8,24,16,22,16,23,14,22,13
590,23,13,3,20,20,30,27,23,-27,25,24,28,17,14,22,31,22,23,19,18,23,30,23,19,27,24,27,22,31,19,30,18
591,30,18,12,23,24,36,30,23,-28,26,24,33,17,16,26,31,24,27,24,22,28,32,29,23,30,30,30,26,33,23,32,23
592,35,16,19,27,30,38,36,28,-27,27,27,35,23,14,26,32,26,30,27,25,31,31,30,30,30,33,28,26,33,26,35,28
593,35,15,23,27,34,39,34,27,-21,26,25,37,26,13,28,32,25,32,28,26,32,32,29,33,28,34,26,26,34,28,35,26
594,32,14,29,25,33,37,34,25,-15,24,20,33,26,10,26,33,25,34,28,26,37,30,27,34,23,36,25,24,33,26,34,27
595,30,12,29,25,29,34,31,21,-9,21,19,31,24,8,23,30,21,34,26,24,37,27,25,32,19,35,18,22,33,24,31,23
596,30,9,35,20,31,32,30,17,3,16,14,28,22,3,21,26,20,30,17,19,35,23,19,33,14,32,12,17,27,22,29,23
597,26,3,31,17,25,27,25,11,12,9,9,25,17,0,15,20,15,25,16,14,32,17,15,32,7,28,6,12,22,14,25,18
598,22,-1,26,9,20,24,22,6,19,5,4,21,12,-2,9,16,10,26,12,12,29,16,10,28,3,24,2,10,22,10,21,11
599,18,-4,20,4,18,17,19,3,30,1,-1,16,8,-5,4,12,4,20,7,7,22,11,5,22,-4,20,-4,3,17,4,17,7
600,16,-7,20,2,13,12,14,-1,35,-4,-4,13,3,-8,-1,8,-3,13,-1,2,19,7,-1,19,-5,14,-6,-2,12,1,12,3
601,9,-11,16,-4,10,9,11,-5,40,-5,-8,10,-1,-7,-4,4,-6,10,-4,0,15,4,-6,15,-8,11,-9,-4,8,-2,10,-4
602,7,-11,9,-8,7,6,7,-8,45,-6,-8,6,-4,-6,-8,3,-6,8,-7,-3,12,4,-7,11,-7,10,-8,-4,5,-6,7,-4
603,4,-12,3,-7,6,3,6,-5,44,-7,-8,5,-6,-6,-8,2,-4,6,-10,-8,9,7,-9,9,-8,7,-7,-5,7,-6,7,-7
604,5,-10,-3,-5,6,5,7,-5,45,-6,-3,6,-7,-2,-9,4,-6,3,-9,-8,8,7,-9,8,-3,6,-4,-6,5,-6,7,-7
605,6,-6,-8,-6,5,1,6,-3,41,-4,-1,6,-7,2,-5,8,-6,4,-5,-4,7,7,-6,8,-2,6,-3,-3,6,-6,8,-6
606,7,1,-8,-3,4,2,8,0,34,2,3,5,-4,7,-4,8,-2,5,-6,-1,6,9,-3,7,4,7,3,-1,9,-5,9,-6
607,9,6,-8,-1,6,5,5,5,28,7,8,6,-3,13,2,9,0,6,-2,3,4,11,2,5,9,6,7,0,9,0,10,-3
608,9,12,-8,4,5,6,9,8,20,11,12,9,3,19,5,10,5,9,2,6,4,12,5,6,14,9,11,6,13,5,7,2
609,9,19,-9,12,9,5,11,12,10,15,16,10,6,24,9,11,10,12,9,8,7,14,9,9,17,13,17,14,10,10,7,4
610,10,23,-2,14,12,7,12,17,3,17,22,11,12,27,14,9,15,12,15,14,7,12,15,11,22,13,21,17,10,15,12,13
611,12,29,1,20,13,10,12,21,-5,21,23,10,15,28,19,10,19,12,18,18,10,8,20,12,24,16,22,19,10,19,13,15
612,12,32,7,23,12,11,10,24,-14,22,26,7,18,30,22,11,22,12,21,23,11,7,24,12,23,16,24,22,10,24,11,20
613,11,35,13,23,12,9,13,25,-20,22,27,7,24,33,25,6,25,13,23,25,10,4,24,12,23,13,24,24,7,26,9,22
614,10,31,15,23,10,6,8,23,-30,22,24,5,25,31,23,3,24,12,23,23,11,3,26,12,24,10,23,22,4,28,7,23
615,5,29,19,22,5,3,3,20,-33,20,18,-1,25,27,23,0,22,6,23,22,8,-3,24,10,23,8,20,20,0,27,4,22
616,0,25,21,20,2,-2,-3,20,-32,14,16,-7,25,22,23,-7,21,1,23,20,3,-10,19,5,15,5,14,19,-5,24,-5,22
617,-4,22,22,20,-3,-9,-6,14,-33,9,10,-12,21,15,21,-10,16,-2,18,16,1,-18,15,2,9,-1,8,13,-13,21,-9,21
618,-9,15,19,12,-7,-12,-12,7,-32,6,1,-17,16,9,14,-18,13,-9,14,11,-7,-21,8,-5,3,-6,2,8,-16,15,-17,15
619,-15,6,19,8,-15,-15,-21,0,-30,-2,-3,-23,10,0,8,-22,10,-14,9,4,-12,-28,2,-11,-2,-13,-5,2,-20,6,-21,10
620,-24,-2,11,-2,-21,-19,-25,-6,-25,-6,-11,-29,5,-6,1,-28,1,-19,1,-1,-17,-31,-4,-15,-8,-20,-10,-4,-27,4,-29,3
621,-31,-10,7,-8,-28,-25,-31,-14,-19,-15,-18,-35,-2,-14,-8,-36,-6,-25,-4,-10,-22,-35,-10,-20,-15,-26,-17,-11,-35,-3,-32,-3
622,-34,-18,2,-14,-33,-31,-35,-20,-16,-24,-26,-37,-7,-20,-14,-38,-10,-33,-11,-13,-27,-40,-17,-27,-21,-32,-25,-17,-37,-12,-36,-7
623,-39,-21,-5,-21,-37,-33,-39,-23,-10,-26,-30,-39,-18,-27,-19,-38,-17,-36,-19,-20,-32,-39,-25,-33,-26,-35,-28,-23,-38,-20,-38,-16
624,-37,-26,-13,-26,-42,-35,-40,-30,-3,-30,-31,-41,-23,-30,-25,-41,-23,-39,-25,-25,-33,-37,-28,-36,-32,-39,-28,-29,-39,-22,-39,-21
625,-39,-31,-18,-30,-42,-35,-40,-33,1,-32,-32,-37,-26,-30,-30,-40,-30,-42,-28,-29,-36,-36,-29,-39,-32,-39,-31,-31,-39,-28,-37,-27
626,-38,-31,-25,-30,-43,-36,-38,-34,3,-33,-34,-36,-29,-32,-31,-36,-31,-37,-30,-32,-36,-31,-31,-39,-31,-39,-32,-32,-36,-31,-38,-30
627,-35,-29,-32,-31,-42,-33,-35,-35,6,-32,-33,-32,-32,-33,-32,-33,-31,-36,-30,-30,-37,-31,-32,-38,-31,-39,-30,-32,-32,-32,-34,-32
628,-32,-26,-35,-33,-36,-31,-29,-34,12,-29,-31,-25,-34,-29,-30,-28,-30,-32,-30,-33,-31,-22,-32,-36,-29,-35,-28,-32,-28,-33,-26,-32
629,-25,-23,-39,-28,-32,-23,-23,-30,7,-24,-26,-21,-34,-24,-29,-20,-30,-27,-33,-32,-28,-16,-30,-32,-23,-29,-23,-29,-22,-31,-24,-32
630,-19,-20,-37,-27,-25,-18,-19,-26,5,-20,-20,-13,-30,-18,-25,-10,-29,-22,-26,-30,-22,-10,-23,-27,-17,-22,-17,-24,-15,-27,-17,-29
631,-10,-12,-38,-23,-20,-10,-10,-20,5,-16,-12,-4,-27,-10,-21,-5,-23,-15,-22,-22,-16,0,-20,-21,-13,-17,-12,-20,-8,-23,-6,-27
632,-3,-8,-34,-18,-12,-3,-1,-12,3,-10,-6,4,-19,-1,-15,3,-15,-8,-20,-17,-9,8,-13,-15,-8,-10,-6,-14,2,-18,1,-19
633,1,-1,-30,-12,-5,3,5,-6,3,-3,-1,8,-16,5,-7,9,-9,1,-14,-9,-3,12,-9,-7,-2,-1,-1,-10,6,-11,6,-13
634,11,6,-25,-7,3,9,12,1,-1,-1,4,15,-10,8,0,16,-4,7,-5,-2,4,17,-2,1,2,6,2,-4,13,-5,15,-7
635,15,10,-21,-1,10,12,20,3,-3,5,10,17,-6,15,4,19,-1,11,0,4,9,21,6,6,6,12,6,0,19,1,19,-3
636,21,13,-13,5,16,17,22,10,-7,9,15,20,2,18,9,22,7,16,4,7,14,22,9,14,9,18,11,5,22,6,21,3
637,24,15,-5,9,19,20,25,13,-8,14,17,22,6,20,11,25,11,22,11,13,19,24,14,20,13,21,16,12,23,10,24,7
638,27,17,3,12,22,21,25,15,-8,15,17,21,8,19,15,25,13,22,15,16,21,25,16,22,13,23,14,18,27,12,25,13
639,25,17,13,12,23,21,27,14,-3,18,16,24,13,15,18,24,14,23,16,18,20,22,16,24,13,26,13,18,25,15,26,12
640,26,14,19,13,26,20,26,16,-2,14,13,21,17,12,14,21,14,22,14,18,20,17,18,25,14,24,14,17,23,18,21,14
641,22,10,23,11,23,18,22,15,0,14,11,15,17,10,13,17,14,21,17,15,20,15,17,25,12,24,10,19,17,18,20,12
642,20,4,27,7,20,14,19,13,5,12,9,13,15,4,13,13,12,19,15,15,19,10,15,23,7,18,8,17,14,17,15,15
643,17,-1,27,8,19,12,13,7,9,5,4,10,14,-2,8,10,9,13,12,11,14,7,9,20,3,16,4,11,10,15,14,13
644,10,-8,28,7,13,8,11,5,14,2,1,4,13,-9,4,6,6,11,8,5,11,5,6,15,2,12,2,8,9,11,11,9
645,6,-15,27,0,9,4,5,1,16,0,-2,3,8,-15,1,1,1,8,2,2,8,3,4,11,-3,8,-3,3,3,7,8,5
646,3,-19,23,0,6,6,2,-3,20,-4,-4,-1,4,-21,-3,-1,-2,3,0,-2,4,-1,0,11,-4,4,-7,-1,-1,2,6,4
647,0,-21,18,-4,3,3,1,-4,25,-4,-7,-3,-1,-24,-2,-1,-5,3,-3,-5,1,-1,-4,6,-5,1,-8,-5,-1,-1,3,-2
648,0,-23,15,-7,1,1,1,-4,27,-4,-7,-4,-2,-26,-3,-1,-3,-2,-2,-5,0,-2,-4,5,-5,-1,-5,-5,-1,-5,2,-4
649,1,-25,12,-6,-2,1,2,-6,25,-4,-9,-3,-5,-28,-8,0,-7,-1,-6,-6,-3,1,-4,2,-6,-1,-5,-7,-2,-6,2,-6
650,1,-26,6,-6,-2,5,3,-5,28,-3,-6,0,-6,-27,-5,3,-8,0,-6,-7,-2,2,-6,1,-4,1,-3,-6,0,-7,1,-5
651,1,-22,3,-3,-3,7,5,-2,25,0,-1,0,-6,-24,-4,5,-2,0,-6,-8,1,5,-2,-2,1,1,2,-3,4,-7,1,-5
652,4,-16,-2,-1,0,8,5,1,23,3,2,6,-4,-16,0,8,0,3,-3,-2,2,9,1,2,4,7,7,-1,8,-5,6,-5
653,6,-11,-3,4,6,11,8,6,18,5,6,10,0,-8,1,12,5,9,1,-1,5,14,6,4,8,8,10,-1,10,0,8,1
654,9,-3,-6,9,9,16,14,12,16,12,10,13,4,0,9,13,9,11,6,2,10,15,7,6,14,9,17,6,16,2,11,5
655,14,4,-5,12,12,20,18,18,9,15,15,19,8,9,13,17,11,14,13,8,15,18,13,8,17,13,21,12,19,6,16,6
656,16,14,-3,19,12,22,19,24,0,21,22,19,10,17,17,20,14,19,17,14,16,19,19,11,22,16,27,15,23,14,16,14
657,19,22,1,23,15,24,22,26,-4,25,24,22,17,24,23,22,21,21,21,21,19,23,22,16,27,19,30,19,27,16,19,19
658,21,30,3,28,19,27,23,31,-6,29,28,22,20,33,27,24,25,22,28,26,22,22,28,18,28,23,29,24,27,19,20,24
659,21,35,8,29,20,24,24,32,-14,32,29,20,23,38,32,21,30,22,31,30,23,20,30,20,30,21,33,28,27,25,21,28
660,21,41,12,31,19,23,21,30,-16,31,29,20,28,40,33,16,30,22,34,30,22,17,30,19,29,21,33,29,22,28,21,33
661,19,43,16,31,19,20,16,30,-18,30,27,18,31,43,31,12,31,18,32,30,22,13,31,21,30,20,31,29,17,29,18,36
662,17,46,18,29,17,14,14,29,-21,28,27,14,29,42,29,11,30,15,33,29,20,8,30,18,28,18,29,29,15,28,12,33
663,11,44,20,25,10,7,8,23,-19,23,25,3,26,41,27,3,26,11,27,26,16,-1,24,17,20,11,24,26,8,26,7,31
664,6,39,22,22,8,2,0,15,-20,19,20,-5,24,37,24,-2,22,6,24,24,10,-8,19,15,15,6,19,22,-2,20,-1,27
665,0,36,23,16,1,-4,-8,10,-18,11,12,-8,22,32,17,-9,16,1,18,18,5,-15,14,7,6,2,10,16,-6,17,-8,23
666,-7,30,18,8,-4,-13,-11,4,-13,3,4,-14,18,27,10,-14,9,-3,12,12,-5,-21,7,-1,-1,-3,1,8,-15,10,-10,15
667,-13,22,16,2,-11,-18,-18,-5,-7,-1,-5,-20,12,16,2,-21,3,-12,5,5,-11,-27,-2,-6,-7,-11,-6,2,-21,5,-18,8
668,-19,11,14,-4,-17,-25,-24,-15,-5,-13,-10,-26,6,7,-5,-27,-5,-20,-5,-2,-18,-32,-5,-12,-15,-19,-15,-8,-27,-5,-22,0
669,-24,-1,8,-15,-22,-31,-29,-19,-2,-21,-19,-30,-3,-1,-14,-27,-14,-24,-11,-10,-23,-33,-14,-19,-20,-26,-21,-14,-30,-12,-29,-10
670,-29,-9,0,-23,-27,-32,-29,-25,1,-26,-25,-32,-13,-12,-20,-31,-20,-27,-19,-16,-28,-36,-19,-25,-28,-30,-29,-20,-35,-15,-34,-16
671,-31,-15,-5,-27,-30,-34,-29,-30,3,-31,-28,-33,-19,-18,-25,-32,-24,-28,-25,-22,-32,-34,-28,-28,-31,-33,-35,-28,-34,-22,-35,-24
672,-31,-23,-9,-32,-32,-36,-32,-36,2,-35,-31,-33,-25,-24,-31,-33,-31,-32,-31,-28,-33,-30,-33,-32,-33,-33,-37,-32,-34,-28,-33,-28
673,-32,-30,-20,-35,-31,-34,-32,-36,1,-35,-33,-32,-33,-27,-33,-30,-34,-31,-33,-31,-32,-27,-37,-33,-34,-33,-38,-34,-32,-31,-31,-33
674,-27,-33,-23,-35,-29,-30,-30,-36,0,-35,-29,-28,-33,-29,-37,-25,-35,-30,-35,-33,-34,-25,-35,-31,-34,-34,-37,-35,-29,-35,-27,-36
675,-24,-36,-29,-34,-26,-24,-24,-35,-2,-34,-31,-23,-34,-33,-35,-18,-33,-28,-37,-32,-32,-16,-36,-29,-32,-28,-36,-33,-22,-33,-23,-36
676,-19,-36,-33,-30,-22,-19,-20,-29,-5,-30,-28,-20,-36,-35,-32,-13,-31,-19,-35,-33,-26,-12,-32,-26,-27,-24,-32,-32,-15,-33,-17,-37
677,-13,-37,-34,-28,-17,-15,-15,-23,-9,-25,-23,-13,-34,-32,-29,-6,-28,-17,-31,-31,-19,-7,-29,-22,-22,-17,-25,-27,-13,-30,-11,-32
678,-10,-32,-35,-26,-13,-8,-9,-20,-13,-20,-17,-5,-28,-28,-24,-3,-23,-10,-27,-24,-16,0,-24,-17,-19,-12,-19,-20,-5,-24,-8,-30
679,-3,-28,-32,-20,-8,-3,-4,-13,-18,-13,-13,1,-25,-24,-19,2,-16,-4,-21,-20,-11,5,-19,-11,-13,-7,-14,-16,-2,-19,-1,-21
680,3,-22,-27,-12,-1,2,4,-4,-18,-9,-8,4,-19,-19,-13,8,-12,-1,-13,-14,-5,7,-12,-6,-4,2,-5,-12,4,-13,4,-15
681,7,-15,-21,-6,2,10,10,1,-24,0,-1,8,-14,-14,-7,12,-6,5,-9,-8,3,9,-5,2,2,7,1,-5,9,-7,6,-11
682,13,-9,-15,0,7,12,14,7,-25,6,4,11,-5,-10,-3,13,2,10,-2,-3,5,14,3,7,5,12,5,3,11,-2,9,-5
683,13,-5,-10,7,9,14,13,10,-24,9,7,11,2,-3,6,15,6,14,6,4,9,11,7,11,10,14,10,6,11,5,14,2
684,14,2,-4,9,11,12,12,13,-23,13,10,11,8,3,8,13,10,16,6,8,12,11,12,14,14,13,16,11,13,7,12,7
685,14,6,0,9,11,15,11,14,-20,16,13,11,9,3,14,9,12,15,11,10,12,7,14,13,16,14,15,13,12,9,10,9
686,11,11,6,13,11,12,9,14,-15,16,13,8,12,8,14,7,13,12,11,11,13,5,12,15,16,13,15,18,10,13,8,12
687,9,10,12,13,8,10,7,14,-9,14,11,5,13,8,16,6,12,11,14,12,14,-1,16,13,18,10,13,17,6,15,7,15
688,4,10,13,13,5,3,4,11,0,14,10,1,14,7,16,-3,16,7,14,10,9,-4,15,8,12,7,11,15,3,14,3,12
689,2,10,16,12,1,0,-1,8,5,12,8,-1,13,6,13,-5,13,1,12,9,7,-6,13,5,11,3,9,11,-1,12,-1,10
690,-1,9,16,8,-2,-2,-2,4,12,6,6,-5,11,7,10,-8,10,-3,10,5,5,-9,10,2,7,-1,5,8,-5,9,-3,8
691,-5,4,17,5,-7,-6,-6,3,20,5,2,-7,10,5,6,-9,11,-6,7,4,-1,-13,7,-3,2,-4,2,5,-8,7,-6,6
692,-9,1,14,1,-8,-8,-6,-3,29,0,-2,-10,4,-1,5,-9,7,-7,5,2,-4,-14,4,-8,-2,-8,-1,2,-10,5,-9,3
693,-10,-2,11,2,-9,-10,-10,-6,34,-4,-3,-7,2,-3,-1,-10,-1,-11,0,1,-7,-11,1,-9,-3,-10,-7,-2,-9,1,-9,1
694,-11,-5,7,-3,-12,-11,-11,-7,36,-8,-6,-7,-3,-7,-3,-9,-5,-11,-3,-1,-9,-7,-6,-8,-5,-10,-7,-8,-7,-4,-8,-5
695,-8,-7,4,-7,-11,-9,-8,-8,37,-8,-7,-4,-5,-8,-8,-5,-7,-10,-4,-5,-9,-6,-5,-10,-7,-8,-7,-8,-6,-6,-7,-6
696,-6,-11,-1,-9,-9,-6,-6,-7,40,-7,-7,-1,-10,-8,-8,-2,-7,-10,-7,-6,-9,-2,-7,-6,-6,-7,-6,-9,-4,-8,-5,-8
697,-2,-10,-6,-7,-7,0,0,-5,38,-7,-6,2,-10,-8,-8,2,-8,-7,-8,-5,-5,2,-9,-8,-5,-5,-7,-11,1,-8,0,-8
698,2,-10,-8,-7,0,3,5,-3,36,-5,-4,6,-9,-7,-6,9,-6,-1,-7,-2,-3,8,-6,-4,-1,0,-1,-10,9,-8,6,-8
699,5,-9,-8,-5,3,5,12,0,29,-3,1,11,-5,-5,-3,12,-6,3,-6,0,1,14,-2,0,1,4,2,-4,13,-3,12,-5
700,12,-5,-8,-2,8,13,15,3,25,5,4,18,-5,1,-2,20,-2,10,-3,1,6,24,0,5,5,10,4,1,17,-3,17,-3
701,17,-2,-9,4,14,20,23,9,19,10,12,24,-1,4,3,27,3,17,2,6,12,28,4,8,10,17,11,6,25,0,24,-1
702,22,4,-6,10,18,25,27,14,13,16,17,26,4,10,10,30,8,21,8,13,19,32,11,18,15,21,17,13,30,6,29,3
703,28,10,-2,14,24,28,30,19,6,20,21,31,13,15,17,31,15,24,16,16,26,32,16,23,20,25,22,19,31,13,33,12
704,32,13,3,20,29,29,31,24,-2,25,27,35,17,18,23,33,17,29,18,21,29,35,21,30,24,29,27,22,34,18,34,21
705,35,19,7,22,33,31,33,26,-7,28,30,33,20,21,26,34,24,33,22,27,31,35,26,32,27,33,28,27,33,21,35,24
706,37,26,12,27,34,31,33,30,-11,28,32,33,26,24,28,32,27,32,27,31,29,30,27,33,30,36,30,30,32,29,35,27
707,38,26,14,28,34,30,31,31,-16,30,31,29,27,28,31,29,32,34,29,31,32,26,29,35,29,33,30,32,30,32,32,30
708,32,28,23,30,31,28,30,31,-15,30,30,23,31,28,32,24,31,31,30,32,30,23,33,35,28,31,29,33,26,33,27,32
709,25,29,26,27,29,24,23,29,-15,27,26,22,31,26,28,18,31,28,31,31,30,17,29,31,24,28,25,30,21,32,21,31
710,21,29,28,26,23,16,17,25,-14,24,23,13,31,28,27,12,29,21,27,30,22,9,25,26,20,24,20,25,13,29,17,29
711,13,25,29,21,16,13,11,17,-12,18,15,6,30,23,23,5,24,17,23,24,16,2,19,23,16,18,15,20,7,26,11,26
712,8,21,27,18,9,6,4,12,-8,10,9,-1,22,17,18,-1,19,9,19,16,13,-5,16,14,10,10,8,10,-1,19,2,23
713,0,17,27,13,1,-2,-4,3,-6,4,1,-12,17,9,12,-9,11,2,10,11,6,-12,9,7,3,3,0,6,-9,14,-7,15
714,-9,10,24,4,-4,-11,-10,-2,-1,-4,-10,-17,9,6,5,-18,3,-6,4,4,-2,-20,-2,0,-5,-4,-8,0,-15,9,-15,7
715,-17,6,20,-3,-12,-16,-18,-8,0,-12,-17,-21,3,1,-2,-23,-4,-13,-3,-2,-10,-27,-7,-7,-13,-11,-17,-9,-18,-1,-19,0
716,-22,1,13,-12,-21,-22,-23,-17,6,-19,-21,-26,-5,-8,-12,-26,-11,-16,-9,-10,-12,-31,-15,-16,-20,-18,-22,-15,-24,-10,-23,-6
717,-26,-3,8,-21,-26,-27,-26,-22,7,-22,-26,-29,-13,-12,-18,-31,-20,-21,-16,-16,-19,-30,-21,-22,-27,-24,-27,-23,-29,-15,-28,-16
718,-30,-7,4,-25,-29,-28,-31,-25,5,-27,-31,-31,-21,-15,-24,-32,-26,-25,-25,-22,-24,-34,-27,-23,-30,-26,-29,-29,-31,-23,-30,-22
719,-30,-12,-6,-26,-31,-32,-34,-28,6,-31,-35,-33,-24,-19,-27,-33,-28,-29,-27,-27,-26,-33,-30,-30,-32,-28,-30,-30,-33,-28,-32,-26
720,-32,-16,-12,-30,-33,-32,-31,-30,3,-33,-37,-31,-27,-19,-29,-31,-30,-30,-31,-31,-28,-31,-30,-31,-32,-32,-30,-31,-30,-29,-31,-31
721,-30,-16,-18,-31,-33,-30,-29,-31,-2,-33,-33,-29,-31,-22,-31,-29,-31,-30,-33,-33,-27,-26,-34,-31,-30,-29,-30,-33,-27,-31,-30,-32
722,-28,-16,-24,-31,-30,-27,-28,-27,-8,-29,-31,-25,-32,-20,-29,-25,-32,-28,-32,-32,-25,-20,-32,-30,-25,-29,-27,-32,-22,-30,-25,-30
723,-22,-10,-28,-25,-27,-24,-21,-23,-14,-24,-27,-21,-33,-19,-26,-20,-26,-25,-30,-32,-22,-17,-26,-29,-21,-28,-21,-26,-18,-31,-20,-31
724,-18,-12,-32,-21,-21,-18,-17,-18,-19,-19,-18,-12,-28,-13,-20,-13,-21,-19,-26,-25,-19,-10,-20,-24,-16,-22,-15,-20,-15,-29,-14,-28
725,-14,-8,-35,-17,-18,-13,-11,-14,-27,-10,-13,-8,-27,-11,-15,-8,-18,-13,-21,-21,-15,-3,-16,-17,-11,-16,-9,-16,-8,-20,-8,-22
726,-8,-7,-34,-9,-12,-8,-6,-8,-31,-6,-5,-5,-18,-6,-10,-1,-9,-8,-15,-16,-11,0,-11,-13,-5,-10,1,-11,-1,-16,-3,-14
727,-1,-3,-31,-7,-3,-2,1,-2,-36,1,1,3,-9,-4,-4,4,-5,-4,-8,-9,-7,4,-5,-8,1,-3,6,-1,3,-8,4,-10
728,3,-2,-26,1,3,3,5,2,-39,7,8,6,-3,0,2,5,2,-1,-2,1,0,8,2,-4,9,0,13,4,9,-1,8,-3
729,7,-2,-20,7,7,7,9,8,-39,12,12,8,1,1,7,8,10,6,4,7,3,9,10,2,11,7,13,8,10,6,11,4
730,9,0,-16,11,9,9,10,15,-38,17,18,10,7,1,10,12,11,9,10,12,10,11,14,6,15,9,18,13,12,11,12,8
731,12,2,-12,13,13,10,12,15,-35,16,22,11,12,0,14,11,16,9,14,18,14,10,16,8,17,12,19,17,13,17,14,12
732,14,-2,-5,14,12,11,12,15,-33,16,21,12,15,-1,18,12,16,9,16,20,11,9,19,9,18,12,18,18,11,22,13,16
733,12,-4,1,14,11,8,11,15,-23,16,18,9,16,1,17,10,17,8,16,18,10,6,19,10,18,10,14,18,11,21,9,16
734,10,-5,4,13,12,9,9,14,-14,14,15,10,16,-5,17,4,17,9,17,18,9,1,18,11,13,8,10,17,9,20,6,17
735,6,-10,11,10,11,6,6,11,-7,9,10,5,16,-9,12,2,11,8,16,15,5,2,15,12,9,8,5,15,4,20,5,14
736,3,-12,14,8,7,3,3,3,4,4,3,1,13,-10,10,0,8,4,12,12,5,-1,9,12,3,5,-3,10,0,13,4,13
737,0,-17,14,0,6,-1,2,-3,16,-3,-1,-4,11,-15,2,-2,3,1,6,8,2,-2,3,7,-4,5,-7,5,-2,8,2,9
738,-5,-19,12,-6,3,-4,-5,-8,27,-9,-8,-7,6,-21,-3,-5,-3,1,0,1,-1,-7,-2,5,-10,1,-12,-2,-4,1,-2,2
739,-7,-24,12,-12,-2,-7,-5,-13,34,-14,-13,-7,-1,-22,-7,-5,-10,-4,-6,-8,-3,-7,-10,0,-15,-3,-17,-7,-8,-6,-3,-5
740,-9,-25,11,-15,-3,-6,-8,-19,41,-20,-20,-9,-8,-23,-15,-6,-14,-7,-12,-12,-9,-7,-15,-3,-20,-7,-24,-12,-9,-13,-5,-8
741,-9,-25,7,-19,-7,-6,-7,-23,47,-22,-23,-8,-14,-25,-20,-5,-22,-6,-16,-18,-9,-7,-22,-5,-24,-7,-27,-19,-7,-18,-5,-14
742,-8,-25,4,-23,-6,-7,-6,-26,50,-25,-25,-7,-20,-23,-23,-3,-25,-8,-21,-24,-9,-7,-27,-6,-23,-9,-29,-21,-8,-24,-5,-20
743,-7,-21,0,-24,-7,-2,-7,-25,50,-24,-27,-6,-21,-20,-25,-3,-24,-10,-24,-26,-8,-3,-27,-7,-25,-7,-26,-25,-7,-24,-5,-22
744,-4,-19,-1,-22,-7,-1,-4,-24,50,-23,-25,-2,-22,-18,-25,-2,-24,-5,-26,-26,-7,1,-25,-5,-22,-6,-22,-24,-3,-25,-4,-22
745,-2,-13,-5,-22,-6,0,-1,-22,47,-18,-19,1,-25,-13,-23,3,-23,-4,-26,-28,-5,2,-23,-6,-20,-3,-20,-22,-3,-27,0,-23
746,-2,-5,-5,-17,-4,4,2,-17,42,-14,-17,4,-22,-5,-20,5,-20,-1,-25,-25,-3,7,-19,-4,-15,0,-16,-18,2,-24,2,-20
747,1,0,-5,-13,1,8,6,-9,36,-8,-11,8,-18,1,-17,8,-14,4,-20,-19,3,12,-13,0,-8,4,-5,-13,7,-19,6,-15
748,8,7,-5,-5,6,11,9,-1,27,-1,1,11,-15,9,-12,14,-11,9,-12,-11,9,15,-5,1,1,8,4,-4,11,-13,10,-9
749,12,16,-3,1,8,14,14,5,18,9,7,13,-8,15,-3,14,0,9,-5,-4,9,17,3,5,8,11,14,1,14,-3,12,-3
750,16,24,0,9,12,16,17,16,9,16,16,15,1,23,6,16,9,13,4,3,12,22,11,12,19,12,21,8,15,4,12,3
751,21,30,2,17,12,18,19,26,1,23,25,18,8,29,15,17,16,13,15,16,16,20,19,13,29,15,29,16,17,12,14,12
752,22,37,7,29,12,19,17,33,-6,31,31,18,16,35,27,17,26,16,23,25,19,20,29,16,36,19,36,26,19,19,16,21
753,21,39,14,33,14,19,18,38,-11,37,40,19,22,36,32,19,32,19,30,31,20,18,35,18,41,20,41,34,18,28,16,27
754,18,42,20,39,17,19,15,42,-17,42,41,17,31,39,38,15,37,19,36,36,21,15,42,19,45,18,46,38,20,34,17,32
755,17,42,21,43,14,15,17,45,-19,44,44,15,37,39,42,12,40,17,43,42,20,11,46,19,46,20,49,41,17,40,15,38
756,14,42,25,44,14,13,14,47,-20,44,43,10,41,36,43,10,44,13,46,46,16,5,47,14,47,15,47,45,11,45,12,42
757,11,35,30,41,11,9,9,42,-18,43,42,9,45,34,46,6,45,8,48,45,12,1,44,11,43,10,41,42,7,46,8,45
758,9,31,30,40,8,6,6,39,-17,38,39,6,44,28,43,2,40,8,45,43,10,-1,42,10,40,7,36,40,5,44,4,43
759,3,23,29,36,6,2,1,35,-15,32,32,2,41,21,38,-1,39,4,41,38,8,-6,35,7,32,3,32,36,-1,37,1,43
760,0,18,28,30,5,-2,-4,28,-9,25,24,-4,37,12,35,-4,32,-1,38,35,4,-10,30,3,23,0,23,29,-5,34,-4,35
761,-2,12,25,22,-1,-7,-8,17,0,16,14,-5,32,6,25,-10,25,-5,28,26,-1,-12,22,0,16,-7,12,20,-7,28,-6,29
762,-7,3,19,15,-8,-9,-10,8,2,9,7,-8,25,1,16,-10,14,-8,20,18,-5,-13,12,-3,6,-9,4,14,-12,20,-8,22
763,-8,-2,11,3,-9,-10,-11,-2,7,-2,-4,-11,14,-5,8,-12,8,-10,9,10,-8,-15,2,-7,-5,-11,-5,2,-12,10,-12,16
764,-10,-12,5,-3,-11,-12,-11,-12,11,-12,-12,-15,7,-11,-1,-10,-2,-12,-1,0,-12,-13,-6,-10,-16,-13,-14,-6,-12,2,-10,4
765,-11,-16,1,-12,-11,-11,-12,-22,12,-20,-19,-12,-3,-15,-11,-11,-13,-16,-9,-11,-12,-13,-15,-14,-22,-13,-23,-15,-13,-9,-13,-4
766,-13,-17,-9,-20,-11,-12,-12,-27,11,-24,-25,-14,-11,-18,-20,-9,-21,-14,-17,-17,-11,-12,-22,-13,-28,-14,-29,-19,-13,-16,-11,-12
767,-11,-17,-18,-26,-10,-13,-9,-32,12,-29,-29,-12,-19,-17,-26,-7,-27,-12,-25,-24,-14,-11,-29,-13,-31,-11,-32,-28,-10,-23,-10,-22
768,-9,-19,-25,-33,-10,-9,-7,-34,8,-34,-31,-9,-24,-17,-31,-5,-28,-10,-31,-30,-12,-6,-32,-10,-33,-10,-33,-32,-7,-29,-10,-27
769,-7,-17,-27,-34,-9,-8,-5,-37,2,-36,-35,-7,-30,-15,-34,-5,-31,-7,-33,-32,-9,-3,-35,-12,-33,-8,-36,-34,-7,-33,-5,-34
770,-6,-15,-30,-35,-6,-6,-5,-36,-1,-37,-32,-3,-32,-14,-36,-3,-34,-5,-34,-33,-7,1,-35,-8,-33,-6,-34,-34,-5,-34,-4,-35
771,-3,-11,-32,-33,-2,-4,-1,-32,-8,-35,-30,-1,-32,-7,-35,1,-32,-3,-37,-33,-4,1,-33,-4,-34,-4,-31,-35,0,-33,-3,-37
772,1,-6,-30,-33,0,0,3,-29,-16,-32,-27,-1,-33,-4,-32,1,-33,-1,-36,-32,-3,3,-33,-2,-31,-1,-27,-32,1,-32,3,-36
773,4,-4,-30,-31,-2,1,3,-23,-24,-26,-23,0,-33,0,-29,4,-27,3,-30,-28,-2,6,-30,0,-24,3,-22,-26,4,-29,3,-32
774,2,0,-26,-25,2,3,7,-17,-28,-21,-17,0,-30,2,-22,6,-25,2,-26,-22,0,5,-24,1,-18,2,-18,-20,6,-22,4,-27
775,4,3,-19,-21,2,7,7,-14,-36,-15,-10,2,-24,5,-15,5,-17,4,-21,-19,3,3,-18,2,-13,7,-12,-14,4,-18,6,-21
776,3,6,-14,-13,2,5,4,-8,-38,-9,-6,3,-17,5,-13,5,-12,7,-16,-14,4,2,-13,6,-7,9,-7,-9,3,-13,3,-16
777,2,5,-9,-6,2,1,4,-2,-37,-2,1,2,-12,5,-7,4,-6,4,-8,-6,2,-1,-6,5,0,5,-1,-3,1,-9,2,-13
778,2,6,0,0,0,2,2,5,-39,3,3,-3,-7,4,-1,1,-2,3,-4,-5,3,-2,0,6,3,2,6,2,1,-4,-2,-5
779,1,1,6,2,0,0,1,7,-38,6,5,-4,0,-1,6,-2,2,3,3,2,2,-3,7,3,8,1,6,7,-3,1,-4,0
780,-1,-3,12,5,-5,-3,-4,7,-33,10,6,-8,3,-5,8,-5,6,-2,7,4,1,-8,10,1,9,1,8,11,-6,6,-6,3
781,-6,-4,17,6,-7,-6,-4,9,-29,10,6,-9,8,-11,10,-8,9,-5,11,6,-2,-12,11,-2,7,-5,11,12,-9,8,-8,7
782,-7,-11,18,9,-9,-10,-9,9,-24,10,8,-12,9,-15,14,-12,10,-8,8,5,-6,-14,8,-5,8,-11,7,11,-12,9,-13,11
783,-11,-19,20,8,-15,-11,-12,6,-15,9,6,-14,8,-24,13,-15,11,-10,9,6,-8,-16,11,-8,8,-11,7,10,-12,9,-13,12
784,-13,-21,23,7,-18,-14,-15,4,-8,5,2,-16,8,-29,10,-17,9,-13,10,5,-11,-19,14,-11,7,-13,5,5,-15,10,-14,10
785,-13,-26,19,5,-17,-13,-15,3,4,4,0,-15,9,-33,8,-16,6,-15,6,3,-13,-17,7,-14,2,-16,3,2,-18,6,-15,9
786,-16,-31,15,2,-19,-15,-17,1,10,1,-2,-15,5,-36,5,-16,4,-17,4,0,-14,-16,5,-12,2,-16,-1,-3,-16,5,-16,5
787,-14,-35,11,0,-17,-13,-15,-2,18,-1,-4,-13,2,-39,-2,-15,-1,-17,1,-2,-15,-16,3,-15,-1,-15,-3,-6,-15,0,-16,1
788,-15,-40,3,-3,-16,-11,-12,-1,25,-3,-7,-10,-3,-42,-3,-12,-3,-15,-2,-5,-15,-12,0,-15,-5,-14,-7,-7,-11,-4,-13,-3
789,-11,-39,-4,-7,-14,-10,-10,-7,31,-5,-9,-7,-5,-41,-4,-5,-7,-12,-6,-9,-10,-7,-3,-14,-6,-15,-8,-10,-8,-7,-6,-5
790,-5,-36,-9,-8,-9,-6,-8,-8,33,-6,-6,-4,-5,-34,-6,-3,-8,-12,-8,-10,-6,-2,-7,-10,-4,-13,-10,-12,-2,-8,-4,-8
791,-2,-32,-17,-8,-7,-1,-3,-8,33,-7,-6,0,-7,-29,-8,3,-9,-5,-8,-9,-5,2,-8,-6,-6,-4,-9,-12,1,-9,-1,-11
792,0,-25,-23,-7,-2,3,3,-10,36,-3,-4,4,-9,-23,-10,6,-11,2,-7,-5,-1,6,-9,-2,-2,1,-5,-8,4,-11,5,-11
793,7,-19,-24,-7,3,6,8,-7,31,-4,-3,11,-8,-14,-7,8,-9,1,-5,-4,5,13,-8,2,0,5,-5,-6,8,-9,11,-10
794,10,-11,-27,-5,7,10,12,-2,29,0,0,16,-9,-4,-4,12,-8,10,-1,-4,9,17,-3,7,1,9,0,-3,15,-7,15,-7
795,15,0,-27,0,11,15,18,2,26,4,5,18,-6,7,-2,16,-3,13,-1,1,14,18,2,12,3,14,6,0,17,-3,21,-6
796,18,11,-26,2,13,20,20,8,24,8,12,21,-3,20,3,21,0,17,5,6,15,21,3,16,7,19,9,4,23,1,21,-1
797,21,20,-21,8,20,20,22,10,21,12,14,23,3,31,8,22,6,20,8,7,17,22,7,18,12,20,13,9,23,7,24,6
798,22,31,-16,12,23,21,25,16,14,18,18,24,5,36,11,22,11,23,14,13,20,21,14,22,17,24,19,13,26,10,24,7
799,24,38,-10,17,24,23,22,22,14,21,24,22,12,42,15,21,16,26,16,20,20,21,18,23,20,24,23,18,22,14,22,11
800,23,45,0,19,25,22,22,24,11,24,28,20,17,46,18,19,18,25,17,23,20,17,21,24,22,24,25,22,21,21,23,17
801,20,47,9,24,23,18,20,25,5,26,28,17,22,48,22,18,23,21,22,25,22,17,25,24,27,22,26,26,17,24,19,21
802,17,48,19,25,21,17,16,27,6,27,29,13,26,48,24,13,26,20,25,25,19,12,27,22,26,20,29,29,14,25,16,24
803,15,47,28,28,18,11,14,25,7,24,28,9,31,48,24,8,25,18,23,28,15,6,29,22,25,17,25,29,11,28,12,27
804,12,44,34,29,12,9,8,27,4,24,27,7,31,42,25,3,26,12,24,28,11,2,26,16,25,12,23,29,5,27,6,26
805,7,41,40,25,9,5,4,24,8,22,23,0,31,37,24,0,25,9,23,24,8,-3,22,11,24,7,20,26,0,27,1,27
806,1,34,45,22,3,-1,-1,18,8,19,17,-6,27,28,18,-3,23,6,22,21,4,-6,20,6,18,2,16,23,-2,23,-1,26
807,-2,24,48,18,-2,-3,-4,14,9,14,14,-8,24,20,16,-6,19,2,17,19,1,-7,15,4,15,-1,9,20,-6,21,-6,23
808,-6,17,46,15,-4,-8,-8,10,12,7,6,-11,21,12,10,-9,13,-2,13,14,-3,-9,12,0,8,-4,5,12,-8,16,-8,19
809,-9,11,44,10,-6,-12,-8,4,13,4,1,-10,14,2,6,-10,8,-6,11,9,-4,-8,7,-6,2,-7,1,5,-9,11,-13,12
810,-11,4,39,1,-7,-13,-11,0,10,-2,-4,-12,10,-5,2,-11,1,-8,3,4,-5,-11,3,-7,-5,-7,-5,2,-11,6,-13,8
811,-9,-6,31,-2,-12,-13,-12,-5,9,-6,-8,-13,4,-12,-3,-10,-5,-11,-2,-1,-8,-9,-4,-9,-8,-11,-13,-4,-12,1,-13,0
812,-10,-10,23,-5,-11,-14,-10,-8,9,-8,-12,-12,0,-16,-6,-11,-10,-10,-7,-8,-9,-8,-8,-11,-11,-11,-17,-9,-11,-5,-11,-2
813,-11,-14,13,-10,-11,-13,-8,-12,6,-14,-15,-10,-5,-20,-12,-10,-14,-10,-11,-11,-9,-6,-13,-12,-14,-10,-17,-14,-12,-8,-10,-9
814,-8,-16,3,-11,-10,-10,-8,-19,3,-14,-18,-6,-12,-22,-14,-9,-16,-9,-14,-16,-8,-4,-16,-11,-15,-7,-16,-17,-7,-12,-11,-13
815,-6,-16,-5,-13,-7,-7,-4,-15,-5,-13,-19,-2,-15,-19,-17,-4,-16,-9,-17,-18,-9,-1,-16,-7,-16,-5,-14,-18,-5,-13,-7,-16
816,-4,-15,-13,-15,-6,-5,-4,-15,-8,-17,-18,-3,-17,-17,-18,-1,-17,-5,-16,-18,-7,0,-18,-5,-19,-3,-14,-19,-2,-13,-4,-18
817,-2,-11,-20,-16,-5,-2,-3,-15,-15,-16,-19,0,-19,-15,-16,0,-15,-3,-15,-22,-1,-1,-16,-3,-16,1,-11,-19,0,-14,0,-19
818,1,-7,-25,-16,-3,3,0,-15,-21,-13,-14,-1,-17,-10,-14,4,-16,1,-17,-17,0,0,-15,-3,-12,0,-9,-17,3,-13,1,-14
819,3,-2,-30,-13,-1,2,1,-10,-29,-10,-10,-2,-16,-4,-15,3,-15,2,-14,-16,1,0,-14,-2,-11,1,-8,-14,4,-10,2,-14
820,2,3,-33,-12,-1,2,2,-4,-32,-7,-6,-2,-12,1,-10,2,-11,1,-11,-13,3,0,-8,2,-5,4,-4,-10,5,-9,2,-12
821,3,7,-33,-8,0,3,2,-3,-37,-6,-3,0,-12,5,-7,3,-8,1,-9,-9,3,-2,-4,2,-3,2,-2,-5,4,-8,3,-6
822,3,8,-30,-6,0,2,2,-1,-40,-2,-2,2,-8,7,-5,2,-3,5,-6,-5,4,-1,-2,4,-3,1,0,-4,1,-2,1,-4
823,2,10,-30,-7,-1,2,0,2,-40,1,2,-1,-5,11,-2,1,-2,5,-3,-1,5,-3,1,2,-1,2,-1,-1,0,-4,-2,-2
824,1,13,-27,-5,-4,0,-2,3,-38,2,3,-3,-3,12,-2,-4,0,1,0,0,3,-8,2,0,2,-1,2,3,-1,-4,-4,-2
825,-2,11,-22,-2,-2,-2,-3,1,-38,0,2,-3,0,13,0,-8,0,-7,3,2,1,-8,2,2,0,-1,1,2,-5,-2,-4,1
826,-8,12,-17,-5,-4,-3,-7,0,-33,-3,2,-7,1,10,-2,-10,-1,-7,4,2,-4,-10,3,-2,-2,-4,-1,1,-8,1,-7,0
827,-11,7,-10,-6,-5,-6,-10,-1,-27,-2,-1,-10,1,6,-1,-11,-2,-8,2,1,-7,-15,1,-4,-5,-5,-3,0,-9,0,-10,0
828,-13,3,-5,-9,-9,-9,-14,-4,-21,-6,-4,-14,-1,1,-3,-12,-3,-11,-2,0,-10,-15,-2,-6,-7,-10,-6,-1,-11,-2,-12,0
829,-17,-2,-2,-9,-13,-12,-15,-9,-14,-8,-8,-15,-3,-5,-5,-14,-7,-15,-5,-3,-12,-15,-6,-11,-11,-14,-10,-6,-15,-6,-14,-4
830,-15,-12,1,-11,-13,-14,-16,-12,-6,-13,-12,-16,-8,-9,-8,-14,-11,-16,-6,-8,-14,-16,-9,-13,-13,-16,-13,-9,-14,-8,-15,-6
831,-18,-18,5,-14,-14,-14,-14,-14,2,-15,-16,-16,-9,-16,-13,-13,-14,-17,-11,-11,-15,-16,-14,-13,-18,-17,-16,-13,-12,-12,-13,-10
832,-18,-25,7,-18,-14,-15,-12,-19,9,-20,-18,-15,-13,-26,-16,-15,-17,-19,-17,-14,-18,-13,-18,-16,-20,-16,-21,-16,-13,-17,-14,-15
833,-14,-31,8,-18,-14,-14,-14,-22,13,-21,-21,-12,-17,-33,-21,-11,-23,-16,-18,-17,-15,-9,-22,-16,-23,-17,-24,-18,-12,-19,-9,-17
834,-8,-35,9,-24,-15,-11,-10,-23,16,-22,-24,-9,-20,-37,-25,-7,-24,-14,-20,-21,-15,-6,-23,-15,-26,-12,-25,-20,-9,-22,-4,-19
835,-7,-37,5,-24,-12,-7,-9,-25,22,-26,-22,-6,-23,-40,-26,-3,-25,-11,-23,-22,-13,-1,-25,-12,-25,-7,-26,-22,-5,-25,-1,-22
836,-5,-42,1,-23,-8,-3,-5,-23,25,-27,-21,-2,-24,-40,-29,2,-25,-6,-23,-24,-8,3,-27,-8,-23,-4,-25,-22,-2,-24,1,-21
837,1,-41,-1,-22,-6,2,0,-20,24,-20,-18,1,-23,-38,-26,7,-23,1,-24,-23,-5,7,-27,-6,-21,0,-21,-20,4,-23,8,-20
838,7,-39,-2,-21,-2,7,6,-16,25,-17,-14,7,-23,-36,-26,12,-22,5,-21,-21,-4,12,-23,-3,-15,7,-18,-15,8,-25,9,-20
839,12,-36,-4,-16,3,10,12,-13,24,-13,-9,12,-18,-32,-19,16,-17,9,-18,-16,2,17,-19,5,-12,12,-12,-13,11,-19,13,-20
840,16,-30,-7,-6,8,15,16,-8,19,-7,-2,17,-16,-25,-15,20,-14,14,-13,-12,8,21,-13,9,-3,14,-5,-8,15,-13,15,-16
841,20,-21,-9,-5,12,16,20,-2,15,2,4,19,-12,-17,-7,24,-7,18,-6,-5,15,24,-4,14,5,18,4,-2,19,-12,19,-10
842,21,-14,-9,7,15,19,22,9,11,10,12,21,-2,-11,3,24,2,21,2,0,17,26,4,17,12,22,12,7,19,-2,20,-4
843,25,-7,-7,14,21,21,23,14,7,19,19,20,4,-4,11,25,9,24,9,9,20,22,13,21,18,23,21,14,20,6,20,6
844,25,2,-5,21,21,23,22,24,3,26,26,19,12,4,18,23,17,24,18,14,24,22,20,23,27,24,26,20,21,15,18,14
845,23,12,-1,29,22,19,23,30,2,31,32,19,18,13,25,20,24,24,23,22,22,19,28,20,33,24,34,27,20,22,17,21
846,22,20,6,34,23,17,20,34,2,39,35,17,24,20,30,17,31,21,29,29,20,15,33,22,37,25,41,35,20,29,14,26
847,18,27,10,40,22,13,16,37,3,42,38,12,32,26,35,12,36,18,33,33,19,11,37,21,42,20,42,37,17,33,14,33
848,12,32,15,42,19,11,12,41,2,42,37,9,37,29,39,9,37,14,40,39,20,5,41,17,41,16,45,42,12,37,9,39
849,8,35,18,43,14,10,8,41,5,42,38,3,39,34,39,3,40,8,43,38,15,-1,42,14,40,11,45,40,10,39,6,40
850,4,36,23,40,8,5,3,37,2,41,37,1,43,36,39,-3,39,6,43,39,11,-7,40,7,37,5,40,38,2,40,0,43
851,-1,35,25,38,5,1,-3,35,4,35,33,-3,41,34,38,-11,38,-3,41,39,6,-11,37,4,32,-2,37,35,-3,39,-5,41
852,-5,36,25,35,-1,-8,-7,30,9,31,27,-6,38,30,33,-12,35,-3,38,33,1,-13,32,-1,30,-6,29,31,-7,36,-7,36
853,-9,31,30,27,-7,-8,-9,23,14,26,21,-11,33,28,30,-15,29,-9,34,29,-2,-18,28,-6,21,-10,23,27,-12,32,-7,35
854,-13,28,29,21,-9,-13,-11,16,16,19,15,-12,27,25,24,-17,21,-13,26,21,-8,-19,19,-11,14,-14,14,21,-11,25,-11,28
855,-15,24,26,14,-11,-12,-13,10,21,11,7,-16,23,20,14,-15,14,-15,21,17,-12,-17,13,-11,8,-14,7,11,-14,19,-14,21
856,-14,17,22,7,-15,-13,-13,3,22,2,1,-14,14,14,7,-12,7,-15,13,11,-14,-16,6,-15,3,-17,0,6,-16,12,-14,13
857,-14,14,19,1,-14,-12,-13,-3,23,-3,-4,-13,6,11,-2,-12,1,-14,6,2,-12,-13,-3,-16,-5,-16,-7,-3,-12,6,-10,8
858,-12,11,16,-6,-15,-10,-12,-10,22,-11,-11,-10,3,9,-6,-10,-7,-14,-2,-3,-14,-10,-8,-17,-13,-14,-13,-8,-11,-1,-9,-1
859,-9,7,10,-12,-11,-9,-8,-14,21,-16,-15,-6,-5,9,-12,-6,-11,-11,-9,-8,-12,-7,-13,-13,-14,-13,-15,-12,-9,-8,-9,-8
860,-5,6,2,-17,-7,-3,-6,-17,17,-19,-14,-5,-12,6,-16,-2,-13,-7,-13,-11,-7,-1,-16,-12,-18,-9,-19,-17,-5,-13,-2,-12
861,0,3,-2,-17,-3,1,0,-18,11,-18,-17,1,-14,6,-19,1,-18,-4,-18,-14,-2,3,-18,-8,-18,-7,-18,-17,0,-16,2,-18
862,5,4,-6,-21,1,2,6,-19,4,-17,-16,6,-16,8,-21,6,-20,2,-19,-14,-1,7,-18,-4,-18,1,-16,-18,5,-16,5,-19
863,8,5,-12,-18,4,6,9,-16,0,-14,-12,9,-16,5,-17,10,-19,5,-15,-15,3,12,-17,-2,-15,3,-14,-17,8,-17,10,-21
864,11,7,-14,-16,7,8,12,-13,-6,-11,-8,12,-16,8,-18,13,-17,11,-18,-13,8,13,-17,4,-10,12,-10,-12,13,-15,15,-21
865,13,6,-17,-14,12,14,15,-10,-14,-8,-5,14,-16,11,-15,16,-15,13,-17,-9,13,14,-12,11,-6,13,-5,-9,14,-13,17,-14
866,14,7,-19,-8,13,16,17,-4,-20,-7,-3,17,-13,12,-10,18,-12,16,-12,-8,14,16,-8,13,-6,18,0,-5,17,-7,16,-12
867,15,9,-19,-7,16,15,19,-2,-25,-1,1,16,-8,12,-8,17,-6,16,-7,-1,17,14,-3,16,-2,17,1,2,16,-6,17,-8
868,16,9,-15,-1,19,13,16,-2,-29,3,6,14,-3,13,-2,15,-2,17,-4,0,17,13,-1,19,3,17,4,4,14,-1,16,-4
869,15,9,-13,2,16,11,15,6,-32,4,6,11,-1,12,3,13,1,17,-1,4,17,10,4,19,5,16,6,7,12,2,14,-2
870,14,9,-12,6,13,6,11,8,-32,8,7,9,5,9,5,6,5,15,2,8,14,5,5,16,6,16,6,10,8,5,9,3
871,6,6,-9,6,8,4,5,8,-33,7,8,1,10,4,6,3,8,11,6,8,10,-2,8,12,8,11,6,9,3,7,4,5
872,2,5,-5,7,4,-2,0,6,-31,6,5,-3,8,3,5,-3,8,6,7,10,5,-6,7,9,7,6,3,6,-4,6,-1,7
873,-3,0,-3,5,-3,-7,-5,3,-28,3,2,-9,7,1,3,-7,5,-1,5,6,1,-12,6,4,5,-2,-1,4,-9,6,-6,6
874,-9,-2,-2,3,-8,-11,-10,0,-22,-1,-3,-14,6,-6,-2,-14,4,-6,4,3,-5,-20,2,1,1,-6,-7,1,-17,3,-13,2
875,-13,-8,1,-1,-14,-17,-14,-5,-16,-6,-10,-22,3,-14,-5,-21,-3,-13,-1,-1,-12,-24,-3,-4,-7,-11,-11,-7,-19,-2,-17,2
876,-21,-15,4,-4,-21,-23,-21,-12,-10,-12,-14,-25,-3,-19,-10,-27,-9,-20,-4,-9,-18,-26,-9,-11,-14,-15,-17,-13,-24,-6,-20,-2
877,-23,-21,4,-12,-26,-25,-25,-18,-3,-17,-21,-29,-7,-23,-15,-27,-15,-22,-11,-13,-22,-28,-16,-17,-20,-20,-21,-18,-27,-11,-22,-7
878,-28,-25,2,-18,-27,-27,-28,-24,2,-24,-27,-30,-13,-29,-18,-28,-19,-25,-16,-18,-24,-30,-21,-22,-26,-23,-28,-24,-29,-16,-27,-14
879,-29,-31,1,-24,-32,-27,-27,-29,7,-30,-32,-32,-20,-34,-24,-27,-26,-25,-22,-25,-29,-30,-27,-26,-31,-29,-34,-32,-31,-20,-28,-21
880,-30,-33,-5,-31,-33,-26,-28,-33,9,-34,-37,-31,-25,-38,-29,-27,-32,-27,-26,-31,-30,-27,-31,-28,-37,-30,-36,-37,-31,-28,-28,-28
881,-29,-36,-9,-35,-30,-23,-28,-36,10,-37,-42,-26,-32,-41,-34,-21,-33,-27,-29,-38,-28,-22,-35,-27,-36,-29,-38,-39,-26,-36,-26,-33
882,-26,-38,-12,-37,-28,-19,-22,-36,13,-39,-42,-20,-34,-40,-38,-19,-37,-27,-34,-36,-27,-19,-37,-28,-36,-27,-38,-41,-22,-38,-21,-36
883,-22,-37,-17,-37,-23,-14,-18,-36,15,-36,-40,-15,-38,-38,-37,-13,-41,-23,-34,-38,-22,-10,-36,-26,-36,-23,-36,-39,-17,-42,-18,-39
884,-15,-34,-23,-36,-18,-10,-12,-33,11,-34,-35,-10,-40,-37,-39,-10,-37,-18,-34,-38,-15,-3,-36,-21,-30,-17,-30,-38,-12,-39,-11,-40
885,-10,-31,-26,-33,-13,-3,-5,-29,9,-27,-30,-2,-35,-34,-34,1,-34,-10,-32,-32,-9,4,-32,-15,-28,-11,-24,-34,-3,-38,-4,-35
886,-4,-27,-27,-29,-4,4,1,-24,6,-19,-21,4,-32,-25,-29,6,-29,-4,-29,-27,-3,8,-27,-10,-21,-4,-18,-28,4,-33,4,-32
887,3,-20,-26,-22,2,10,6,-15,0,-14,-15,12,-28,-19,-21,11,-21,1,-24,-23,4,15,-18,-4,-12,3,-8,-20,10,-29,9,-27
888,13,-13,-22,-10,9,16,14,-6,-2,-3,-3,19,-20,-12,-13,18,-12,8,-14,-11,10,20,-9,2,-1,11,2,-12,18,-19,16,-19
889,16,-6,-20,-2,16,20,20,7,-6,6,9,24,-13,-4,-6,20,-1,13,-8,-1,18,25,-1,11,6,17,13,-3,24,-9,23,-8
890,21,2,-18,7,21,25,25,16,-8,18,18,26,-3,3,6,23,7,20,3,7,21,26,8,16,16,21,20,6,27,0,25,0
891,24,7,-10,17,25,28,26,24,-10,25,27,27,6,9,16,27,14,22,11,14,24,28,19,20,26,22,31,17,32,12,27,9
892,27,11,-3,24,27,31,30,33,-8,35,35,31,15,17,25,28,26,26,23,28,29,27,31,27,34,28,38,29,31,22,30,19
893,28,16,3,33,29,30,27,40,-10,40,43,28,25,21,34,26,34,27,29,35,32,24,37,29,40,28,46,34,31,30,30,28
894,27,19,12,40,27,30,26,46,-7,45,48,28,34,22,38,22,42,28,37,42,31,22,43,28,44,26,49,42,31,39,28,38
895,26,23,19,45,27,24,24,50,-3,46,52,24,41,23,43,24,45,27,44,50,29,18,47,28,46,24,51,49,25,44,24,45
896,24,23,28,48,24,20,20,50,1,49,51,20,43,24,47,21,45,23,47,51,24,13,48,29,46,22,50,53,20,47,19,49
897,20,22,32,49,21,15,16,46,7,45,48,16,46,23,48,17,47,20,48,51,22,8,46,26,45,19,47,50,17,52,17,48
898,17,22,37,46,17,10,14,42,9,42,43,11,47,22,47,11,45,16,48,49,19,4,45,21,43,16,40,46,12,48,11,48
899,15,18,41,41,13,6,10,39,19,37,36,6,47,16,40,6,40,11,43,46,14,2,41,18,37,14,34,44,6,46,8,45
900,9,16,42,34,5,-1,6,30,23,29,30,2,43,12,35,2,34,11,37,40,10,-3,36,13,31,10,26,36,1,41,3,41
901,6,11,42,28,3,-6,1,23,29,24,21,-2,38,8,28,-2,30,6,31,33,6,-4,28,9,21,3,17,29,-1,35,-1,33
902,3,10,37,21,1,-9,-2,15,33,15,13,-6,31,4,20,-3,22,2,23,26,2,-4,21,5,10,1,11,20,-4,29,-4,26
903,0,5,33,12,-2,-10,-2,6,36,8,2,-7,23,0,12,-6,13,-1,15,18,0,-5,13,1,3,-3,2,11,-6,20,-5,19
904,-3,1,27,3,-4,-10,-4,-2,34,-2,-4,-6,14,-1,6,-5,5,-4,5,10,-3,-7,4,-1,-4,-3,-5,4,-8,14,-5,10
905,-3,-1,21,-3,-5,-7,-4,-9,34,-9,-9,-7,6,-1,-3,-4,-6,-6,-2,1,-4,-7,-3,-5,-8,-5,-14,-3,-10,4,-6,2
906,-4,0,14,-7,-8,-7,-3,-12,33,-14,-13,-8,-1,-1,-9,-5,-9,-5,-7,-6,-3,-4,-9,-6,-14,-6,-18,-11,-8,-2,-9,-5
907,-2,1,7,-11,-8,-8,-2,-15,27,-15,-15,-6,-8,-1,-13,-2,-14,-3,-14,-12,-7,-3,-14,-5,-16,-6,-19,-15,-5,-9,-5,-8
908,-2,4,1,-14,-7,-8,-1,-18,22,-17,-19,-3,-14,2,-18,1,-19,-3,-18,-18,-4,0,-17,-5,-17,-3,-19,-15,-6,-13,-1,-12
909,-2,8,-6,-17,-5,-2,1,-18,13,-15,-18,0,-14,4,-19,4,-18,-1,-19,-21,-3,0,-17,-4,-15,-3,-18,-16,-4,-14,0,-15
910,0,12,-11,-17,-2,1,3,-17,9,-14,-17,-1,-19,6,-18,2,-16,1,-18,-22,-4,0,-14,-1,-15,-1,-15,-15,-2,-18,1,-15
911,-1,15,-14,-14,-1,1,4,-14,1,-10,-13,1,-16,11,-13,0,-14,3,-18,-18,-1,1,-13,0,-11,3,-11,-13,1,-16,2,-14
912,2,18,-14,-10,2,3,2,-9,-8,-6,-11,0,-15,14,-11,1,-11,3,-14,-16,3,2,-8,1,-7,4,-7,-11,0,-14,3,-14
913,-1,22,-16,-6,2,4,1,-5,-14,-4,-4,0,-13,19,-7,2,-7,5,-9,-12,0,2,-5,3,1,5,1,-6,0,-13,3,-10
914,2,23,-13,-4,1,4,1,1,-20,2,-1,2,-10,19,-4,0,-4,5,-4,-6,1,-2,-2,5,5,0,8,-1,1,-7,0,-5
915,-1,26,-10,1,2,3,-3,5,-27,6,4,1,-1,23,1,-3,0,3,0,-1,4,-3,2,4,10,3,10,1,-2,-2,-3,-1
916,-3,22,-9,4,-2,0,-3,10,-30,11,7,-2,-1,22,6,-6,6,3,5,5,4,-8,8,3,12,2,12,5,-6,2,-4,4
917,-7,23,-4,7,-4,-3,-5,12,-33,13,10,-4,2,20,11,-9,9,-2,11,9,2,-10,11,-1,12,-2,15,9,-8,5,-8,8
918,-9,23,1,10,-3,-6,-11,12,-33,16,13,-11,7,16,14,-12,10,-5,12,10,-4,-14,16,-1,13,-6,13,11,-11,9,-11,12
919,-11,18,5,11,-8,-11,-12,12,-29,13,11,-14,12,13,17,-15,13,-9,11,13,-6,-17,15,-4,13,-9,11,12,-12,12,-12,13
920,-17,13,5,9,-13,-15,-18,12,-29,11,8,-19,13,9,14,-18,13,-14,14,12,-9,-21,14,-10,9,-12,9,12,-19,10,-14,13
921,-18,4,7,7,-14,-19,-19,7,-24,6,4,-22,11,1,11,-20,9,-20,12,13,-13,-23,10,-15,5,-18,6,8,-18,9,-18,14
922,-22,-1,7,3,-18,-20,-22,1,-19,1,0,-23,9,-5,6,-22,3,-23,10,7,-17,-27,7,-15,1,-21,-1,2,-19,10,-19,11
923,-24,-8,7,-2,-21,-23,-25,-7,-15,-7,-8,-26,3,-11,2,-27,1,-24,5,2,-21,-26,0,-20,-4,-23,-8,-2,-23,3,-24,7
924,-27,-14,3,-8,-23,-23,-26,-11,-8,-11,-15,-25,-1,-18,-7,-24,-7,-24,-2,0,-23,-25,-5,-22,-12,-24,-16,-9,-22,-4,-23,-1
925,-25,-22,-1,-14,-24,-25,-22,-20,-2,-18,-21,-22,-6,-24,-12,-23,-15,-26,-9,-11,-24,-21,-13,-24,-21,-25,-23,-14,-22,-9,-22,-5
926,-23,-27,-5,-20,-23,-21,-21,-26,1,-27,-27,-17,-14,-28,-21,-22,-21,-25,-19,-18,-24,-18,-21,-25,-26,-24,-29,-22,-21,-17,-20,-13
927,-19,-32,-10,-24,-22,-20,-17,-33,6,-33,-34,-16,-18,-31,-29,-16,-26,-25,-25,-24,-24,-12,-28,-26,-32,-20,-32,-27,-18,-23,-16,-21
928,-16,-34,-16,-34,-19,-15,-15,-35,9,-35,-34,-12,-26,-33,-33,-13,-34,-21,-32,-29,-20,-8,-35,-23,-38,-19,-39,-33,-11,-29,-10,-29
929,-13,-35,-24,-37,-18,-8,-10,-39,11,-42,-37,-6,-31,-32,-36,-6,-39,-16,-36,-33,-16,-3,-39,-19,-39,-15,-41,-38,-7,-36,-6,-34
930,-6,-34,-29,-38,-10,-6,-6,-40,10,-42,-39,-2,-35,-32,-41,3,-41,-11,-39,-37,-13,5,-42,-14,-39,-9,-41,-41,1,-37,0,-38
931,1,-34,-33,-39,-8,1,3,-41,11,-40,-40,5,-40,-28,-43,9,-45,-4,-38,-41,-8,11,-44,-6,-38,-2,-40,-40,6,-39,6,-41
932,6,-28,-35,-39,-1,7,7,-39,9,-38,-37,10,-40,-24,-41,12,-42,1,-41,-39,-4,17,-41,-2,-36,4,-37,-38,12,-40,11,-44
933,12,-24,-38,-35,3,10,11,-34,6,-36,-31,17,-38,-20,-40,19,-40,8,-41,-39,2,22,-38,5,-30,12,-31,-37,16,-39,17,-43
934,16,-16,-41,-32,7,16,15,-26,7,-28,-26,18,-37,-14,-38,23,-33,14,-36,-33,6,26,-33,12,-25,17,-25,-32,19,-35,19,-39
935,24,-10,-38,-25,14,20,20,-20,5,-21,-17,23,-31,-10,-27,25,-25,19,-28,-25,13,26,-26,17,-18,22,-19,-25,23,-31,22,-35
936,27,-5,-31,-17,18,26,25,-11,1,-13,-7,23,-26,-4,-18,27,-22,22,-20,-21,18,27,-18,23,-10,25,-10,-18,28,-23,23,-27
937,30,-1,-28,-10,22,24,27,-4,-4,-4,1,25,-17,1,-11,28,-13,24,-16,-14,22,29,-9,24,-2,30,0,-7,25,-12,28,-18
938,28,6,-19,0,24,25,26,6,-4,5,8,25,-10,5,-4,28,-6,27,-7,-5,24,26,0,23,7,29,8,1,25,-4,26,-9
939,28,9,-9,9,24,26,27,15,-6,16,17,24,0,10,6,27,2,26,2,6,25,23,11,25,14,27,15,10,24,2,23,1
940,27,12,1,17,26,24,24,19,-5,21,25,21,9,12,17,23,11,28,11,15,26,19,16,26,23,26,23,18,21,12,21,10
941,23,13,11,22,23,20,20,27,-5,26,29,19,16,13,22,18,21,25,20,20,26,15,23,24,30,23,31,26,18,22,18,16
942,21,12,22,30,22,16,16,33,-5,32,34,14,22,10,29,15,27,21,27,27,22,6,31,21,34,21,36,30,15,26,14,24
943,14,13,29,31,21,13,15,34,0,35,39,10,29,11,33,11,32,18,32,33,18,3,33,19,36,16,36,32,12,33,11,31
944,12,11,40,34,16,9,11,37,1,36,35,7,35,8,36,6,35,12,33,37,14,1,35,14,36,11,37,33,10,36,10,34
945,7,8,45,33,9,5,6,40,5,34,34,3,37,2,37,2,37,9,39,36,11,-2,37,8,38,7,38,37,4,39,4,35
946,3,4,48,34,5,3,0,36,8,33,31,-2,38,-1,37,-3,37,3,37,33,8,-6,34,5,36,1,33,34,1,38,0,36
947,0,3,52,33,2,0,-4,32,11,33,29,-4,37,-2,34,-6,34,-1,33,33,3,-7,33,2,31,-5,29,33,-2,35,-4,34
948,-5,-3,50,31,-2,-2,-7,27,15,28,23,-4,34,-9,29,-9,32,-3,32,30,1,-7,28,-2,26,-6,26,30,-7,32,-5,34
949,-5,-6,45,25,-4,-3,-6,24,16,22,21,-6,29,-9,26,-9,25,-6,29,26,-2,-7,27,-5,22,-5,20,23,-7,28,-5,28
950,-6,-8,41,19,-4,-1,-7,20,19,20,16,-5,25,-10,24,-9,21,-5,23,20,-3,-4,22,-5,19,-6,15,19,-7,21,-6,26
951,-5,-9,35,12,-9,-4,-6,15,18,13,12,-3,23,-11,18,-9,18,-8,21,17,-4,-4,15,-6,16,-7,11,15,-6,17,-3,20
952,-5,-8,29,11,-6,-4,-6,12,16,11,9,-4,17,-9,12,-4,15,-6,16,16,-4,-2,11,-9,11,-6,8,11,-4,15,-4,16
953,-2,-8,18,8,-6,-2,-5,8,17,8,9,0,13,-5,8,-3,12,-3,10,11,-3,-2,8,-9,7,-7,8,6,-2,12,-4,12
954,0,-3,9,4,-1,0,-2,5,13,6,6,1,8,-2,8,0,8,-2,6,9,-2,2,5,-4,4,-3,4,8,0,8,-2,8
955,4,-1,2,2,1,3,1,5,9,4,4,3,8,2,6,2,5,-4,6,7,1,2,4,-1,3,-2,1,5,0,6,2,8
956,6,6,-5,2,0,5,5,5,10,4,5,5,5,8,3,6,4,0,5,7,3,4,5,1,8,2,2,6,4,5,4,4
957,6,10,-12,2,2,6,6,6,5,5,6,8,5,14,3,7,5,5,5,5,7,7,5,1,5,6,4,8,8,2,5,4
958,7,16,-14,5,3,7,10,7,-1,4,8,8,5,20,3,6,2,7,4,5,8,9,6,3,7,7,5,8,9,2,9,5
959,9,21,-17,5,6,10,9,7,-4,7,9,9,5,24,3,7,3,7,3,9,9,6,6,8,9,6,8,8,10,3,9,6
