,0,1,2,3,4,5,6,7,8,9,10,11,12,13
0,19,18,15,19,18,17,17,18,18,19,18,17,17,15
1,20,20,20,22,20,20,21,20,20,21,20,20,20,20
2,22,21,22,20,19,18,21,18,19,19,19,18,19,20
3,23,21,19,22,19,15,19,20,20,18,18,16,17,20
4,21,19,19,23,17,15,19,17,21,17,18,15,16,21
5,21,21,21,22,18,12,19,18,19,18,17,12,15,17
6,18,21,19,20,15,13,17,17,16,17,14,9,15,17
7,16,19,16,19,15,11,15,14,14,15,10,7,13,17
8,13,18,13,17,10,11,11,13,13,10,10,7,14,14
9,9,14,11,13,8,9,8,9,10,8,9,6,11,10
10,9,12,10,12,5,10,6,5,6,4,7,6,10,10
11,3,10,7,11,0,8,4,4,5,4,4,5,4,10
12,3,7,7,5,-3,8,4,5,2,4,5,3,4,7
13,-2,4,8,2,-2,8,6,3,-1,3,7,2,1,4
14,-4,2,7,-1,-7,8,3,2,-3,3,4,1,-1,4
15,-8,-3,2,-4,-11,4,2,1,-7,4,3,-2,-2,3
16,-12,-5,-1,-9,-11,5,1,2,-12,1,1,-6,-2,0
17,-13,-6,-3,-13,-13,3,-2,1,-14,0,-4,-5,-4,1
18,-14,-7,-4,-12,-13,3,-3,-1,-13,-2,-7,-7,-5,-1
19,-15,-11,-7,-14,-16,2,-5,-4,-14,-5,-10,-8,-5,-7
20,-17,-13,-8,-15,-16,0,-6,-4,-18,-6,-9,-11,-5,-7
21,-16,-15,-9,-19,-16,-5,-5,-6,-18,-9,-11,-11,-5,-9
22,-20,-18,-11,-19,-18,-8,-7,-8,-20,-9,-9,-14,-8,-9
23,-21,-19,-12,-20,-19,-7,-7,-9,-21,-11,-15,-17,-9,-8
24,-22,-20,-14,-20,-21,-8,-9,-12,-21,-12,-16,-18,-5,-9
25,-22,-23,-16,-20,-22,-10,-12,-12,-19,-14,-20,-18,-7,-9
26,-22,-25,-18,-25,-24,-13,-14,-13,-19,-14,-19,-20,-8,-11
27,-20,-24,-17,-24,-23,-14,-16,-16,-23,-17,-20,-18,-9,-16
28,-20,-26,-14,-23,-19,-11,-17,-16,-19,-18,-16,-15,-10,-15
29,-18,-23,-12,-19,-16,-13,-18,-17,-20,-19,-16,-15,-10,-18
30,-18,-21,-12,-21,-18,-13,-15,-16,-19,-17,-11,-15,-9,-18
31,-18,-21,-12,-21,-17,-14,-15,-17,-18,-14,-11,-13,-8,-15
32,-15,-20,-13,-16,-14,-14,-12,-15,-16,-12,-12,-11,-8,-16
33,-15,-19,-12,-15,-13,-14,-12,-15,-12,-12,-11,-10,-7,-15
34,-11,-15,-12,-13,-9,-14,-12,-13,-9,-12,-11,-11,-7,-10
35,-6,-12,-9,-9,-5,-14,-12,-13,-6,-12,-11,-10,-7,-9
36,-3,-9,-11,-9,-2,-15,-12,-11,-4,-11,-12,-8,-6,-10
37,-2,-3,-8,-5,-1,-15,-10,-11,0,-8,-9,-7,-7,-11
38,1,0,-6,-4,2,-15,-10,-13,2,-7,-5,-4,-5,-10
39,4,1,-2,1,5,-14,-7,-7,2,-3,-5,-1,-6,-8
40,3,4,-2,3,6,-15,-4,-6,6,-3,-5,-2,-3,-6
41,4,6,1,2,7,-14,-1,-3,7,-4,-1,2,-1,-6
42,8,8,-1,6,9,-10,-2,-3,9,-5,-1,1,-1,-3
43,7,10,1,7,13,-12,0,-4,9,-1,-1,2,-1,1
44,12,13,3,10,12,-8,0,-4,9,-1,1,6,-1,-1
45,13,14,6,11,15,-2,1,-3,11,0,3,7,-3,1
46,12,15,7,14,15,-2,2,-2,14,0,5,9,-3,-2
47,11,15,8,15,12,0,6,2,16,4,8,12,-5,0
48,15,16,10,17,12,1,7,5,17,6,9,12,-3,2
49,15,17,12,15,13,3,10,10,15,7,11,13,-2,5
50,12,15,13,18,15,5,10,11,16,9,11,13,-1,8
51,11,16,11,15,16,7,12,11,15,10,10,11,0,8
52,11,17,9,14,15,10,13,10,13,10,8,10,1,10
53,14,15,10,13,15,9,13,12,15,10,6,13,0,10
54,12,15,12,15,16,11,12,12,15,9,7,12,1,10
55,12,16,13,16,16,10,15,11,15,11,10,15,2,10
56,16,17,13,15,16,12,15,12,15,11,13,13,2,11
57,13,14,11,13,13,12,16,13,14,12,13,13,3,9
58,11,14,10,10,14,12,15,16,10,14,12,11,2,11
59,7,11,8,9,10,13,14,13,8,12,9,11,6,13
60,8,9,7,8,7,13,13,11,9,12,10,11,4,14
61,5,6,8,7,8,14,11,13,9,11,7,11,8,13
62,5,7,11,8,6,14,9,12,6,9,6,10,6,13
63,4,9,13,9,5,14,9,9,7,11,8,11,6,11
64,2,7,14,7,2,16,12,9,5,11,10,13,5,12
65,1,5,15,5,2,16,12,12,4,12,9,9,6,12
66,2,4,12,2,0,12,13,10,2,11,11,7,9,9
67,1,2,11,2,-2,12,12,12,1,10,8,2,9,12
68,1,1,7,5,-4,11,9,10,2,11,7,1,9,11
69,-1,0,5,1,-6,8,6,9,-1,10,4,1,12,13
70,2,0,5,-1,-6,6,6,6,-3,5,3,0,8,10
71,1,1,2,0,-4,3,3,3,-3,4,2,1,6,5
72,0,-1,1,-2,-5,1,-2,3,-3,2,1,-1,7,3
73,-2,-3,0,-2,-7,0,0,2,-5,1,1,-2,8,1
74,-4,-1,1,-5,-9,-2,-1,-1,-6,3,1,-3,5,0
75,-8,-1,0,-7,-9,-4,-2,-1,-10,1,-1,-5,5,-2
76,-9,-6,-3,-12,-11,-5,-5,-1,-12,-1,-3,-8,4,0
77,-9,-8,-5,-10,-11,-4,-3,-3,-12,-3,-5,-11,5,-1
78,-10,-6,-8,-13,-12,-6,-7,-5,-14,-6,-5,-13,4,-2
79,-9,-9,-9,-15,-12,-8,-9,-8,-15,-8,-7,-10,-2,-8
80,-7,-8,-10,-16,-10,-8,-11,-8,-13,-9,-9,-14,-4,-8
81,-9,-8,-13,-15,-12,-8,-11,-11,-14,-10,-11,-13,-4,-12
82,-13,-8,-12,-13,-12,-9,-12,-12,-13,-10,-11,-13,-5,-12
83,-12,-9,-16,-12,-11,-10,-13,-14,-13,-13,-15,-15,-5,-14
84,-11,-10,-15,-13,-11,-9,-13,-14,-14,-15,-15,-15,-6,-14
85,-11,-12,-19,-13,-12,-9,-14,-15,-15,-16,-19,-20,-4,-13
86,-8,-10,-21,-13,-12,-10,-16,-16,-13,-17,-20,-20,-7,-15
87,-10,-9,-23,-13,-13,-11,-18,-17,-12,-17,-21,-22,-5,-15
88,-10,-8,-21,-10,-10,-12,-18,-19,-13,-19,-20,-21,-7,-18
89,-10,-9,-22,-10,-8,-11,-18,-18,-11,-21,-21,-18,-7,-18
90,-10,-9,-18,-8,-9,-10,-18,-19,-9,-20,-20,-18,-8,-21
91,-7,-9,-17,-6,-11,-10,-14,-17,-9,-18,-17,-16,-8,-20
92,-9,-11,-16,-8,-9,-8,-14,-13,-10,-19,-16,-13,-5,-16
93,-8,-11,-11,-7,-8,-6,-15,-13,-10,-17,-15,-11,-5,-14
94,-8,-11,-13,-9,-4,-4,-13,-12,-9,-11,-15,-8,-6,-14
95,-6,-10,-9,-5,-4,0,-12,-11,-8,-13,-11,-5,-4,-12
96,-3,-10,-3,-5,-4,-1,-10,-10,-6,-11,-8,-4,-5,-11
97,-2,-8,-1,-3,-1,-1,-10,-8,-4,-9,-5,0,-7,-9
98,-3,-5,2,-1,1,0,-4,-6,0,-7,0,4,-9,-9
99,0,1,6,-1,2,1,-2,-4,2,-2,3,5,-4,-5
100,2,1,9,2,3,1,2,1,5,1,6,7,-3,-3
101,1,-1,9,3,4,1,7,6,5,3,7,10,-1,2
102,1,1,11,5,4,2,8,6,5,5,8,9,0,4
103,5,3,13,5,6,-1,7,6,8,8,10,10,1,6
104,6,7,13,6,9,-2,8,7,10,11,9,14,1,6
105,8,9,12,5,13,-3,7,7,11,10,11,14,-1,8
106,10,14,14,8,12,-1,8,7,12,8,12,17,0,8
107,12,14,16,12,12,-1,8,10,11,11,16,19,-1,10
108,11,19,15,12,13,-3,11,12,11,13,14,19,1,9
109,12,18,16,13,14,-1,15,11,12,13,16,19,2,11
110,13,16,13,13,14,-3,13,13,10,14,17,16,1,13
111,15,14,12,10,13,-1,11,16,8,16,18,15,2,12
112,12,15,15,9,11,1,14,16,10,16,17,15,-1,15
113,12,14,13,11,14,3,14,13,9,13,14,14,-3,15
114,12,12,13,10,15,2,16,11,10,15,11,14,-3,16
115,13,14,13,12,15,4,13,11,11,13,11,12,-1,14
116,10,12,12,12,14,5,14,13,12,12,12,11,-1,13
117,10,10,13,11,14,5,13,13,9,11,11,10,2,12
118,8,8,8,12,14,6,12,13,9,11,9,8,-1,13
119,6,10,6,10,11,7,11,13,8,12,9,5,1,13
120,4,9,3,11,7,8,9,12,6,7,9,1,3,9
121,6,7,2,10,6,9,6,9,6,5,6,-4,4,9
122,7,6,4,6,6,7,3,5,5,4,0,-2,4,8
123,3,8,4,3,2,7,1,5,4,1,0,-2,5,4
124,3,6,3,3,2,8,1,2,1,0,-1,0,6,1
125,3,3,2,0,3,12,2,2,-1,1,-1,-3,4,3
126,2,2,0,1,0,10,1,2,-1,2,-4,-5,5,0
127,0,0,-1,-1,-3,9,0,1,-3,0,-3,-7,5,-1
128,-4,-3,-1,-2,-6,9,-4,-1,-8,-4,-4,-6,8,-1
129,-5,-4,0,-4,-5,8,-5,-1,-8,-3,-6,-6,5,0
130,-6,-6,-3,-7,-9,10,-3,-4,-7,-4,-7,-6,8,-1
131,-3,-5,-2,-7,-7,7,-6,-5,-6,-5,-5,-7,9,-2
132,0,-4,-4,-7,-6,6,-8,-6,-8,-5,-7,-6,9,-4
133,-4,-5,-3,-7,-6,3,-5,-5,-6,-6,-5,-7,8,-7
134,-5,-4,-4,-6,-4,1,-5,-6,-6,-5,-5,-7,7,-7
135,-4,-4,-2,-7,-6,2,-5,-6,-7,-5,-6,-8,10,-4
136,-7,-5,-4,-6,-8,-1,-7,-5,-6,-6,-6,-9,10,-5
137,-8,-6,-6,-4,-7,-3,-6,-7,-6,-6,-6,-9,10,-3
138,-6,-5,-8,-7,-8,-5,-8,-6,-7,-6,-6,-11,11,-4
139,-6,-4,-7,-5,-7,-8,-11,-8,-7,-7,-9,-8,9,-6
140,-4,-4,-9,-5,-7,-9,-10,-10,-6,-7,-8,-8,8,-8
141,-4,-1,-8,-3,-6,-9,-12,-11,-5,-11,-8,-6,7,-10
142,-2,-1,-7,-2,-5,-9,-9,-9,-5,-11,-6,-7,2,-9
143,-2,0,-4,-1,-4,-13,-9,-9,-3,-9,-7,-6,1,-10
144,-5,-1,-4,-2,-6,-11,-9,-9,-3,-7,-5,-6,0,-9
145,-4,-1,-8,-5,-6,-11,-8,-9,-6,-9,-7,-5,0,-8
146,-4,-1,-8,-4,-8,-9,-7,-9,-6,-6,-8,-5,-3,-9
147,-6,-3,-4,-4,-7,-9,-5,-8,-5,-6,-8,-7,-4,-7
148,-4,-3,-4,-3,-7,-9,-5,-6,-5,-6,-6,-5,-4,-8
149,-3,-1,-2,-3,-4,-8,-7,-6,-5,-5,-5,-3,-5,-6
150,-4,-3,0,-4,-3,-6,-6,-6,-6,-7,-4,-3,-8,-6
151,-7,-4,-2,-2,-3,-5,-1,-4,-2,-3,-5,-2,-10,-8
152,-9,-4,-1,-5,-5,-6,-2,-1,-2,-3,-3,-2,-9,-6
153,-11,-4,0,-4,-7,-3,0,-2,-4,-2,-5,-6,-8,-3
154,-11,-7,-3,-6,-6,-3,-2,-2,-7,-2,-7,-4,-9,-3
155,-12,-8,-3,-8,-8,-3,-4,-1,-6,-2,-4,-2,-10,-3
156,-13,-11,-4,-9,-7,-4,0,-3,-7,-3,-3,-2,-9,-2
157,-12,-11,-3,-5,-8,-3,-2,-2,-7,-4,-5,-1,-10,-4
158,-11,-10,-3,-7,-7,-1,-3,-2,-5,-4,-1,0,-11,-4
159,-14,-10,2,-7,-9,-1,0,-3,-5,-2,-2,-1,-13,-2
160,-13,-12,3,-7,-8,1,1,-1,-4,1,2,2,-15,-1
161,-12,-10,2,-4,-8,2,1,1,-7,3,-1,2,-14,0
162,-10,-9,0,-5,-6,3,2,4,-6,4,1,2,-15,2
163,-7,-6,3,-5,-4,4,2,2,-5,5,2,2,-10,1
164,-7,-7,3,-2,-3,3,0,0,-4,5,0,3,-11,3
165,-4,-6,3,-3,-3,4,1,2,1,3,2,4,-10,5
166,1,-2,2,-2,1,2,1,0,0,4,3,5,-9,6
167,2,-1,4,1,2,4,2,4,0,3,6,6,-10,6
168,5,2,4,1,4,5,3,4,2,4,8,5,-10,2
169,8,6,5,2,3,4,4,3,5,7,9,7,-7,4
170,11,4,7,0,8,3,3,5,9,6,8,5,-3,7
171,11,7,7,3,7,4,4,5,10,6,6,5,-1,9
172,10,9,7,5,8,3,5,4,10,6,6,6,-1,7
173,11,11,8,4,13,3,1,5,12,6,3,6,0,4
174,13,9,9,6,13,2,4,2,9,4,7,7,4,6
175,13,15,7,6,15,1,5,4,11,3,7,7,5,3
176,13,14,5,9,17,-1,6,6,12,4,7,9,6,4
177,16,17,8,13,16,2,7,6,12,6,9,10,6,4
178,15,17,6,10,17,3,9,7,12,8,9,9,7,4
179,16,17,4,14,17,3,10,6,11,8,7,7,9,5
180,19,15,5,10,17,4,10,8,12,7,7,7,10,8
181,16,14,5,12,16,6,9,10,10,4,5,5,10,6
182,17,16,4,14,14,7,7,9,10,3,5,4,14,7
183,17,15,3,16,13,5,5,9,12,5,2,4,15,6
184,14,15,1,17,12,5,8,4,11,6,4,5,16,4
185,15,16,6,17,12,4,5,4,8,5,3,2,13,3
186,14,15,4,13,10,5,6,5,7,3,4,-1,11,2
187,11,13,2,12,8,6,6,5,8,5,2,-2,15,4
188,8,12,1,11,7,5,5,3,6,3,0,-4,14,2
189,11,9,0,12,6,6,1,2,3,0,-2,-6,14,4
190,6,5,1,5,4,5,1,2,2,-1,-4,-6,12,0
191,3,4,1,5,2,3,0,-1,3,-4,-4,-4,10,-3
192,3,4,0,2,0,4,-2,-1,1,-4,-5,-6,9,-1
193,1,3,1,1,-2,3,-3,-3,1,-3,-4,-7,8,-3
194,-3,1,3,-4,-4,4,-3,-4,-4,-3,-7,-6,9,-6
195,-7,-1,1,-7,-6,6,-3,-6,-6,-3,-4,-7,4,-5
196,-8,-1,0,-6,-6,3,-2,-5,-6,-4,-5,-9,3,-3
197,-9,-6,-2,-10,-9,3,-5,-6,-8,-4,-6,-8,2,-5
198,-10,-9,-2,-10,-10,4,-6,-6,-10,-8,-5,-7,0,-4
199,-11,-8,0,-11,-11,4,-7,-7,-10,-6,-7,-6,1,-4
200,-13,-10,-2,-14,-11,2,-8,-6,-10,-7,-6,-8,-1,-4
201,-11,-12,-2,-13,-12,0,-7,-7,-12,-5,-6,-8,-2,-6
202,-14,-12,-2,-13,-15,-1,-9,-9,-11,-7,-6,-8,-4,-8
203,-12,-13,-2,-14,-16,-2,-8,-7,-12,-9,-7,-5,-6,-7
204,-16,-13,-4,-15,-15,-3,-8,-6,-12,-5,-2,-6,-8,-6
205,-17,-13,-4,-15,-15,-4,-7,-6,-11,-2,-4,-5,-6,-5
206,-18,-14,-6,-17,-17,-6,-6,-6,-15,-5,-3,-5,-8,-5
207,-16,-16,-6,-14,-18,-4,-9,-5,-15,-6,-2,-2,-7,-4
208,-17,-15,-7,-15,-16,-7,-9,-6,-14,-7,-3,-1,-9,-5
209,-18,-13,-4,-15,-15,-8,-6,-7,-15,-4,-4,-1,-9,-6
210,-16,-12,-5,-13,-14,-11,-5,-5,-13,-3,-2,1,-11,-7
211,-15,-11,-3,-15,-11,-10,-2,-4,-12,-1,-1,2,-13,-6
212,-15,-13,-2,-15,-10,-11,-2,-4,-12,1,-1,3,-14,-5
213,-13,-9,-3,-12,-8,-11,-1,-2,-11,0,-1,1,-14,-3
214,-13,-10,-3,-10,-6,-10,0,-1,-13,0,-5,-2,-14,0
215,-11,-11,-3,-8,-8,-9,-2,0,-12,-1,-4,-1,-11,0
216,-8,-8,-4,-7,-4,-10,-4,1,-9,-3,-6,2,-10,0
217,-6,-5,-3,-7,-2,-12,1,-2,-7,-2,-4,-1,-10,1
218,-4,-6,-1,-5,-1,-10,-1,-1,-4,-2,-3,0,-9,1
219,-3,-5,-3,-4,0,-9,1,-2,-3,-1,-3,0,-10,-1
220,1,0,-1,0,0,-9,1,-2,-2,-2,-1,1,-10,-1
221,3,-2,-2,1,0,-8,2,1,3,-2,-1,0,-9,-1
222,3,0,-4,3,1,-7,-1,0,2,0,-2,-4,-10,-3
223,4,0,-2,4,2,-7,-1,0,6,-1,-2,-3,-9,-2
224,5,2,-2,5,4,-4,-1,0,8,-3,-2,-3,-8,-1
225,6,2,0,5,6,-4,-2,-1,8,-2,0,0,-7,1
226,8,0,1,6,7,-2,-3,-2,8,-2,0,3,-6,0
227,10,5,2,7,8,1,-2,-2,10,1,-1,5,-6,0
228,9,10,3,8,10,4,1,0,10,2,5,5,-3,1
229,10,10,5,9,11,5,0,1,11,2,5,4,-2,2
230,11,10,7,10,11,6,4,1,12,3,8,3,-3,3
231,10,10,7,10,11,5,6,2,12,5,8,5,0,2
232,13,9,7,8,12,9,4,3,13,6,5,7,3,5
233,13,10,5,10,13,8,4,1,13,7,5,7,4,6
234,13,11,6,10,14,8,2,2,12,5,6,5,7,6
235,14,13,8,11,15,8,3,4,11,5,7,6,7,6
236,15,16,9,15,17,8,5,4,10,6,6,6,11,4
237,14,16,9,15,17,8,5,6,13,7,6,9,11,5
238,14,16,7,13,16,8,7,4,13,6,6,5,12,4
239,15,18,6,14,16,8,6,4,13,5,5,6,12,3
240,11,16,4,15,15,6,7,6,15,6,5,8,14,6
241,14,17,8,15,12,6,6,7,12,7,6,6,15,5
242,12,18,8,15,9,3,6,5,10,7,9,10,15,5
243,14,16,8,14,10,2,7,4,10,6,8,9,12,4
244,13,17,8,12,7,4,7,7,8,6,8,11,13,6
245,11,14,11,10,7,3,9,8,7,6,11,9,13,4
246,10,13,12,12,7,3,11,11,6,7,10,6,14,6
247,6,13,7,9,6,4,11,10,5,6,8,9,14,8
248,6,10,8,8,6,6,9,9,5,7,5,4,17,9
249,5,8,7,8,4,5,9,7,3,5,3,0,17,8
250,2,8,6,5,4,2,7,10,1,5,2,0,16,8
251,1,6,4,3,1,1,7,5,-2,6,-1,-1,17,5
252,-1,4,5,3,0,3,5,4,-2,2,-2,-3,17,3
253,-2,2,4,3,-1,2,4,2,-5,-2,-3,-5,14,2
254,-5,-1,3,2,-7,2,3,2,-6,-1,-3,-1,11,2
255,-8,-3,2,-3,-9,1,1,2,-9,-3,-4,-5,8,1
256,-9,-5,1,-6,-13,2,0,1,-12,-4,-4,-6,8,0
257,-11,-11,0,-8,-14,1,-3,0,-16,-4,-5,-7,5,-1
258,-17,-14,-3,-11,-17,0,-4,-2,-17,-6,-7,-8,5,-2
259,-17,-16,-5,-18,-19,-1,-4,-2,-17,-7,-8,-9,4,-4
260,-17,-17,-6,-21,-19,0,-6,-3,-19,-7,-8,-8,-1,-5
261,-19,-19,-5,-23,-20,-1,-9,-6,-19,-8,-7,-9,-4,-4
262,-21,-21,-6,-22,-20,-2,-9,-7,-19,-7,-8,-10,-8,-6
263,-19,-22,-6,-26,-22,-4,-9,-9,-19,-5,-8,-9,-12,-6
264,-19,-21,-7,-26,-22,-2,-9,-10,-19,-7,-8,-12,-14,-5
265,-23,-22,-8,-26,-22,-4,-10,-8,-20,-5,-9,-11,-12,-8
266,-20,-23,-9,-26,-21,-4,-12,-9,-20,-10,-14,-12,-14,-6
267,-19,-20,-12,-27,-20,-5,-12,-14,-20,-10,-13,-14,-18,-8
268,-18,-19,-14,-26,-16,-6,-17,-15,-19,-13,-13,-15,-21,-8
269,-16,-16,-16,-22,-12,-7,-15,-15,-16,-15,-17,-14,-21,-13
270,-15,-12,-17,-21,-12,-9,-17,-14,-13,-15,-13,-14,-21,-14
271,-15,-11,-16,-18,-9,-9,-19,-15,-13,-13,-12,-14,-24,-16
272,-11,-9,-20,-14,-8,-9,-18,-14,-10,-11,-13,-12,-24,-17
273,-8,-9,-17,-11,-5,-9,-14,-15,-7,-13,-15,-11,-22,-16
274,-8,-6,-17,-8,-3,-9,-14,-13,-7,-14,-14,-9,-20,-12
275,-5,-5,-16,-5,-2,-11,-13,-12,-4,-13,-12,-10,-21,-13
276,-5,-3,-15,-5,0,-12,-15,-12,-1,-12,-10,-7,-19,-10
277,-2,-1,-14,2,4,-9,-14,-14,1,-11,-8,-5,-19,-10
278,0,0,-10,3,6,-9,-13,-13,5,-10,-5,-3,-16,-10
279,3,4,-6,6,9,-8,-6,-7,6,-8,-2,0,-15,-11
280,3,7,-3,9,11,-10,-2,-4,8,-3,-1,2,-12,-8
281,8,10,2,12,14,-7,1,-3,8,-1,2,2,-9,-5
282,10,10,3,12,17,-4,3,0,9,0,3,3,-7,-2
283,14,13,5,16,17,-5,5,5,15,3,2,4,-4,-1
284,14,14,7,17,16,0,5,3,15,6,5,3,0,-1
285,17,15,8,18,16,-2,5,5,16,3,5,6,2,4
286,19,17,11,19,17,1,7,8,19,6,6,8,5,3
287,20,16,14,17,17,3,8,6,19,4,6,10,7,3
288,19,16,14,19,15,5,8,9,19,7,10,10,9,7
289,19,16,17,19,16,6,13,10,18,11,12,15,9,9
290,18,15,21,20,16,6,14,12,17,12,16,15,12,10
291,17,13,21,15,15,7,14,14,17,15,17,14,13,10
292,16,11,22,13,13,8,15,17,15,16,18,15,15,12
293,15,10,20,13,13,8,14,15,15,17,19,14,16,15
294,12,10,20,12,10,9,16,16,13,18,18,14,15,13
295,13,8,18,12,10,9,15,17,12,19,16,15,16,16
296,15,9,18,10,9,10,14,16,12,17,17,15,17,16
297,13,8,18,10,8,8,13,16,10,16,15,14,16,14
298,10,8,16,9,8,9,14,15,9,14,15,15,15,13
299,9,9,13,10,8,11,14,15,9,16,14,11,16,17
300,8,9,13,9,6,10,14,11,8,15,12,10,18,13
301,8,9,9,8,4,10,10,11,7,12,9,8,14,12
302,6,11,8,9,3,9,10,7,5,10,8,6,14,12
303,5,12,6,7,4,9,7,6,5,7,6,3,14,13
304,3,11,5,5,2,8,3,3,2,4,4,2,13,9
305,3,9,5,4,2,7,0,2,1,2,2,3,11,6
306,0,7,4,1,1,6,1,0,0,3,0,2,5,5
307,-1,4,1,2,-2,7,2,1,-1,2,1,0,4,2
308,-4,1,-1,0,-5,6,1,2,-4,-1,-1,-2,4,0
309,-6,1,-2,-2,-9,3,0,-1,-7,-2,-2,-3,4,0
310,-5,-3,-2,-5,-9,4,0,-1,-10,-2,-4,-3,2,-1
311,-9,-4,-5,-6,-10,3,-1,-2,-9,-4,-5,-5,1,-2
312,-12,-7,-5,-8,-14,1,-4,-3,-11,-6,-6,-5,1,-2
313,-11,-8,-3,-9,-13,1,-6,-3,-16,-4,-6,-6,-1,-4
314,-10,-12,-6,-12,-11,0,-6,-3,-16,-6,-9,-7,0,-6
315,-13,-15,-5,-11,-10,-2,-5,-3,-13,-7,-9,-7,-3,-5
316,-13,-15,-6,-12,-9,-1,-7,-5,-16,-9,-8,-10,-5,-8
317,-14,-11,-7,-11,-11,-1,-5,-7,-16,-9,-6,-12,-4,-7
318,-15,-15,-7,-12,-12,-3,-7,-6,-15,-9,-9,-11,-2,-9
319,-11,-16,-7,-12,-12,-3,-8,-5,-14,-7,-11,-14,-6,-7
320,-13,-15,-9,-14,-14,-6,-8,-9,-13,-9,-12,-14,-9,-9
321,-14,-16,-9,-13,-13,-8,-11,-10,-15,-11,-13,-14,-8,-7
322,-13,-18,-9,-13,-15,-9,-12,-10,-14,-11,-12,-14,-10,-9
323,-13,-17,-9,-11,-12,-10,-11,-11,-14,-12,-13,-16,-11,-11
324,-12,-16,-8,-15,-15,-9,-10,-11,-14,-12,-12,-13,-13,-9
325,-12,-18,-7,-15,-13,-11,-11,-13,-14,-10,-10,-10,-15,-9
326,-13,-15,-7,-17,-15,-13,-13,-12,-11,-8,-10,-10,-11,-12
327,-13,-15,-8,-16,-12,-11,-10,-11,-12,-9,-10,-12,-13,-10
328,-12,-17,-10,-16,-12,-11,-12,-10,-9,-9,-10,-9,-12,-11
329,-10,-16,-10,-15,-11,-11,-13,-10,-10,-11,-13,-8,-15,-12
330,-8,-14,-10,-13,-8,-11,-13,-12,-9,-9,-11,-7,-11,-11
331,-6,-12,-7,-12,-5,-11,-12,-11,-6,-9,-8,-7,-12,-10
332,-5,-8,-9,-9,-1,-9,-12,-14,-2,-10,-6,-6,-9,-9
333,-1,-6,-8,-3,0,-9,-12,-10,0,-9,-8,-6,-10,-10
334,1,-1,-10,-2,1,-8,-12,-11,3,-8,-8,-4,-10,-10
335,4,-1,-11,-2,4,-5,-10,-9,6,-8,-7,-3,-11,-10
336,6,2,-9,4,7,-6,-11,-9,5,-8,-8,-4,-9,-9
337,5,4,-11,5,8,-6,-9,-10,6,-9,-7,-3,-8,-8
338,5,7,-8,8,8,-6,-8,-8,10,-9,-3,-2,-7,-10
339,4,9,-7,8,11,-5,-6,-8,10,-6,-2,-1,-7,-5
340,5,9,-3,7,13,-4,-4,-7,10,-4,0,3,-8,-7
341,7,10,-1,9,10,-1,-2,-6,9,-2,2,4,-8,-5
342,7,9,1,11,10,0,0,-3,10,0,5,5,-5,-3
343,5,10,7,12,11,3,2,0,10,4,4,6,-3,-1
344,6,7,6,14,13,3,6,2,13,4,6,9,-1,0
345,9,10,7,17,15,5,9,6,14,4,5,8,1,2
346,12,10,11,15,16,6,9,6,11,6,6,8,4,6
347,12,11,11,14,16,7,9,9,12,6,7,10,5,7
348,13,12,14,15,15,8,10,10,12,7,8,12,7,7
349,15,10,14,15,15,9,13,13,12,8,11,11,9,9
350,17,14,15,14,15,9,13,14,13,11,11,12,7,10
351,17,13,15,13,15,8,13,15,14,11,13,13,9,10
352,15,15,19,15,16,11,13,16,17,11,14,13,12,13
353,15,15,16,12,15,13,15,17,14,14,14,14,16,12
354,17,13,20,13,13,11,14,17,13,14,15,15,14,14
355,14,10,21,10,10,12,15,18,12,16,15,15,15,14
356,13,10,22,7,9,9,17,18,8,16,15,16,15,16
357,9,9,25,5,6,8,16,17,8,18,18,19,15,16
358,7,7,26,3,5,7,17,19,5,18,18,17,14,19
359,3,4,23,1,3,7,19,17,0,17,16,15,13,17
360,1,2,22,-1,-1,7,19,18,0,18,17,14,13,19
361,-2,0,23,-3,-2,5,18,17,0,20,17,11,13,19
362,-2,-1,18,-6,-4,7,16,17,-3,19,16,8,13,19
363,-4,-3,14,-5,-4,5,16,16,-4,17,13,6,11,16
364,-5,-5,14,-6,-7,4,14,12,-6,12,11,6,12,15
365,-6,-5,8,-5,-6,2,11,11,-7,11,11,5,8,14
366,-6,-5,6,-7,-6,2,7,6,-8,8,3,0,6,11
367,-7,-4,3,-6,-7,4,5,7,-10,7,1,-2,4,11
368,-5,-4,1,-5,-8,0,1,5,-13,4,0,-5,3,9
369,-9,-3,-4,-4,-8,1,-1,1,-11,-2,-4,-8,2,6
370,-7,-3,-9,-5,-9,-3,-2,-1,-11,-2,-7,-11,0,1
371,-9,-5,-15,-4,-10,-8,-6,-6,-10,-7,-10,-13,-3,-4
372,-12,-5,-16,-6,-11,-6,-10,-8,-9,-9,-13,-10,-3,-6
373,-12,-6,-19,-11,-10,-10,-13,-9,-10,-10,-14,-13,-5,-7
374,-11,-6,-19,-7,-9,-9,-13,-14,-11,-12,-14,-18,-6,-11
375,-12,-7,-19,-8,-11,-10,-15,-13,-13,-13,-15,-17,-7,-11
376,-13,-9,-19,-9,-10,-12,-16,-16,-11,-14,-16,-18,-10,-14
377,-12,-10,-20,-9,-11,-12,-18,-16,-11,-18,-18,-19,-10,-16
378,-9,-11,-20,-9,-9,-10,-17,-17,-11,-19,-19,-22,-9,-17
379,-8,-12,-19,-7,-6,-9,-17,-19,-9,-21,-20,-22,-8,-18
380,-8,-10,-21,-7,-3,-6,-18,-19,-8,-22,-23,-23,-7,-20
381,-5,-9,-22,-5,-6,-10,-21,-21,-7,-21,-24,-25,-7,-22
382,-2,-10,-20,-3,0,-9,-22,-23,-6,-24,-21,-22,-7,-20
383,0,-7,-19,-5,2,-6,-22,-23,-5,-23,-24,-20,-6,-22
384,-2,-6,-14,-4,1,-6,-19,-22,-3,-20,-22,-19,-8,-25
385,0,-2,-15,-1,-1,-3,-18,-20,1,-20,-19,-17,-7,-21
386,1,-4,-13,-1,0,-5,-19,-19,3,-17,-20,-17,-4,-21
387,2,-3,-12,-1,0,-4,-18,-16,2,-18,-18,-14,-5,-19
388,-1,-1,-8,-3,-3,-2,-17,-16,2,-15,-15,-10,-5,-17
389,0,0,-9,-2,0,1,-15,-14,3,-11,-12,-5,-2,-16
390,0,0,-4,-2,0,1,-14,-12,2,-11,-9,-4,-1,-16
391,-1,0,-4,-4,-4,1,-8,-9,2,-12,-6,2,-2,-13
392,-1,0,0,-6,-3,2,-5,-8,0,-7,-2,5,-4,-11
393,-1,-1,1,-3,-3,2,-3,-6,-1,-2,3,5,-5,-4
394,-1,-2,4,-4,-4,4,-1,1,0,0,5,7,-3,-1
395,-2,-3,4,-5,-3,2,1,4,1,4,8,8,-3,1
396,-2,1,8,-4,-1,3,3,4,2,5,7,9,0,3
397,0,1,9,-3,-1,5,5,6,-1,5,9,13,0,3
398,-2,1,10,-1,1,4,6,8,0,10,13,15,-1,4
399,2,1,10,0,2,4,10,7,1,12,14,14,-1,10
400,5,2,11,1,4,2,12,11,4,12,14,17,-6,9
401,4,4,9,2,4,4,12,12,4,12,14,17,-7,12
402,5,3,12,2,4,2,14,13,5,15,15,15,-7,12
403,5,6,13,6,5,2,17,13,5,15,15,15,-8,14
404,6,5,13,8,8,3,15,13,4,16,14,14,-7,14
405,8,7,11,8,6,3,13,15,7,16,13,14,-5,16
406,7,7,12,8,8,3,14,15,7,14,14,14,-6,16
407,7,8,13,11,8,1,16,14,7,12,14,16,-8,14
408,7,6,13,11,9,2,12,14,7,13,13,18,-7,13
409,6,9,13,12,9,5,16,17,8,14,15,14,-6,15
410,9,8,15,12,10,6,16,17,8,13,13,15,-4,14
411,9,8,14,12,10,4,14,16,7,13,11,11,-3,14
412,7,8,11,12,12,3,14,16,7,14,11,9,1,14
413,8,9,11,9,12,5,14,15,9,15,8,8,5,13
414,10,9,10,12,10,6,13,11,8,11,9,6,7,16
415,11,10,8,13,11,6,10,13,8,9,8,5,6,12
416,9,9,6,10,13,5,9,11,8,7,4,6,8,11
417,11,11,8,11,10,4,10,9,9,6,2,2,11,8
418,10,10,9,11,8,3,5,8,5,5,3,0,11,7
419,8,10,7,7,6,4,6,5,3,6,5,-1,11,6
420,5,6,8,6,5,4,5,6,3,7,2,-1,12,6
421,4,5,5,4,3,8,3,5,3,4,3,-3,16,8
422,0,1,5,1,0,2,2,1,-2,2,-1,-3,14,5
423,-2,-2,2,-3,-2,3,2,0,0,1,-2,-7,13,4
424,-2,-2,0,-2,-5,1,-1,1,-3,0,-3,-8,15,2
425,-4,-6,1,-2,-8,0,-2,0,-6,-2,-2,-8,15,1
426,-4,-9,0,-7,-9,-1,-4,-1,-8,-3,-1,-7,13,0
427,-7,-7,1,-10,-10,-2,-4,-3,-10,-1,-1,-6,12,-3
428,-7,-7,0,-9,-10,-2,-3,-4,-10,-2,-3,-7,12,-5
429,-11,-9,-4,-10,-12,-3,-5,-2,-11,-3,-3,-10,11,-4
430,-8,-8,-7,-10,-11,-5,-6,-3,-14,-4,-7,-10,13,-7
431,-7,-8,-9,-13,-11,-6,-9,-4,-10,-5,-7,-10,12,-6
432,-8,-9,-10,-12,-9,-7,-11,-8,-9,-10,-10,-13,10,-6
433,-8,-8,-11,-10,-9,-8,-11,-11,-9,-12,-11,-11,6,-9
434,-9,-8,-12,-8,-9,-9,-12,-12,-8,-13,-11,-11,5,-11
435,-8,-7,-12,-6,-8,-8,-11,-14,-10,-14,-11,-13,2,-14
436,-9,-6,-12,-4,-7,-10,-12,-14,-9,-12,-13,-10,4,-15
437,-9,-5,-10,-4,-7,-10,-11,-11,-7,-14,-12,-8,0,-14
438,-10,-5,-12,-5,-6,-11,-11,-11,-7,-13,-9,-9,-3,-14
439,-7,-4,-13,-5,-5,-9,-12,-13,-7,-11,-11,-13,-4,-14
440,-7,-5,-10,-3,-5,-7,-13,-13,-5,-12,-15,-15,-6,-15
441,-7,-6,-10,-5,-6,-5,-14,-13,-4,-11,-12,-13,-9,-14
442,-4,-7,-12,-2,-4,-6,-11,-13,-6,-13,-14,-12,-10,-10
443,-4,-6,-11,-2,-3,-5,-12,-14,-5,-14,-15,-12,-12,-11
444,-3,-3,-11,-2,0,-4,-15,-12,-3,-12,-13,-11,-12,-13
445,-4,-2,-10,-2,-2,0,-9,-11,-1,-10,-11,-6,-10,-12
446,-1,-2,-10,-3,-2,1,-11,-11,1,-12,-11,-9,-11,-8
447,2,-4,-10,-5,2,2,-10,-8,0,-10,-10,-8,-12,-9
448,2,-4,-8,-3,2,1,-9,-9,2,-9,-9,-9,-13,-9
449,2,-3,-10,-6,2,1,-7,-7,1,-8,-10,-5,-12,-6
450,2,-2,-8,-6,2,1,-7,-6,2,-10,-6,-3,-13,-8
451,3,-3,-6,-5,3,2,-10,-6,5,-9,-5,-4,-14,-7
452,1,-1,0,-4,4,1,-7,-7,5,-4,-4,1,-14,-8
453,1,-2,1,-2,3,6,-3,-5,5,-2,-1,4,-16,-5
454,0,1,3,-2,2,6,-4,-3,4,-1,4,5,-12,-3
455,-2,-1,4,-1,-1,7,2,1,3,2,5,7,-11,1
456,-1,-1,6,0,1,5,5,2,0,6,6,7,-9,2
457,1,0,5,0,-1,6,6,6,1,6,7,7,-6,1
458,-1,2,7,-1,-1,6,5,7,0,8,7,9,-9,5
459,-1,1,8,0,-2,6,5,6,1,8,8,12,-9,8
460,-3,1,10,-2,-2,8,7,7,1,9,10,13,-10,8
461,-1,2,11,1,-2,8,6,7,1,9,12,14,-6,8
462,0,0,10,2,1,9,8,8,1,13,14,14,-7,8
463,2,0,12,0,-1,8,11,10,0,14,15,13,-4,10
464,1,3,13,-1,1,7,13,11,-2,15,13,14,-1,13
465,2,1,8,6,4,6,13,12,0,13,12,13,1,12
466,3,4,8,5,2,1,11,11,2,12,16,13,2,13
467,4,3,7,5,5,-1,10,11,4,11,15,13,1,15
468,2,4,10,6,8,0,11,11,3,11,14,14,1,13
469,5,7,9,9,5,-1,8,11,3,10,16,16,4,12
470,6,6,10,7,4,-2,9,10,3,10,14,16,6,11
471,4,6,12,6,5,-2,11,14,1,10,14,12,5,9
472,4,4,12,5,7,-2,11,15,3,10,11,10,6,10
473,4,5,11,4,7,-1,13,17,5,10,10,10,6,10
474,4,6,12,7,5,-2,14,12,4,9,7,8,8,10
475,4,4,11,7,6,-3,12,11,2,8,4,5,10,11
476,5,7,10,6,7,-5,7,8,2,6,2,6,10,8
477,4,5,9,3,6,-4,8,8,4,7,0,3,10,6
478,6,5,9,2,3,-2,6,6,3,6,1,0,10,5
479,5,5,8,4,7,-3,5,4,3,4,-1,-3,11,6
480,8,5,5,4,8,0,2,3,3,2,-4,-4,12,4
481,4,6,6,5,6,1,2,3,4,-1,-2,-6,14,4
482,5,8,3,2,5,0,0,1,5,0,-8,-9,14,1
483,8,8,0,4,8,-1,-2,-2,4,-3,-8,-11,15,-1
484,9,5,1,5,5,0,-5,-5,6,-3,-8,-12,16,-1
485,7,5,-3,5,2,0,-5,-6,4,-6,-8,-10,14,-5
486,8,4,-5,3,2,0,-6,-6,3,-8,-8,-9,13,-5
487,6,4,-3,4,2,-2,-8,-8,3,-5,-8,-6,10,-7
488,5,2,-2,4,0,-1,-7,-8,0,-6,-9,-6,12,-7
489,3,2,-3,2,-1,0,-6,-9,1,-8,-7,-7,12,-8
490,1,2,-6,-1,-2,0,-7,-8,-2,-9,-6,-5,8,-6
491,-2,-1,-4,-2,-4,-1,-10,-5,1,-6,-7,-4,8,-6
492,-2,0,-5,-4,-7,1,-9,-5,-3,-7,-7,-7,8,-9
493,-2,-3,-4,-4,-6,1,-9,-5,-3,-7,-7,-3,7,-7
494,-5,-7,-5,-4,-7,2,-7,-6,-4,-8,-5,-3,3,-6
495,-8,-8,-5,-6,-6,-1,-8,-7,-6,-7,-6,-3,3,-9
496,-8,-7,-3,-6,-9,-1,-6,-7,-8,-5,-5,-5,2,-9
497,-10,-9,-3,-5,-7,2,-4,-7,-9,-6,-5,-3,2,-5
498,-9,-8,-3,-7,-8,1,-2,-4,-8,-5,-3,-2,-2,-6
499,-9,-7,-3,-11,-10,-3,-2,-5,-9,-3,-5,-2,-4,-7
500,-9,-8,-4,-8,-9,-3,-3,-4,-10,-4,-6,-6,-7,-5
501,-10,-9,-5,-7,-10,-4,-2,-3,-11,-3,-5,-5,-8,-5
502,-9,-8,-5,-12,-9,-6,-3,-4,-11,-6,-7,-6,-13,-5
503,-10,-9,-6,-10,-8,-4,-5,-6,-12,-5,-7,-6,-14,-5
504,-11,-11,-6,-9,-9,-4,-4,-4,-10,-6,-4,-5,-16,-4
505,-14,-11,-7,-13,-10,-2,-6,-5,-7,-5,-6,-5,-18,-5
506,-13,-12,-5,-12,-9,-4,-5,-6,-10,-6,-3,-5,-18,-6
507,-11,-11,-6,-10,-6,-2,-4,-6,-10,-6,-2,-4,-19,-6
508,-11,-12,-7,-9,-5,-4,-6,-3,-10,-4,-5,-4,-21,-2
509,-11,-10,-8,-9,-5,-4,-5,-4,-7,-4,-6,-4,-20,-4
510,-10,-10,-7,-9,-3,-2,-6,-3,-8,-4,-7,-5,-18,-5
511,-5,-10,-7,-9,-1,-5,-5,-4,-4,-7,-5,-6,-18,-4
512,-4,-9,-7,-6,2,-3,-5,-6,-3,-9,-7,-7,-19,-6
513,-3,-5,-8,-3,1,-1,-7,-6,1,-7,-6,-8,-18,-8
514,-1,-2,-7,-2,2,0,-8,-8,0,-8,-7,-5,-13,-7
515,-1,-2,-4,0,3,0,-9,-7,4,-8,-6,-5,-12,-5
516,0,-3,-5,3,5,0,-8,-7,7,-7,-5,-3,-12,-6
517,1,-1,-2,2,5,2,-9,-6,5,-3,-3,-4,-9,-2
518,1,1,-3,3,7,4,-5,-7,9,-3,-5,-2,-6,-5
519,4,3,-1,5,8,3,-4,-4,8,-3,-4,1,-4,-5
520,4,5,-2,3,10,5,-2,-4,8,-1,-1,2,1,-2
521,6,6,2,3,10,5,-2,-2,7,0,1,2,1,-1
522,8,10,2,6,9,7,-1,0,7,2,1,3,1,-1
523,4,8,4,5,10,5,0,2,9,3,4,7,4,1
524,5,8,6,8,11,7,1,3,8,5,6,8,6,2
525,5,8,4,7,6,7,4,1,7,5,10,8,8,5
526,4,7,9,9,8,3,5,5,7,7,9,10,9,5
527,6,6,10,9,7,6,5,7,7,9,11,11,11,6
528,4,6,11,11,5,4,9,9,7,8,13,12,11,8
529,2,6,12,9,4,3,8,11,7,10,13,12,12,12
530,3,7,12,7,4,0,7,11,4,11,13,15,15,12
531,6,7,13,6,5,1,9,13,5,12,14,16,18,12
532,5,8,14,4,3,0,12,13,2,13,15,13,18,13
533,4,9,16,6,2,1,12,12,3,13,14,12,16,12
534,6,8,14,8,1,-2,14,14,1,13,14,12,15,10
535,6,9,15,5,2,-2,13,14,0,11,14,13,17,9
536,8,8,16,7,3,0,13,12,-1,12,13,12,14,13
537,9,7,15,2,3,-3,13,12,0,9,13,10,12,10
538,7,7,16,3,3,-3,11,13,1,10,13,8,10,10
539,6,5,14,3,3,-3,11,11,1,10,11,9,11,10
540,5,5,12,1,4,-4,11,12,-2,8,8,6,8,11
541,6,4,10,2,4,-5,11,13,-3,10,8,4,5,11
542,6,3,9,0,3,-5,11,11,0,9,6,3,6,8
543,6,3,9,-1,1,-3,11,9,0,6,5,-1,7,8
544,2,0,9,3,2,-5,8,8,-1,3,4,-2,6,7
545,4,1,6,3,1,-4,6,7,-1,3,1,-3,5,3
546,3,2,5,0,0,-4,4,6,-1,2,0,-4,6,4
547,1,2,3,1,-1,-4,0,3,-2,-1,-2,-6,6,3
548,0,2,0,0,0,-3,-2,3,-1,0,-4,-8,6,2
549,3,1,0,-2,-3,0,-2,3,1,-4,-4,-8,5,-1
550,-1,-1,-2,-1,-2,-2,-4,1,0,-5,-6,-9,5,-5
551,-1,-4,-3,0,-4,2,-5,-3,-3,-6,-6,-9,4,-3
552,-1,-5,-7,-2,-5,2,-7,-3,-2,-6,-5,-9,2,-5
553,-3,-6,-9,-2,-7,3,-8,-6,-4,-9,-6,-9,0,-7
554,-6,-6,-8,-2,-6,5,-9,-9,-5,-10,-8,-10,-2,-7
555,-5,-8,-14,-5,-8,2,-8,-9,-6,-10,-7,-11,-5,-11
556,-8,-10,-14,-5,-11,3,-9,-10,-6,-9,-8,-11,-5,-10
557,-10,-11,-14,-7,-10,5,-9,-10,-8,-9,-9,-9,-9,-8
558,-8,-13,-15,-7,-12,4,-10,-11,-8,-9,-11,-11,-12,-10
559,-10,-12,-16,-9,-11,3,-12,-11,-9,-10,-13,-11,-14,-10
560,-9,-11,-17,-8,-13,3,-12,-12,-8,-11,-13,-12,-15,-10
561,-11,-14,-18,-9,-12,3,-15,-12,-9,-11,-13,-11,-13,-9
562,-13,-13,-18,-9,-11,1,-13,-16,-6,-12,-16,-13,-15,-8
563,-14,-12,-16,-9,-13,0,-13,-16,-7,-13,-13,-13,-15,-10
564,-14,-11,-19,-11,-11,0,-15,-13,-10,-14,-14,-12,-14,-12
565,-11,-10,-16,-10,-12,-1,-13,-16,-9,-15,-12,-10,-14,-12
566,-11,-8,-17,-11,-11,-2,-15,-15,-10,-12,-13,-9,-17,-13
567,-9,-8,-15,-9,-9,-4,-14,-15,-7,-14,-14,-9,-16,-11
568,-9,-5,-11,-8,-8,-4,-13,-11,-5,-14,-11,-9,-14,-11
569,-8,-9,-11,-7,-5,-3,-14,-12,-5,-12,-9,-6,-13,-13
570,-6,-4,-11,-5,-4,-4,-11,-13,-4,-11,-9,-4,-12,-14
571,-6,-2,-6,-5,-1,-3,-9,-12,-4,-11,-9,-5,-13,-11
572,-5,-2,-4,-3,1,-4,-7,-8,-1,-7,-6,-3,-11,-9
573,-3,-1,-1,-2,3,-4,-4,-5,-1,-4,-1,-1,-11,-9
574,-3,1,3,0,3,-4,-1,-4,2,-3,-3,0,-9,-5
575,-1,2,4,0,5,-6,0,-2,3,-4,-1,0,-9,-4
576,3,4,2,3,8,-7,2,-3,5,0,-1,2,-6,-3
577,5,3,5,4,6,-6,3,3,6,3,-2,2,-4,0
578,3,4,8,5,7,-4,5,3,6,3,0,5,-3,2
579,6,3,8,7,8,-1,4,3,9,4,2,6,0,1
580,7,3,10,7,8,-3,5,6,8,5,2,7,5,3
581,7,4,9,7,9,-1,4,8,10,6,3,9,4,6
582,9,8,10,7,9,-1,6,6,10,5,7,9,5,7
583,12,7,10,8,10,0,8,9,10,8,6,9,9,9
584,11,7,12,9,10,2,8,9,13,10,7,10,10,10
585,12,8,11,9,11,2,11,11,13,8,9,9,9,11
586,13,6,12,10,11,4,9,12,11,9,11,12,11,13
587,13,9,11,10,11,4,9,12,10,11,9,12,12,14
588,13,9,11,14,11,6,10,13,13,13,11,12,13,13
589,12,9,14,12,8,5,12,13,13,13,14,14,13,12
590,10,10,14,11,8,4,12,13,11,12,15,14,14,15
591,9,11,15,9,8,4,15,15,8,13,17,16,14,12
592,10,11,18,9,7,5,14,14,8,16,17,15,13,12
593,9,10,16,9,7,4,16,14,6,16,18,18,14,15
594,7,10,17,9,6,3,14,16,6,12,17,15,12,15
595,6,13,17,8,6,3,14,16,5,16,16,13,12,15
596,7,10,13,6,2,5,13,14,4,15,15,11,12,15
597,5,6,13,7,2,5,11,14,3,13,12,11,13,15
598,4,8,13,5,5,5,10,12,1,13,11,10,12,12
599,5,5,12,5,1,5,10,11,-1,9,10,6,12,12
600,5,6,11,3,-1,6,10,10,-2,8,8,6,11,10
601,4,6,10,4,-1,5,7,10,-5,7,5,6,8,7
602,3,7,9,4,1,7,7,7,-2,5,4,2,6,6
603,0,4,8,4,-2,6,4,5,-4,4,4,1,7,6
604,-2,2,7,3,-1,5,4,6,-4,2,2,-1,2,5
605,-4,-2,4,1,-3,3,1,4,-6,1,2,-3,-1,3
606,-3,-1,2,-2,-6,1,2,1,-5,-2,-2,-6,-3,3
607,-4,-4,3,-7,-6,0,-2,0,-7,-2,-2,-5,-4,1
608,-8,-6,0,-4,-7,-4,-1,-1,-9,-1,-5,-5,-4,-1
609,-7,-7,-2,-5,-8,-2,-3,0,-8,-3,-8,-10,-5,-5
610,-7,-9,-5,-9,-8,-5,-4,-3,-11,-6,-8,-13,-6,-6
611,-10,-10,-8,-10,-10,-7,-6,-4,-11,-11,-11,-13,-6,-3
612,-10,-13,-10,-11,-11,-4,-9,-7,-12,-12,-15,-15,-9,-8
613,-14,-12,-13,-14,-12,-4,-13,-10,-11,-16,-18,-19,-8,-11
614,-13,-10,-14,-13,-11,-2,-16,-13,-10,-16,-16,-19,-6,-14
615,-13,-13,-16,-11,-13,-5,-18,-17,-11,-16,-16,-18,-7,-14
616,-15,-15,-15,-13,-12,-3,-18,-19,-10,-16,-18,-19,-8,-15
617,-15,-15,-17,-14,-11,-3,-19,-21,-10,-19,-19,-18,-7,-19
618,-15,-14,-20,-13,-11,-3,-20,-19,-11,-20,-20,-21,-6,-18
619,-11,-14,-20,-9,-10,-1,-23,-21,-10,-20,-22,-20,-8,-19
620,-11,-12,-22,-10,-8,0,-24,-22,-9,-19,-21,-19,-10,-18
621,-11,-11,-20,-9,-9,-1,-21,-21,-9,-18,-18,-19,-10,-19
622,-8,-10,-19,-7,-8,-1,-21,-21,-6,-19,-16,-16,-10,-17
623,-9,-9,-18,-6,-7,0,-20,-19,-5,-19,-17,-12,-10,-17
624,-7,-10,-17,-7,-6,1,-20,-19,-5,-17,-12,-9,-10,-17
625,-5,-7,-14,-5,-6,-2,-13,-17,-4,-15,-7,-8,-7,-15
626,-3,-5,-11,-6,-3,0,-15,-16,-1,-13,-6,-4,-7,-15
627,-2,-3,-11,-4,-1,-1,-12,-13,0,-13,-3,-4,-3,-11
628,1,-1,-8,-7,0,-1,-10,-10,-1,-11,-3,-1,-4,-10
629,0,-2,-8,-5,0,0,-8,-9,0,-6,0,1,-4,-10
630,3,0,-5,-2,2,-2,-6,-7,4,-7,-1,1,-3,-9
631,2,2,-3,-2,6,-3,-3,-4,6,-2,2,4,-2,-8
632,4,5,1,-1,5,-1,-2,-2,3,-1,6,6,1,-5
633,7,7,1,0,8,-1,0,-1,5,1,4,9,0,-1
634,6,9,4,0,9,0,4,3,8,3,5,10,-1,0
635,7,12,6,3,9,1,4,4,7,7,7,11,0,2
636,8,13,8,6,9,1,5,4,7,7,9,13,-1,2
637,9,14,10,8,12,0,9,8,10,10,9,14,-3,7
638,9,14,14,9,11,-1,12,9,10,10,13,14,-1,7
639,10,12,16,11,11,0,15,13,10,12,13,13,-1,9
640,9,10,16,13,11,-1,16,14,10,15,17,16,-3,11
641,8,9,17,11,12,-1,16,15,11,16,17,15,-2,14
642,8,8,17,12,11,-1,17,15,10,16,17,14,-1,15
643,10,8,20,12,10,-5,16,14,7,13,17,12,-1,17
644,9,6,18,11,10,-1,16,17,7,17,16,13,1,15
645,8,5,16,11,8,-3,18,19,7,15,13,12,1,12
646,7,5,16,12,9,-3,18,17,7,15,13,11,4,15
647,7,5,17,12,7,-1,18,15,7,15,12,10,4,15
648,8,5,13,10,7,0,16,15,7,14,9,9,4,16
649,9,6,12,9,5,1,14,15,8,14,7,8,5,12
650,8,4,11,12,3,1,13,11,6,10,9,8,9,14
651,6,2,10,9,2,4,9,11,7,10,7,7,8,13
652,5,2,9,4,2,4,11,11,5,11,8,7,8,10
653,5,5,9,3,2,4,9,8,5,9,8,7,9,10
654,3,1,8,4,1,5,7,8,1,9,6,5,10,10
655,2,1,7,4,-2,5,6,8,1,8,5,4,9,10
656,-1,2,6,-2,-4,5,5,6,-1,6,6,4,9,9
657,-1,1,6,-3,-5,7,5,6,-4,8,6,5,8,7
658,-3,-1,3,-7,-7,8,5,5,-4,7,3,3,9,8
659,-6,-3,0,-8,-8,7,3,6,-5,6,3,3,7,6
660,-8,-4,2,-9,-9,8,4,5,-8,5,4,1,6,4
661,-9,-5,1,-11,-6,7,0,2,-10,2,3,-1,7,6
662,-8,-6,-1,-10,-8,7,-2,3,-12,1,-3,-4,7,4
663,-8,-4,-3,-11,-10,6,-1,1,-12,2,-3,-6,7,0
664,-7,-6,-8,-10,-9,5,-1,-3,-13,-1,-4,-8,4,0
665,-7,-4,-7,-9,-10,4,-6,-5,-13,-8,-8,-7,5,-4
666,-8,-8,-8,-9,-9,8,-9,-4,-12,-8,-9,-10,3,-6
667,-7,-7,-10,-10,-11,7,-10,-7,-11,-11,-10,-11,3,-7
668,-4,-5,-11,-9,-8,6,-11,-11,-12,-13,-11,-11,1,-10
669,-4,-5,-10,-8,-7,5,-13,-14,-10,-16,-16,-13,-4,-12
670,-1,-7,-10,-6,-7,2,-11,-11,-7,-14,-19,-15,-6,-13
671,-2,-6,-10,-6,-7,2,-10,-12,-4,-15,-18,-14,-9,-12
672,-1,-7,-13,-6,-7,0,-14,-13,-7,-16,-18,-14,-8,-13
673,-2,-7,-12,-5,-3,-3,-16,-11,-5,-16,-18,-15,-11,-14
674,-4,-5,-10,-5,-2,-5,-14,-12,-4,-15,-15,-16,-12,-14
675,-4,-4,-13,-4,-2,-7,-14,-13,-4,-14,-15,-16,-13,-15
676,0,-4,-15,-4,-2,-6,-14,-13,0,-15,-15,-17,-13,-15
677,-1,-5,-14,-4,-2,-6,-12,-14,1,-15,-14,-17,-12,-15
678,-3,-5,-14,-4,0,-5,-14,-14,1,-18,-15,-14,-10,-15
679,-2,-5,-13,-2,0,-6,-14,-14,0,-13,-14,-15,-10,-16
680,2,-4,-13,0,2,-6,-13,-16,2,-13,-15,-14,-10,-12
681,-1,-4,-15,1,2,-6,-12,-15,5,-12,-15,-13,-6,-15
682,-1,-5,-13,0,2,-5,-13,-12,2,-13,-13,-12,-6,-14
683,1,-1,-12,3,3,-4,-12,-13,3,-13,-11,-10,-4,-12
684,1,0,-11,0,2,-1,-12,-11,5,-14,-8,-8,-3,-10
685,0,-2,-7,1,2,-2,-8,-10,7,-10,-5,-2,-3,-9
686,2,2,-7,4,1,-1,-8,-9,6,-9,-3,0,-2,-8
687,2,0,-6,5,2,-2,-8,-6,5,-5,1,1,-1,-6
688,2,2,-3,4,1,0,-2,-3,6,-1,2,3,-2,-5
689,2,3,-2,3,-1,1,0,0,7,0,5,5,1,-2
690,2,3,0,5,1,1,1,0,6,2,6,6,1,-2
691,-2,0,4,4,3,1,3,3,4,7,6,11,2,1
692,-2,1,3,0,1,0,5,5,4,8,9,12,2,2
693,0,2,6,1,3,1,7,6,5,9,11,11,3,5
694,0,1,5,2,3,3,10,7,2,9,10,12,3,8
695,1,0,9,0,5,2,10,11,2,11,11,13,7,9
696,1,4,7,3,6,5,9,10,5,15,12,12,5,10
697,2,6,8,4,5,7,12,10,3,13,12,13,3,11
698,1,4,8,4,6,5,11,12,4,10,13,13,1,13
699,1,6,9,4,7,4,12,11,2,11,11,12,3,12
700,5,7,11,5,7,7,10,13,2,9,13,13,2,12
701,4,6,10,7,6,7,12,13,1,9,11,15,3,12
702,5,4,11,5,5,7,13,13,1,11,12,13,4,11
703,4,6,14,7,6,8,12,13,0,10,13,13,1,12
704,6,7,16,5,6,7,13,15,3,12,12,12,2,14
705,5,5,14,6,6,7,14,15,2,14,12,11,2,14
706,3,4,16,7,4,6,13,15,3,13,13,8,0,12
707,5,5,14,8,4,3,16,15,3,13,13,10,0,12
708,6,5,14,9,4,3,14,16,1,13,12,6,2,14
709,5,5,16,7,2,6,14,15,2,13,13,7,2,13
710,3,4,15,5,2,7,14,14,2,10,9,6,2,13
711,3,1,11,6,-1,4,11,14,1,11,6,2,2,13
712,3,1,8,3,1,4,8,12,0,13,4,1,4,11
713,1,1,4,3,0,4,5,10,0,9,0,-1,5,10
714,-1,1,2,-2,-2,3,5,5,0,6,0,-4,6,10
715,-1,1,4,-1,-4,3,-1,1,-2,1,-1,-4,5,5
716,0,-1,2,-2,-4,2,-2,0,-3,0,-4,-7,4,2
717,-1,-2,-3,-6,-4,0,-2,-3,-4,-1,-2,-7,5,1
718,-2,-3,-2,-8,-6,1,-5,-4,-6,-1,-4,-6,4,-2
719,-5,-5,-3,-10,-8,0,-8,-3,-8,-4,-6,-9,5,-2
720,-5,-5,-4,-8,-6,0,-8,-3,-9,-6,-8,-9,2,-3
721,-5,-5,-5,-10,-8,-2,-8,-5,-6,-8,-8,-9,1,-4
722,-5,-5,-7,-12,-10,-6,-8,-8,-8,-7,-7,-9,2,-5
723,-4,-7,-8,-13,-9,-5,-7,-9,-5,-8,-7,-8,2,-7
724,-6,-5,-7,-12,-9,-7,-8,-9,-9,-8,-7,-10,3,-7
725,-5,-7,-8,-10,-10,-7,-11,-10,-10,-7,-8,-9,1,-9
726,-7,-5,-10,-11,-8,-6,-12,-10,-9,-9,-9,-9,3,-10
727,-4,-3,-11,-9,-7,-6,-10,-10,-8,-7,-6,-8,2,-9
728,-5,-2,-12,-10,-8,-4,-11,-9,-8,-7,-9,-10,1,-10
729,-5,-3,-11,-9,-7,-5,-9,-13,-7,-11,-6,-13,1,-11
730,-3,-3,-12,-5,-4,-4,-13,-9,-8,-9,-7,-9,3,-11
731,-2,-1,-13,-3,-3,-6,-14,-12,-4,-11,-11,-11,1,-12
732,-1,-3,-12,-3,-1,-5,-11,-11,-3,-12,-9,-10,2,-12
733,1,-1,-10,2,1,-1,-11,-10,-3,-12,-11,-6,0,-13
734,1,-3,-8,3,1,-1,-10,-10,0,-9,-11,-5,-3,-11
735,-1,-3,-6,5,3,1,-11,-9,-2,-10,-9,-3,-3,-12
736,1,-2,-3,6,6,1,-7,-9,-1,-7,-9,-3,-2,-10
737,0,-1,-3,2,5,2,-6,-6,-1,-3,-6,-2,-4,-8
738,1,-4,-3,4,5,1,-4,-6,2,-3,-6,0,-5,-6
739,2,-2,-1,6,7,2,-1,-5,1,-4,-5,0,-6,-6
740,3,-2,0,5,7,3,0,-3,3,-3,-3,0,-8,-3
741,4,1,-2,7,7,4,3,-1,4,-2,-3,0,-9,-2
742,3,1,-2,8,5,6,1,2,5,-1,-2,-1,-9,-1
743,4,1,-2,8,3,6,3,3,8,-1,-1,0,-8,-1
744,7,2,-1,9,5,5,3,1,8,0,0,-1,-9,1
745,5,3,-4,5,7,4,1,0,6,1,0,1,-10,3
746,4,3,-4,5,6,6,1,2,7,1,1,1,-8,1
747,4,5,-4,5,7,5,1,0,6,1,1,-1,-6,3
748,3,7,-7,4,8,3,0,-1,6,1,0,0,-5,3
749,1,5,-6,5,4,2,-1,1,8,1,1,1,-8,3
750,1,6,-6,3,2,3,0,1,6,-1,-1,2,-6,2
751,2,6,-5,4,1,1,-2,-1,6,0,0,3,-7,3
752,0,5,-3,3,1,3,-1,-1,7,0,-1,3,-6,1
753,-2,4,-3,0,0,5,-1,-1,5,2,3,4,-5,1
754,-2,3,-1,-2,0,2,-2,-2,3,2,3,5,-5,1
755,-4,0,1,-3,-1,2,0,2,5,0,4,6,-4,3
756,-3,-1,2,-4,-1,3,0,2,2,2,5,6,-3,3
757,-4,0,3,-4,-1,3,3,1,1,5,6,7,1,4
758,-3,0,5,-3,1,0,3,4,-1,5,5,10,0,5
759,-3,1,5,-2,0,2,5,6,-1,7,6,8,1,6
760,-7,0,6,-1,-3,2,7,5,-3,8,6,7,2,6
761,-4,0,9,-1,-1,3,7,5,-2,5,7,8,5,5
762,-3,-3,9,0,-3,2,6,8,-1,6,7,9,7,7
763,-2,-4,9,-2,-2,4,6,10,-2,6,9,9,8,10
764,-1,-3,9,-3,-1,3,7,9,-4,6,8,7,8,10
765,-2,-2,11,-3,-2,3,7,9,-3,5,8,7,8,9
766,-1,-4,7,1,-2,3,7,9,-4,6,9,9,5,10
767,0,-3,9,1,-2,2,9,7,-5,8,9,8,6,9
768,0,-2,11,0,-2,0,8,9,-5,5,8,9,8,10
769,1,-3,13,2,-1,1,9,9,-3,8,8,9,7,9
770,-1,-4,10,1,-2,2,11,12,-3,7,8,9,5,10
771,2,1,11,0,-1,2,9,10,-2,8,8,6,6,12
772,4,-2,12,0,2,0,9,10,-2,9,7,2,10,9
773,4,-2,9,0,2,0,9,11,0,9,5,3,6,8
774,4,-1,8,-1,1,-1,8,9,-1,7,4,3,6,9
775,5,-1,9,2,1,-1,7,9,0,6,3,-1,5,8
776,7,2,5,3,4,-2,4,6,-3,4,1,-1,5,7
777,4,1,-1,2,2,-2,1,4,1,3,-1,-4,4,6
778,4,1,-1,-1,3,-1,-2,1,1,2,-3,-9,1,3
779,5,1,-3,2,0,-1,-3,-3,-2,-1,-5,-11,4,-1
780,3,1,-5,1,0,-3,-6,-1,1,-2,-6,-12,4,-3
781,1,-1,-7,1,1,-3,-7,-4,1,-3,-10,-13,2,-5
782,3,2,-8,-1,1,-1,-9,-6,-1,-5,-10,-13,1,-5
783,3,2,-7,1,-1,-2,-10,-10,-1,-9,-12,-12,1,-6
784,1,2,-10,-1,-2,-3,-13,-9,1,-11,-10,-13,0,-9
785,4,2,-10,1,-3,-2,-13,-12,0,-12,-10,-12,1,-9
786,3,-1,-11,2,-2,-2,-11,-12,0,-12,-8,-10,2,-12
787,0,1,-10,-1,-4,-1,-12,-11,0,-10,-9,-9,0,-12
788,-2,-2,-8,-4,-5,-2,-12,-10,-1,-8,-8,-7,-1,-12
789,-2,-3,-7,-5,-5,-1,-9,-9,-2,-10,-7,-6,-2,-11
790,-3,-2,-6,-3,-3,-1,-10,-9,0,-10,-7,-5,-1,-9
791,-3,0,-7,-4,-3,2,-8,-9,-1,-7,-6,-7,-2,-11
792,-1,-1,-6,-5,-3,1,-9,-9,0,-6,-7,-4,-1,-8
793,-3,-2,-9,-4,-5,2,-8,-9,-2,-7,-7,-2,0,-6
794,-6,-3,-6,-5,-3,1,-7,-7,-1,-8,-5,-2,-4,-7
795,-8,-2,-6,-3,-2,2,-7,-6,-2,-6,-6,-2,-3,-8
796,-9,-2,-5,-3,-3,5,-8,-4,-1,-6,-4,-1,-4,-7
797,-7,-4,-5,-6,-3,6,-5,-5,-3,-5,-3,-2,-3,-7
798,-5,-6,-4,-5,-1,5,-6,-4,-5,-4,-3,2,-5,-5
799,-8,-4,-5,-4,-1,4,-5,-5,-3,-4,-2,2,-4,-5
800,-5,-4,-2,0,0,4,-5,-4,-2,-4,-1,0,-5,-4
801,-4,-6,-1,1,-1,4,0,-1,-2,-2,-1,2,-6,-4
802,-3,-5,-1,3,0,4,2,0,-2,-1,0,2,-7,-2
803,-4,-5,0,1,1,5,0,-1,0,-1,0,2,-8,1
804,-3,-3,3,2,2,6,1,-1,0,1,2,5,-10,1
805,-2,-2,1,1,2,6,1,0,1,0,4,6,-6,2
806,1,-1,2,1,3,5,3,3,5,3,4,5,-8,4
807,2,0,3,1,3,6,5,4,5,3,3,3,-5,2
808,5,0,2,4,2,4,5,4,6,5,3,2,-7,4
809,6,-1,3,4,6,4,5,7,5,4,5,3,-7,5
810,6,3,1,3,7,2,6,5,8,3,3,4,-8,5
811,8,3,0,2,6,2,2,3,9,4,1,2,-7,5
812,5,4,2,2,5,2,3,1,9,3,2,3,-4,4
813,6,6,3,3,5,1,4,4,10,4,1,3,-3,5
814,4,7,1,0,5,1,3,3,8,3,2,2,-3,4
815,4,6,1,0,3,-1,2,0,6,2,6,2,-4,4
816,4,3,0,-2,5,-2,-1,0,4,4,5,-1,-1,2
817,2,3,1,-1,4,0,1,-1,3,4,5,3,2,3
818,1,5,0,0,3,-2,2,2,2,1,6,2,2,1
819,2,0,1,-1,-1,-1,1,0,2,1,5,4,4,3
820,0,-2,2,0,-2,1,1,2,2,1,3,5,3,3
821,-1,-1,3,0,-1,-2,2,1,1,4,4,5,4,2
822,0,-1,3,-1,-1,-3,4,2,-1,5,5,6,6,2
823,-2,-3,2,0,-1,0,4,4,-1,4,4,6,6,1
824,-2,-5,3,2,-4,-3,3,5,-3,5,4,7,6,0
825,-2,-1,5,0,-5,-2,5,6,-5,5,3,5,6,3
826,-3,-4,5,0,-6,-1,5,4,-6,5,3,3,8,4
827,-4,-5,5,0,-4,-4,5,4,-7,6,2,2,7,3
828,-3,-3,5,0,-6,-4,5,2,-7,6,4,3,6,3
829,-2,-2,5,0,-3,-3,6,1,-7,3,2,2,7,4
830,-2,-1,6,1,-4,-5,5,2,-7,3,1,2,6,4
831,-1,0,8,0,-2,-2,4,2,-5,5,2,4,9,2
832,-2,-2,4,1,-2,-1,5,2,-6,2,1,4,11,3
833,0,2,5,1,-1,1,4,1,-6,3,3,2,10,0
834,2,2,4,0,2,-1,4,4,-4,3,2,1,6,0
835,5,0,3,1,2,-3,3,5,-4,2,1,0,8,1
836,3,0,5,1,2,-1,5,3,-4,1,3,1,9,2
837,2,1,6,-1,3,0,6,2,-3,1,1,2,7,2
838,6,1,2,1,4,1,6,3,-2,4,3,1,4,2
839,5,4,3,2,1,1,3,3,-1,4,3,-1,4,2
840,6,4,3,3,5,3,6,3,1,4,3,0,3,2
841,6,7,-1,1,7,3,4,4,2,4,3,-3,5,3
842,6,3,-1,3,4,2,4,5,2,4,1,-3,4,5
843,7,5,-1,3,1,5,3,3,4,2,-1,-4,2,3
844,7,6,-3,2,3,4,0,0,2,0,-1,-5,0,3
845,8,5,-5,3,2,4,1,0,3,1,-3,-6,2,2
846,4,5,-4,3,0,6,-1,0,4,0,-5,-8,2,1
847,3,4,-6,4,2,4,-5,-1,3,-2,-5,-7,-1,-2
848,3,4,-7,2,-1,7,-5,-4,4,-1,-7,-7,0,0
849,2,2,-7,-1,0,6,-8,-5,4,-5,-5,-6,1,-3
850,0,3,-6,0,-1,8,-6,-7,3,-5,-8,-7,0,-5
851,1,1,-8,-3,-1,7,-9,-5,1,-6,-7,-8,-3,-3
852,-2,0,-8,-4,-2,8,-9,-7,1,-7,-7,-7,-5,-3
853,0,-2,-10,-4,-3,8,-9,-7,-1,-8,-7,-8,-7,-4
854,-5,-2,-8,-3,-4,7,-12,-9,-1,-8,-7,-9,-6,-5
855,-4,-2,-7,-4,-2,7,-13,-8,-2,-11,-7,-5,-7,-7
856,-5,-1,-10,-5,-3,6,-13,-9,-3,-10,-8,-4,-8,-9
857,-8,-3,-10,-4,-4,6,-10,-10,-6,-8,-7,-6,-11,-9
858,-7,-5,-8,-6,-5,3,-13,-11,-5,-7,-7,-6,-9,-4
859,-8,-4,-9,-4,-5,3,-11,-9,-6,-9,-9,-6,-12,-9
860,-9,-5,-10,-7,-10,2,-9,-7,-5,-9,-9,-5,-11,-8
861,-8,-6,-9,-4,-10,1,-12,-8,-5,-11,-6,-5,-13,-9
862,-7,-6,-8,-4,-8,0,-11,-9,-5,-12,-8,-3,-13,-6
863,-9,-6,-7,-3,-9,-1,-7,-8,-6,-11,-7,-3,-12,-9
864,-9,-8,-9,-3,-8,-2,-9,-7,-4,-10,-4,-2,-10,-6
865,-8,-4,-8,-2,-5,-2,-7,-5,-5,-10,-4,3,-8,-6
866,-6,-4,-9,-3,-6,-2,-6,-7,-3,-6,-4,1,-8,-3
867,-4,-5,-6,-3,-5,-2,-6,-3,-3,-4,-4,2,-7,-5
868,-2,-5,-5,-2,-3,-2,-4,-4,-2,-3,-1,2,-6,-4
869,-3,-4,-1,-2,-3,-2,0,-2,-2,-1,1,6,-3,-1
870,-3,-2,1,-2,-4,-4,2,2,-3,-1,4,6,-3,1
871,0,0,1,-1,0,-1,3,5,-2,3,4,7,-2,2
872,1,-2,5,0,4,-1,3,6,1,5,6,5,-1,5
873,0,2,3,1,4,-1,6,5,1,6,5,9,0,4
874,2,0,3,3,3,-2,7,7,2,9,8,7,2,4
875,4,1,4,2,3,-2,10,7,1,8,9,5,4,5
876,4,1,7,2,6,-2,10,8,2,9,10,6,5,9
877,4,2,5,1,5,-2,9,8,2,10,9,9,7,10
878,2,3,7,0,5,-4,10,10,4,11,9,6,7,10
879,4,2,7,2,5,-4,8,9,4,10,10,6,9,8
880,3,3,9,1,4,-4,9,8,4,10,9,5,8,10
881,3,2,7,4,4,-3,6,11,3,9,12,8,11,10
882,7,3,9,3,3,-2,9,9,3,8,9,5,11,11
883,9,3,9,2,4,-1,7,8,2,8,7,1,12,7
884,8,4,6,5,4,-2,6,6,4,8,6,3,11,6
885,7,7,6,2,5,-2,5,7,3,7,7,2,11,5
886,6,7,7,4,3,1,5,5,4,6,6,2,12,5
887,8,7,8,4,4,-3,4,4,4,6,4,3,13,5
888,6,8,4,7,4,-3,4,4,4,4,5,4,9,4
889,3,10,5,4,3,-4,2,3,4,2,5,4,6,1
890,5,9,7,6,2,-1,3,3,3,0,2,2,6,2
891,4,9,6,4,3,3,1,3,2,2,2,3,7,0
892,3,5,6,5,4,4,3,4,1,0,3,1,7,-1
893,0,6,5,7,2,3,3,3,-1,0,1,2,7,1
894,0,4,5,6,3,5,4,1,-3,-1,0,1,5,-1
895,-3,3,2,6,2,6,3,5,-2,-1,1,2,1,-1
896,-4,-1,3,2,-1,8,4,4,-3,0,-1,0,3,-3
897,-6,0,2,-1,0,7,2,2,-6,0,-1,0,-1,0
898,-4,-3,3,0,-1,6,1,-1,-7,1,-3,0,0,0
899,-3,-4,3,-2,0,8,1,-2,-6,-2,-4,-1,-1,1
900,-1,-2,0,-4,-3,8,2,1,-5,-2,-2,-3,-1,-1
901,-1,-1,0,-2,-3,10,0,0,-7,-1,-1,-4,-4,-1
902,-3,-2,0,-4,-2,10,0,1,-8,-2,-1,-2,-5,-3
903,-2,1,1,-7,-1,8,-2,1,-2,-2,0,-3,-5,0
904,-2,1,0,-5,-2,7,-1,0,-1,-4,-1,-2,-7,-1
905,-2,0,-1,-4,-4,7,-2,-1,-1,-2,2,-3,-9,0
906,-3,-5,-2,-4,-4,6,-2,1,2,0,-1,-4,-9,-2
907,-1,-4,-3,-6,-3,5,-2,-1,1,-2,-2,-4,-10,-1
908,-2,-2,-3,-4,0,7,-2,-2,2,-6,-5,-6,-10,-1
909,0,-4,-4,-3,1,4,-6,-4,2,-4,-7,-7,-10,1
910,-2,-7,-5,-2,0,4,-7,-4,1,-5,-6,-9,-11,-1
911,-1,-5,-7,-5,1,2,-5,-6,2,-5,-8,-9,-8,-2
912,0,-5,-8,-3,1,1,-6,-5,1,-7,-9,-9,-8,-2
913,0,-6,-10,-1,0,-1,-6,-6,3,-8,-10,-7,-10,-3
914,0,-5,-11,0,-2,-2,-9,-6,5,-7,-9,-7,-9,-4
915,-1,-5,-9,2,-2,-1,-8,-7,1,-10,-9,-8,-8,-7
916,0,-5,-9,2,-2,-4,-9,-9,1,-8,-8,-8,-9,-8
917,-3,-7,-11,2,-1,-2,-10,-11,1,-8,-10,-9,-6,-8
918,-3,-7,-14,2,0,-2,-10,-11,1,-8,-10,-10,-3,-8
919,-1,-3,-14,3,-1,-1,-11,-12,2,-11,-10,-7,-1,-8
920,0,-3,-13,5,1,-3,-11,-10,3,-7,-9,-5,-3,-7
921,-4,-2,-10,5,-1,-6,-12,-9,2,-10,-6,-3,-2,-10
922,-3,0,-10,4,-1,-3,-8,-10,2,-8,-7,-3,-2,-8
923,-5,0,-9,3,0,-3,-8,-8,1,-7,-4,-2,-2,-7
924,-3,-1,-6,4,-1,-3,-7,-8,-1,-6,-1,-1,1,-7
925,-3,0,-3,3,-1,-4,-5,-7,0,-4,0,1,0,-7
926,-3,0,-2,2,-4,-3,-2,-4,-1,-3,-1,3,1,-5
927,-4,0,0,1,-4,-4,0,-4,0,-2,1,3,2,-6
928,-3,-1,-1,2,-3,-3,1,-1,-3,-3,2,4,3,-4
929,-3,0,0,-1,-4,-2,0,-1,-2,0,2,3,7,-1
930,-4,-1,2,-4,-3,-1,1,-2,-4,3,3,6,7,1
931,-6,-2,2,-4,-3,-1,4,2,-5,1,2,10,5,-1
932,-6,-2,3,-5,-4,1,5,4,-2,3,6,4,4,0
933,-3,-3,4,-4,-3,3,6,5,-3,4,6,5,6,4
934,-3,-1,4,-3,0,4,5,5,-2,6,7,7,5,5
935,0,-1,4,-2,1,2,7,6,-2,8,8,8,3,7
936,3,-3,5,-2,1,3,7,7,0,7,9,8,6,7
937,4,-2,8,2,2,3,7,8,0,7,9,6,3,8
938,4,0,6,0,3,4,8,7,3,9,10,5,5,5
939,4,2,7,0,2,3,8,10,4,6,11,8,5,8
940,4,3,10,0,3,3,9,8,4,8,9,7,5,10
941,6,1,10,4,3,1,8,10,4,9,9,9,7,10
942,7,3,11,2,6,3,11,11,7,10,9,8,7,9
943,9,3,12,4,3,2,13,13,8,12,11,8,5,10
944,11,2,12,4,6,4,13,14,5,13,11,7,7,10
945,10,3,13,5,9,4,12,11,6,13,11,7,7,9
946,10,4,13,5,7,2,9,11,8,14,10,8,6,11
947,11,7,12,6,7,3,8,8,6,12,9,6,7,11
948,8,7,11,7,7,3,8,6,6,8,6,4,6,9
949,8,7,11,7,6,2,5,6,5,7,7,3,5,6
950,7,7,9,8,4,4,5,5,7,4,7,4,2,6
951,9,9,10,10,6,4,4,5,5,5,6,3,5,8
952,8,5,10,10,7,5,3,4,5,3,4,1,4,5
953,8,7,8,10,6,4,3,3,4,5,2,1,5,5
954,7,7,6,7,0,7,1,3,5,3,2,1,4,4
955,6,7,5,7,0,6,0,0,2,2,0,0,1,2
956,2,5,4,7,-1,3,1,1,3,2,-3,0,-1,0
957,-2,3,2,3,-2,2,0,1,3,-1,-4,-2,-1,-2
958,-1,4,1,1,0,3,0,-2,1,0,-1,-4,-2,-3
959,0,2,0,1,-2,2,-2,-3,-3,-3,-4,-5,-5,-2
