,0,1,2,3,4,5,6
0,43,136,116,271,163,437,61
1,500,900,829,1213,968,1445,627
2,1502,1615,1626,1411,1600,1020,1585
3,824,-430,-185,-1554,-645,-2525,442
4,-2851,-4223,-4031,-4761,-4364,-4860,-3399
5,-4801,-3949,-4153,-2808,-3741,-1650,-4620
6,-1222,908,565,2245,1202,3117,-471
7,3352,4073,4006,4123,4114,3934,3695
8,3828,3179,3296,2705,3083,2375,3620
9,2271,1979,2012,1903,1964,1869,2144
10,1837,1597,1664,1184,1536,644,1795
11,402,-1022,-754,-2224,-1258,-3239,-49
12,-3571,-4965,-4772,-5533,-5118,-5666,-4133
13,-5617,-4815,-5026,-3716,-4635,-2558,-5461
14,-2114,196,-203,1721,504,2800,-1316
15,3112,4200,4074,4389,4266,4211,3594
16,4071,3045,3260,2033,2850,1124,3787
17,791,-651,-431,-1459,-837,-1921,266
18,-2052,-2166,-2202,-1857,-2138,-1364,-2158
19,-1175,83,-153,989,257,1666,-755
20,1850,2484,2418,2460,2500,2152,2151
21,1975,834,1053,-184,624,-1023,1631
22,-1306,-2344,-2219,-2693,-2457,-2687,-1741
23,-2636,-1913,-2079,-1160,-1783,-476,-2457
24,-266,672,542,1003,758,1039,109
25,977,406,532,-267,277,-867,842
26,-1088,-1902,-1804,-2167,-1986,-2109,-1418
27,-2051,-1241,-1424,-351,-1080,493,-1838
28,764,2092,1893,2733,2244,3007,1273
29,3026,2721,2820,2094,2614,1408,3004
30,1140,-157,47,-929,-331,-1372,671
31,-1484,-1546,-1593,-1187,-1502,-681,-1592
32,-487,617,429,1290,760,1689,-107
33,1764,1771,1818,1333,1705,749,1843
34,506,-803,-584,-1696,-994,-2291,52
35,-2455,-2817,-2814,-2621,-2810,-2187,-2672
36,-1999,-764,-991,184,-574,916,-1604
37,1130,1938,1839,2128,1997,2050,1476
38,1977,1349,1470,732,1225,210,1796
39,36,-633,-553,-888,-704,-923,-237
40,-909,-592,-667,-248,-527,57,-837
41,144,518,467,597,541,549,298
42,501,147,216,-217,70,-535,401
43,-646,-1099,-1039,-1317,-1156,-1397,-823
44,-1410,-1276,-1321,-1053,-1243,-800,-1396
45,-711,-194,-287,140,-127,383,-534
46,449,712,676,773,727,762,563
47,736,583,614,419,546,278,699
48,222,51,69,-8,28,9,150
49,10,179,141,336,207,469,59
50,500,639,627,626,642,539,570
51,479,140,205,-177,70,-432,382
52,-529,-823,-796,-896,-860,-827,-655
53,-792,-377,-464,25,-306,389,-675
54,503,1057,979,1315,1118,1419,719
55,1417,1295,1334,1053,1247,803,1409
56,701,283,341,62,220,-23,542
57,-40,86,41,286,113,498,-28
58,561,896,842,1029,928,1059,691
59,1034,855,897,606,804,358,999
60,255,-181,-113,-454,-247,-632,97
61,-687,-822,-814,-830,-831,-789,-757
62,-772,-607,-641,-465,-581,-345,-724
63,-312,-90,-129,60,-65,188,-237
64,219,435,391,551,451,631,296
65,643,697,688,652,689,564,671
66,518,257,307,18,213,-204,439
67,-287,-643,-590,-867,-694,-1024,-419
68,-1080,-1241,-1229,-1319,-1268,-1352,-1150
69,-1369,-1350,-1360,-1313,-1348,-1250,-1371
70,-1238,-1064,-1099,-917,-1034,-782,-1181
71,-743,-510,-552,-378,-478,-297,-659
72,-282,-234,-239,-274,-244,-327,-258
73,-359,-471,-456,-531,-489,-535,-406
74,-538,-397,-433,-219,-361,-27,-505
75,33,378,323,572,423,678,159
76,689,675,692,538,651,371,706
77,291,-75,-18,-338,-135,-514,169
78,-578,-740,-728,-767,-755,-730,-650
79,-719,-560,-595,-431,-538,-317,-666
80,-289,-98,-135,22,-82,134,-216
81,163,398,351,582,426,759,245
82,810,1133,1075,1331,1172,1473,930
83,1499,1610,1599,1597,1608,1534,1560
84,1491,1287,1323,1112,1244,973,1425
85,920,752,771,659,722,622,849
86,597,575,575,551,564,536,591
87,510,448,456,375,429,311,490
88,275,163,175,80,137,27,228
89,2,-43,-44,-67,-57,-61,-24
90,-73,-17,-35,33,-17,107,-63
91,120,301,264,447,325,583,171
92,619,842,808,961,867,1016,694
93,1015,969,991,836,943,669,1013
94,588,203,270,-96,138,-329,458
95,-415,-714,-674,-847,-747,-907,-534
96,-930,-927,-931,-891,-922,-867,-938
97,-860,-827,-825,-827,-826,-848,-842
98,-857,-894,-889,-906,-898,-906,-870
99,-902,-827,-849,-741,-808,-657,-886
100,-627,-472,-501,-383,-451,-343,-575
101,-328,-309,-309,-324,-310,-355,-320
102,-357,-377,-380,-371,-382,-356,-374
103,-344,-265,-288,-225,-259,-200,-323
104,-201,-201,-201,-254,-211,-323,-193
105,-362,-517,-490,-641,-545,-740,-412
106,-772,-871,-863,-914,-888,-912,-818
107,-909,-801,-839,-705,-791,-582,-885
108,-548,-266,-329,-72,-235,112,-455
109,161,469,415,653,504,784,270
110,813,956,935,981,960,966,873
111,938,828,844,696,798,600,907
112,545,415,425,347,391,344,494
113,323,396,379,459,402,527,346
114,531,612,598,612,609,599,566
115,570,475,489,367,446,290,542
116,246,141,151,90,119,91,200
117,76,155,131,224,158,310,92
118,325,471,442,545,482,597,373
119,599,648,641,649,645,644,617
120,629,610,607,573,596,546,622
121,522,460,464,386,437,319,500
122,285,146,167,25,117,-76,235
123,-124,-300,-272,-431,-333,-536,-184
124,-576,-708,-690,-783,-731,-820,-629
125,-831,-803,-819,-759,-804,-702,-832
126,-686,-552,-578,-468,-538,-411,-641
127,-399,-334,-343,-329,-336,-349,-373
128,-366,-433,-425,-510,-455,-570,-389
129,-596,-653,-653,-665,-663,-653,-624
130,-647,-536,-562,-444,-518,-373,-614
131,-351,-241,-258,-208,-228,-210,-305
132,-222,-282,-273,-361,-298,-430,-236
133,-463,-560,-555,-605,-576,-624,-499
134,-628,-557,-579,-466,-546,-370,-614
135,-336,-118,-160,28,-88,142,-263
136,171,326,299,391,340,426,232
137,427,450,444,449,449,433,438
138,422,414,409,407,408,403,418
139,397,429,418,453,432,489,406
140,486,545,530,561,547,575,513
141,559,548,546,509,537,479,565
142,458,418,417,390,406,393,439
143,385,427,411,458,426,505,394
144,508,586,567,623,587,659,536
145,651,678,669,668,671,665,662
146,650,643,636,628,631,630,642
147,624,648,636,641,638,641,628
148,623,574,581,486,553,402,616
149,352,151,182,-23,112,-155,289
150,-215,-420,-394,-544,-455,-613,-294
151,-641,-669,-672,-657,-677,-613,-661
152,-605,-487,-511,-404,-477,-334,-565
153,-326,-238,-257,-225,-238,-223,-291
154,-245,-296,-289,-372,-316,-445,-259
155,-480,-597,-580,-676,-619,-730,-526
156,-753,-783,-785,-775,-790,-749,-770
157,-745,-652,-674,-582,-643,-528,-712
158,-523,-453,-466,-442,-452,-456,-491
159,-477,-539,-526,-603,-551,-670,-489
160,-699,-788,-775,-837,-803,-867,-731
161,-881,-870,-880,-844,-871,-804,-882
162,-795,-677,-701,-580,-657,-487,-758
163,-468,-283,-316,-148,-256,-37,-403
164,-7,192,154,319,214,412,67
165,431,557,532,600,564,613,481
166,602,563,570,496,550,431,594
167,397,279,297,206,267,164,354
168,145,135,128,157,135,201,134
169,212,347,311,445,359,540,257
170,562,714,685,793,729,850,621
171,857,897,892,890,898,875,880
172,858,809,813,759,795,729,842
173,709,693,681,682,680,700,700
174,703,776,753,823,774,872,725
175,875,950,934,959,948,955,907
176,931,860,872,759,837,667,912
177,617,425,451,276,387,169,550
178,120,-34,-17,-128,-65,-172,57
179,-201,-230,-232,-238,-239,-221,-222
180,-230,-189,-197,-162,-187,-135,-222
181,-143,-111,-117,-98,-112,-88,-134
182,-96,-85,-88,-83,-90,-77,-96
183,-93,-98,-95,-120,-105,-133,-95
184,-156,-213,-198,-265,-221,-311,-177
185,-338,-421,-407,-477,-434,-527,-369
186,-548,-599,-595,-634,-612,-656,-567
187,-670,-685,-685,-704,-694,-714,-677
188,-724,-739,-735,-754,-741,-774,-729
189,-776,-787,-786,-779,-784,-780,-785
190,-770,-713,-728,-660,-709,-610,-757
191,-594,-457,-488,-371,-448,-292,-547
192,-272,-124,-149,-37,-107,15,-216
193,36,119,105,149,125,144,68
194,142,121,116,78,108,29,139
195,5,-53,-51,-103,-72,-130,-14
196,-144,-140,-147,-130,-145,-113,-148
197,-109,-43,-59,-3,-39,18,-91
198,18,64,48,70,56,71,33
199,61,87,74,101,81,130,66
200,132,228,205,298,239,373,162
201,384,511,486,569,520,621,430
202,615,658,649,653,655,642,634
203,617,579,580,529,565,499,607
204,466,409,416,358,396,338,448
205,310,263,267,222,250,208,289
206,180,149,149,124,139,122,163
207,104,112,102,111,106,130,99
208,115,138,126,129,132,138,122
209,119,114,108,93,103,92,115
210,75,73,69,66,65,72,68
211,60,71,62,59,61,58,64
212,45,40,32,16,25,9,43
213,-8,-13,-20,-32,-24,-33,-10
214,-50,-62,-62,-97,-72,-132,-55
215,-152,-235,-225,-326,-260,-410,-185
216,-442,-558,-547,-631,-583,-668,-485
217,-683,-655,-670,-601,-652,-523,-680
218,-504,-321,-355,-197,-300,-98,-444
219,-76,62,41,115,72,134,-26
220,131,129,132,94,118,51,137
221,31,-33,-24,-93,-51,-134,13
222,-158,-205,-200,-240,-217,-255,-177
223,-267,-267,-269,-255,-267,-243,-274
224,-243,-175,-190,-126,-169,-90,-221
225,-83,-5,-22,25,-4,40,-52
226,37,49,48,42,49,39,43
227,28,37,34,55,40,69,26
228,74,138,123,183,144,216,94
229,220,283,269,309,286,328,246
230,318,353,344,358,349,367,334
231,355,370,365,364,369,352,363
232,337,294,299,241,285,179,324
233,147,32,44,-68,4,-134,106
234,-166,-231,-228,-253,-243,-233,-195
235,-234,-144,-165,-64,-130,21,-207
236,33,161,138,223,172,268,79
237,263,297,288,283,288,272,279
238,249,213,215,167,198,142,239
239,116,73,76,33,63,14,100
240,-7,-42,-39,-74,-52,-90,-22
241,-108,-129,-132,-157,-141,-173,-119
242,-193,-214,-215,-257,-228,-281,-201
243,-305,-358,-355,-411,-379,-442,-326
244,-459,-480,-481,-478,-489,-454,-476
245,-451,-353,-377,-285,-346,-211,-423
246,-200,-77,-102,-24,-73,21,-154
247,21,63,59,68,58,64,40
248,54,46,50,29,38,16,52
249,2,-15,-15,-50,-27,-80,-1
250,-101,-157,-155,-221,-179,-274,-118
251,-294,-359,-354,-393,-376,-404,-323
252,-410,-367,-378,-316,-362,-260,-401
253,-248,-121,-145,-41,-106,17,-200
254,26,122,102,168,128,193,67
255,193,242,230,265,240,277,211
256,276,320,312,339,320,356,294
257,354,391,383,402,391,409,374
258,398,402,399,383,397,366,410
259,348,306,311,261,294,219,339
260,199,128,137,73,115,32,175
261,17,-18,-15,-30,-24,-17,2
262,-17,57,34,115,66,180,2
263,194,312,287,378,324,425,235
264,432,487,477,500,488,503,451
265,493,485,485,471,482,465,490
266,446,435,432,419,430,411,439
267,390,365,364,324,353,286,378
268,256,171,182,90,147,30,222
269,-8,-110,-94,-182,-133,-220,-54
270,-250,-299,-294,-326,-306,-327,-276
271,-345,-334,-343,-327,-334,-303,-345
272,-309,-257,-271,-223,-258,-178,-298
273,-178,-95,-117,-44,-94,6,-154
274,6,89,73,127,94,154,38
275,148,176,168,157,173,136,166
276,115,51,58,-30,33,-97,98
277,-129,-249,-229,-341,-273,-413,-170
278,-438,-518,-509,-563,-534,-584,-471
279,-590,-567,-577,-538,-564,-507,-585
280,-489,-401,-421,-345,-394,-306,-464
281,-289,-220,-232,-191,-218,-173,-269
282,-168,-137,-141,-121,-138,-117,-158
283,-111,-68,-78,-37,-65,-19,-97
284,-10,56,41,88,54,106,9
285,108,147,133,140,137,129,123
286,115,85,88,39,68,-2,108
287,-28,-80,-75,-126,-100,-162,-45
288,-181,-193,-194,-199,-200,-194,-185
289,-204,-155,-169,-126,-155,-89,-186
290,-91,-9,-26,38,-6,84,-64
291,83,177,158,231,181,273,116
292,271,350,336,389,354,414,303
293,402,428,422,421,424,412,416
294,385,348,351,304,336,269,374
295,234,180,183,131,164,102,214
296,73,41,40,16,29,4,60
297,-13,-16,-23,-22,-18,-9,-18
298,-20,-2,-11,2,-2,28,-22
299,17,51,42,69,52,98,21
300,90,141,130,175,147,206,104
301,207,266,252,294,270,331,226
302,327,352,344,343,352,342,332
303,323,267,274,195,250,139,301
304,101,-7,6,-100,-34,-161,60
305,-189,-264,-257,-304,-278,-314,-220
306,-323,-308,-322,-294,-313,-267,-323
307,-268,-210,-224,-180,-210,-157,-250
308,-157,-98,-110,-75,-100,-57,-134
309,-59,-9,-22,8,-13,21,-38
310,21,50,39,53,44,53,34
311,46,48,43,37,42,23,47
312,10,6,3,-13,-3,-29,8
313,-42,-61,-62,-93,-72,-114,-47
314,-130,-170,-171,-211,-182,-237,-141
315,-252,-281,-284,-298,-291,-307,-267
316,-314,-287,-295,-265,-289,-241,-309
317,-238,-167,-185,-121,-162,-81,-213
318,-70,16,-5,68,25,109,-40
319,119,190,176,226,196,245,145
320,239,247,252,231,245,200,249
321,176,105,118,37,92,-19,155
322,-50,-127,-125,-178,-141,-203,-79
323,-221,-236,-241,-232,-238,-219,-229
324,-229,-203,-205,-184,-199,-168,-220
325,-169,-139,-146,-122,-138,-100,-164
326,-103,-54,-72,-24,-53,6,-90
327,7,67,49,100,66,129,28
328,129,177,165,194,177,213,148
329,202,224,218,218,219,217,210
330,198,178,178,141,167,109,193
331,82,5,11,-67,-16,-122,53
332,-149,-230,-224,-285,-247,-309,-181
333,-324,-332,-336,-330,-336,-305,-333
334,-309,-249,-264,-206,-244,-161,-294
335,-156,-70,-89,-20,-63,32,-129
336,41,125,110,165,133,208,66
337,212,260,251,269,260,273,226
338,263,244,246,205,233,172,257
339,151,96,100,51,85,24,130
340,5,-17,-19,-41,-26,-45,-5
341,-55,-64,-64,-83,-70,-90,-60
342,-101,-114,-114,-129,-120,-133,-108
343,-143,-128,-130,-116,-128,-93,-136
344,-94,-34,-51,2,-35,39,-72
345,49,127,109,170,130,214,80
346,222,296,278,331,297,365,251
347,363,406,396,411,402,408,381
348,394,372,374,326,359,282,398
349,257,183,190,119,163,75,236
350,52,4,5,-26,-9,-41,35
351,-56,-57,-65,-61,-63,-63,-55
352,-74,-52,-59,-39,-55,-29,-64
353,-34,22,10,59,22,95,-15
354,96,177,157,223,178,259,124
355,260,315,302,331,313,337,284
356,324,316,319,295,313,273,322
357,251,209,215,167,199,135,233
358,105,41,52,-18,28,-57,81
359,-92,-168,-161,-226,-182,-259,-122
360,-287,-320,-321,-339,-329,-337,-303
361,-353,-326,-334,-305,-326,-277,-348
362,-282,-224,-239,-195,-222,-156,-263
363,-162,-103,-120,-83,-105,-55,-143
364,-58,-22,-30,-13,-22,-4,-49
365,-10,-7,-7,-22,-12,-35,-14
366,-47,-69,-69,-95,-81,-114,-57
367,-126,-133,-144,-152,-147,-160,-130
368,-166,-163,-171,-179,-170,-194,-166
369,-197,-214,-213,-238,-218,-258,-208
370,-264,-270,-275,-279,-278,-282,-270
371,-277,-232,-253,-212,-240,-185,-270
372,-168,-83,-109,-39,-83,0,-144
373,18,98,82,144,105,175,43
374,180,232,223,252,233,258,199
375,256,263,258,238,250,216,262
376,202,161,161,110,143,76,190
377,61,20,23,-9,10,-18,45
378,-31,-21,-27,-10,-21,7,-30
379,0,52,34,75,48,104,18
380,99,155,140,171,151,198,119
381,190,229,224,239,226,254,204
382,239,263,261,266,262,269,251
383,251,261,255,253,251,249,257
384,226,226,221,211,215,206,229
385,179,169,169,143,161,131,181
386,102,69,72,31,58,9,92
387,-17,-53,-48,-79,-63,-94,-35
388,-118,-116,-118,-120,-124,-111,-120
389,-123,-85,-98,-64,-87,-37,-113
390,-42,10,-7,35,11,61,-24
391,58,91,79,103,90,111,65
392,100,100,98,88,95,72,101
393,52,24,25,-9,16,-34,43
394,-55,-88,-88,-115,-94,-131,-68
395,-145,-160,-161,-169,-161,-169,-154
396,-178,-171,-175,-170,-172,-157,-178
397,-167,-145,-151,-135,-144,-126,-161
398,-128,-104,-113,-91,-103,-83,-122
399,-81,-52,-62,-40,-50,-20,-76
400,-20,12,2,22,14,44,-13
401,39,69,57,70,62,70,49
402,64,72,63,57,62,46,66
403,36,18,18,-7,12,-19,30
404,-32,-52,-54,-75,-60,-86,-42
405,-96,-101,-107,-114,-112,-116,-103
406,-125,-106,-116,-103,-113,-90,-123
407,-94,-49,-58,-32,-53,-4,-81
408,-2,49,35,65,41,83,12
409,80,106,97,109,98,105,88
410,98,90,91,74,82,55,93
411,38,17,19,-17,4,-40,29
412,-59,-90,-93,-129,-109,-148,-70
413,-165,-194,-194,-219,-205,-224,-174
414,-241,-246,-246,-253,-250,-249,-242
415,-260,-241,-244,-233,-245,-220,-254
416,-227,-185,-197,-161,-186,-132,-213
417,-138,-73,-89,-39,-70,-4,-109
418,-11,38,27,56,41,67,14
419,55,57,60,48,53,33,59
420,17,-3,2,-19,-11,-27,7
421,-40,-48,-52,-51,-48,-44,-46
422,-53,-43,-50,-43,-42,-36,-49
423,-51,-39,-46,-43,-43,-45,-47
424,-55,-39,-46,-31,-44,-27,-55
425,-34,1,-12,18,-1,36,-24
426,30,76,60,103,81,128,48
427,125,182,163,216,186,245,143
428,243,301,289,328,304,346,264
429,339,357,353,354,359,350,349
430,335,308,308,277,302,252,328
431,234,188,193,156,183,129,220
432,117,79,84,58,73,44,96
433,32,21,24,23,24,32,26
434,26,57,46,81,61,109,37
435,110,156,142,175,158,189,126
436,190,198,198,192,197,179,195
437,169,143,149,121,138,106,163
438,90,73,70,54,67,48,88
439,32,27,21,5,19,-7,37
440,-22,-40,-39,-72,-51,-92,-28
441,-106,-129,-126,-156,-146,-172,-121
442,-185,-192,-194,-207,-205,-213,-189
443,-224,-216,-225,-225,-225,-222,-225
444,-230,-205,-216,-200,-210,-180,-231
445,-187,-137,-151,-119,-142,-87,-175
446,-100,-47,-65,-40,-59,-25,-81
447,-39,-18,-27,-29,-27,-26,-31
448,-46,-49,-50,-66,-57,-74,-49
449,-97,-107,-110,-130,-119,-142,-100
450,-165,-173,-178,-192,-186,-194,-167
451,-213,-198,-208,-194,-207,-178,-211
452,-183,-140,-153,-115,-143,-95,-172
453,-96,-51,-59,-30,-52,-19,-78
454,-22,14,6,27,10,46,-9
455,44,89,80,115,92,140,57
456,141,192,182,213,196,223,159
457,224,244,238,242,242,227,234
458,224,212,210,192,206,169,219
459,164,149,146,127,138,101,151
460,98,84,80,62,75,41,85
461,40,35,29,25,31,19,31
462,21,45,33,49,41,63,24
463,68,104,93,117,100,126,75
464,131,152,146,157,150,157,134
465,156,165,160,162,159,154,155
466,149,144,139,125,137,116,141
467,100,82,76,47,68,31,88
468,11,-13,-16,-43,-30,-62,-3
469,-77,-82,-88,-99,-94,-101,-82
470,-115,-106,-111,-112,-111,-106,-111
471,-123,-113,-120,-116,-120,-106,-122
472,-121,-98,-110,-95,-103,-75,-116
473,-91,-52,-65,-50,-55,-30,-75
474,-46,-22,-27,-24,-26,-10,-34
475,-33,-22,-27,-26,-28,-15,-26
476,-39,-24,-32,-26,-32,-12,-33
477,-33,-13,-21,-18,-18,-6,-25
478,-27,-17,-19,-27,-24,-17,-21
479,-39,-32,-35,-37,-38,-24,-33
480,-44,-23,-32,-18,-30,-2,-39
481,-12,18,9,39,15,60,-4
482,59,99,92,132,104,157,75
483,157,203,192,224,204,240,176
484,236,257,249,255,249,249,245
485,237,220,219,196,208,172,229
486,160,129,130,100,117,76,148
487,66,43,43,28,36,16,56
488,7,1,-3,1,-2,-2,2
489,-5,10,1,20,9,28,-6
490,23,48,36,57,48,59,31
491,57,64,61,63,66,48,59
492,46,36,33,17,31,2,41
493,-8,-24,-28,-47,-31,-62,-18
494,-72,-87,-95,-109,-94,-119,-83
495,-127,-145,-149,-170,-154,-180,-140
496,-190,-209,-207,-233,-218,-246,-203
497,-255,-272,-273,-288,-279,-295,-267
498,-305,-308,-315,-310,-314,-307,-309
499,-313,-296,-305,-288,-301,-274,-312
500,-276,-240,-248,-227,-242,-205,-266
501,-211,-175,-185,-167,-177,-149,-196
502,-160,-141,-149,-147,-148,-143,-153
503,-154,-155,-161,-172,-166,-175,-154
504,-184,-189,-199,-208,-202,-206,-190
505,-219,-210,-216,-204,-213,-191,-215
506,-207,-173,-183,-152,-175,-129,-194
507,-137,-83,-99,-56,-85,-21,-118
508,-26,37,19,65,38,104,-3
509,98,159,148,194,166,220,126
510,214,264,256,291,268,309,237
511,296,332,323,340,328,348,311
512,333,350,342,341,345,336,343
513,316,314,309,290,301,271,317
514,252,237,236,216,227,203,247
515,187,185,180,180,182,187,187
516,178,200,192,215,202,229,184
517,226,265,254,285,265,298,239
518,295,324,321,338,328,349,309
519,343,355,352,355,357,351,349
520,339,321,326,298,318,273,334
521,256,212,217,166,202,134,240
522,113,63,69,23,55,-7,97
523,-27,-73,-66,-107,-78,-133,-42
524,-151,-185,-182,-214,-190,-234,-161
525,-242,-260,-261,-273,-264,-279,-252
526,-282,-276,-280,-268,-275,-257,-277
527,-261,-236,-242,-218,-234,-203,-247
528,-213,-186,-195,-177,-185,-169,-197
529,-177,-160,-170,-168,-165,-171,-168
530,-179,-181,-186,-203,-189,-214,-181
531,-234,-250,-253,-280,-260,-295,-242
532,-313,-326,-330,-348,-336,-346,-322
533,-358,-344,-355,-345,-350,-331,-358
534,-336,-294,-312,-284,-301,-256,-329
535,-263,-204,-219,-180,-207,-134,-249
536,-144,-69,-87,-29,-67,20,-118
537,17,89,73,120,89,160,42
538,153,196,186,204,190,219,167
539,205,219,212,207,208,209,208
540,186,188,180,167,175,163,187
541,142,132,129,111,120,104,139
542,90,81,79,71,70,67,84
543,62,81,72,90,75,101,67
544,101,149,137,176,150,196,117
545,198,255,240,281,256,301,219
546,302,345,335,362,341,363,321
547,362,378,370,369,369,345,371
548,339,317,318,282,307,241,334
549,229,185,187,142,171,103,210
550,89,54,54,24,41,-10,75
551,-20,-46,-46,-69,-55,-98,-33
552,-99,-117,-115,-133,-125,-146,-113
553,-147,-140,-143,-137,-139,-129,-151
554,-130,-93,-104,-76,-92,-63,-123
555,-60,-32,-43,-21,-33,-18,-56
556,-17,-9,-17,-18,-13,-19,-20
557,-25,-31,-33,-47,-37,-53,-33
558,-66,-85,-84,-103,-89,-114,-75
559,-133,-157,-157,-176,-160,-183,-144
560,-198,-209,-214,-221,-214,-213,-209
561,-226,-207,-215,-201,-210,-179,-223
562,-190,-146,-158,-126,-146,-88,-177
563,-101,-38,-51,-4,-36,38,-78
564,29,96,79,127,97,158,53
565,147,194,183,203,189,213,168
566,193,208,202,194,201,191,203
567,165,163,157,142,153,133,167
568,108,100,94,81,92,72,107
569,50,49,42,36,40,36,51
570,23,42,35,52,38,75,30
571,65,117,104,145,115,176,83
572,169,223,211,242,221,262,189
573,251,275,270,270,269,269,263
574,255,242,246,220,234,202,253
575,188,160,166,125,148,100,177
576,87,50,56,13,38,-14,70
577,-26,-66,-62,-98,-78,-121,-44
578,-134,-166,-163,-190,-175,-211,-146
579,-220,-233,-234,-249,-243,-262,-227
580,-265,-254,-260,-255,-263,-251,-269
581,-251,-222,-228,-205,-224,-191,-243
582,-193,-160,-164,-145,-161,-142,-176
583,-146,-129,-133,-133,-131,-141,-136
584,-147,-150,-153,-165,-159,-183,-150
585,-195,-212,-211,-235,-225,-258,-202
586,-270,-295,-294,-317,-303,-331,-280
587,-345,-347,-353,-350,-348,-346,-347
588,-349,-310,-324,-285,-308,-253,-340
589,-253,-183,-201,-138,-177,-99,-232
590,-95,-26,-40,15,-15,42,-69
591,45,94,82,113,98,131,63
592,126,149,142,152,147,163,132
593,150,156,153,148,151,154,146
594,142,139,137,131,138,136,140
595,120,119,118,112,118,116,122
596,96,102,98,97,99,104,98
597,93,115,104,120,107,141,95
598,138,182,171,206,181,240,152
599,238,290,278,320,295,348,261
600,341,381,373,392,379,402,359
601,394,408,398,389,394,379,396
602,367,350,346,309,330,282,359
603,262,212,218,165,195,122,247
604,100,42,50,-4,26,-40,79
605,-55,-88,-101,-132,-113,-145,-78
606,-140,-133,-145,-145,-150,-138,-145
607,-127,-118,-109,-91,-105,-81,-119
608,-68,-58,-48,-37,-46,-35,-59
609,-21,-23,-19,-23,-18,-27,-21
610,-18,-39,-31,-44,-40,-60,-23
611,-53,-92,-78,-99,-86,-126,-62
612,-119,-175,-157,-192,-165,-218,-135
613,-217,-270,-252,-295,-267,-319,-232
614,-314,-353,-336,-359,-348,-367,-323
615,-354,-366,-357,-344,-354,-333,-356
616,-314,-298,-295,-259,-279,-230,-306
617,-211,-175,-173,-135,-159,-106,-191
618,-85,-46,-44,-13,-38,7,-69
619,26,52,50,70,55,77,35
620,93,85,87,84,88,75,89
621,82,45,54,26,44,6,69
622,7,-34,-26,-53,-36,-72,-9
623,-65,-84,-83,-83,-84,-80,-80
624,-67,-53,-55,-28,-46,4,-70
625,15,55,53,95,69,132,29
626,143,186,179,213,193,239,156
627,251,274,268,281,277,296,251
628,300,289,296,284,294,285,293
629,283,248,256,222,246,208,269
630,203,151,158,116,143,88,184
631,88,34,40,4,29,-20,65
632,-16,-57,-52,-73,-56,-81,-34
633,-73,-91,-91,-92,-91,-93,-79
634,-83,-85,-82,-72,-83,-75,-82
635,-54,-46,-43,-32,-42,-27,-54
636,-6,6,6,18,10,25,-4
637,41,46,49,50,48,46,48
638,60,41,48,31,40,2,56
639,16,-33,-22,-61,-37,-101,-3
640,-88,-148,-135,-179,-150,-207,-114
641,-198,-232,-221,-240,-226,-247,-210
642,-233,-230,-221,-207,-219,-199,-232
643,-180,-147,-148,-112,-137,-92,-170
644,-69,-31,-34,5,-19,28,-55
645,49,79,77,104,92,121,60
646,134,143,146,152,149,149,138
647,161,140,148,137,144,122,152
648,130,96,105,91,102,79,117
649,86,57,66,54,67,57,73
650,61,47,55,53,56,66,56
651,69,72,75,94,80,104,72
652,111,121,125,150,133,164,115
653,171,184,189,207,199,228,176
654,232,244,247,259,254,277,238
655,276,273,277,277,278,275,283
656,271,239,245,220,240,197,263
657,185,125,137,84,124,57,165
658,44,-19,-3,-55,-22,-74,21
659,-81,-122,-111,-131,-120,-137,-95
660,-138,-151,-151,-145,-148,-144,-141
661,-136,-133,-131,-118,-127,-108,-135
662,-99,-94,-86,-80,-85,-71,-97
663,-60,-64,-55,-61,-57,-65,-59
664,-55,-79,-71,-92,-79,-111,-60
665,-99,-143,-136,-166,-145,-192,-118
666,-182,-233,-218,-254,-230,-277,-201
667,-268,-313,-297,-331,-311,-346,-283
668,-333,-362,-353,-365,-363,-374,-344
669,-356,-362,-359,-346,-358,-344,-363
670,-320,-310,-307,-281,-303,-269,-322
671,-247,-222,-218,-191,-210,-165,-237
672,-145,-113,-110,-81,-104,-62,-131
673,-42,-20,-19,1,-15,0,-36
674,15,12,16,13,15,0,12
675,11,-12,0,-23,-11,-30,5
676,-20,-41,-29,-39,-33,-40,-24
677,-30,-31,-26,-15,-25,-9,-29
678,4,23,24,50,35,66,11
679,86,120,120,154,135,180,99
680,200,233,238,265,245,289,215
681,302,313,322,337,327,342,307
682,351,341,346,344,349,330,346
683,336,305,315,287,311,269,327
684,274,223,241,200,227,180,255
685,179,131,146,116,134,96,162
686,98,65,71,60,70,45,84
687,58,38,43,42,46,39,49
688,53,43,48,52,51,58,47
689,66,63,70,77,74,86,67
690,95,90,93,97,100,93,95
691,105,83,84,66,84,50,93
692,57,11,25,-16,11,-39,39
693,-40,-94,-79,-124,-97,-148,-57
694,-145,-201,-188,-228,-201,-249,-167
695,-241,-284,-280,-302,-284,-317,-260
696,-303,-325,-317,-318,-321,-319,-316
697,-302,-297,-290,-272,-289,-257,-304
698,-240,-220,-219,-190,-208,-168,-232
699,-152,-134,-133,-109,-120,-95,-146
700,-80,-76,-68,-59,-67,-60,-76
701,-49,-66,-51,-61,-59,-71,-49
702,-64,-94,-81,-99,-91,-111,-69
703,-104,-132,-122,-133,-128,-142,-107
704,-129,-143,-135,-135,-139,-136,-130
705,-122,-121,-110,-97,-110,-89,-115
706,-75,-57,-53,-27,-47,-7,-63
707,8,37,37,67,45,86,22
708,100,125,125,145,130,149,113
709,164,168,169,174,171,167,166
710,177,159,165,154,160,141,170
711,144,118,126,102,118,88,133
712,89,61,70,43,60,28,76
713,35,12,20,4,13,-3,21
714,8,-7,-1,0,2,8,-3
715,19,15,19,26,24,41,10
716,46,54,53,65,61,76,44
717,82,88,86,96,93,97,83
718,107,94,100,92,98,88,99
719,95,63,75,53,65,41,83
720,44,4,14,-14,7,-30,29
721,-27,-62,-58,-85,-66,-102,-42
722,-91,-126,-117,-135,-124,-149,-108
723,-134,-158,-149,-151,-153,-152,-148
724,-138,-132,-132,-118,-129,-111,-142
725,-89,-67,-72,-47,-60,-39,-85
726,-14,6,0,24,15,27,-10
727,54,54,58,66,61,63,51
728,79,69,75,65,71,54,75
729,67,51,54,37,51,21,61
730,34,15,19,10,17,-4,29
731,16,-2,5,3,2,2,5
732,17,18,18,26,18,34,15
733,49,61,60,72,63,81,53
734,98,114,114,126,114,129,106
735,148,155,156,164,157,167,149
736,180,171,179,176,176,176,175
737,181,165,173,161,164,155,174
738,159,132,138,121,132,110,149
739,117,83,93,71,83,62,103
740,64,33,45,24,33,20,52
741,21,-1,9,1,4,3,10
742,5,-6,0,4,1,6,3
743,13,9,14,19,17,24,17
744,31,22,30,27,32,32,32
745,29,9,18,4,13,-3,23
746,-10,-40,-33,-54,-38,-68,-14
747,-71,-111,-100,-125,-106,-141,-80
748,-140,-172,-163,-184,-166,-193,-152
749,-194,-211,-204,-214,-206,-215,-203
750,-216,-224,-221,-217,-218,-214,-219
751,-207,-207,-202,-194,-196,-189,-204
752,-174,-171,-163,-151,-160,-144,-172
753,-131,-121,-115,-103,-112,-96,-127
754,-86,-81,-76,-70,-70,-65,-83
755,-49,-57,-54,-55,-49,-60,-54
756,-43,-62,-51,-63,-56,-71,-50
757,-54,-78,-69,-80,-73,-86,-67
758,-74,-92,-88,-94,-88,-97,-84
759,-80,-90,-87,-82,-84,-77,-88
760,-57,-51,-49,-32,-39,-15,-56
761,7,24,25,47,32,65,10
762,84,99,97,114,101,122,87
763,139,137,139,141,137,140,137
764,152,136,146,131,138,125,147
765,140,113,122,107,118,100,129
766,107,89,93,85,86,76,101
767,85,72,75,72,72,68,83
768,76,66,73,68,73,70,73
769,79,71,80,74,79,77,77
770,85,79,86,89,84,88,88
771,95,86,92,96,92,93,96
772,98,84,92,87,94,82,99
773,88,68,77,63,73,56,83
774,62,37,44,32,39,20,53
775,25,-10,2,-17,-5,-35,14
776,-30,-69,-56,-82,-64,-97,-42
777,-91,-117,-107,-124,-112,-127,-102
778,-117,-125,-123,-116,-119,-111,-123
779,-99,-95,-94,-78,-86,-75,-97
780,-59,-49,-49,-36,-41,-35,-53
781,-21,-20,-15,-11,-13,-15,-22
782,-1,-17,-12,-14,-10,-26,-8
783,-15,-45,-37,-51,-36,-67,-27
784,-57,-86,-77,-94,-80,-107,-69
785,-97,-119,-111,-120,-113,-126,-107
786,-115,-133,-124,-125,-122,-125,-123
787,-111,-118,-114,-104,-110,-100,-116
788,-87,-87,-82,-72,-79,-66,-88
789,-53,-52,-46,-39,-45,-34,-48
790,-19,-26,-19,-15,-15,-12,-18
791,4,-6,0,3,7,5,1
792,20,8,16,13,16,10,20
793,20,0,12,-4,6,-16,20
794,-3,-33,-21,-41,-28,-46,-10
795,-38,-60,-54,-65,-57,-66,-44
796,-57,-70,-64,-67,-67,-66,-65
797,-55,-54,-52,-45,-55,-47,-57
798,-31,-28,-26,-20,-26,-14,-31
799,-1,0,4,4,4,10,-1
800,19,16,18,13,15,12,15
801,17,7,8,0,2,-6,12
802,0,-17,-11,-23,-17,-27,-9
803,-23,-41,-33,-46,-37,-45,-30
804,-43,-52,-48,-53,-49,-47,-49
805,-43,-47,-45,-39,-43,-35,-49
806,-28,-26,-24,-18,-23,-10,-30
807,-3,0,2,8,4,15,-1
808,26,28,32,42,36,48,25
809,59,63,66,79,70,80,64
810,88,87,93,92,90,84,89
811,90,79,87,72,84,62,89
812,73,53,58,49,57,38,65
813,50,30,33,31,37,22,42
814,34,25,28,29,30,22,28
815,37,36,40,49,49,46,38
816,69,69,73,86,81,85,69
817,107,108,110,118,114,111,107
818,129,126,126,125,128,116,124
819,134,117,124,114,121,103,123
820,117,94,104,90,99,78,108
821,91,65,74,61,71,51,83
822,65,42,47,36,45,31,56
823,42,25,30,18,26,17,33
824,27,7,14,3,10,2,16
825,12,-8,1,-5,-2,-4,5
826,3,-9,-3,-7,-5,-1,-1
827,4,-4,-3,-10,-3,-5,-1
828,0,-18,-12,-19,-13,-23,-7
829,-16,-42,-32,-47,-41,-52,-25
830,-48,-74,-65,-83,-74,-82,-57
831,-83,-106,-100,-115,-107,-112,-93
832,-109,-126,-124,-126,-126,-123,-119
833,-115,-124,-118,-112,-119,-102,-117
834,-96,-93,-90,-82,-88,-66,-92
835,-64,-62,-60,-52,-53,-40,-62
836,-38,-39,-37,-33,-34,-35,-37
837,-28,-38,-32,-36,-35,-43,-28
838,-38,-58,-49,-59,-55,-63,-39
839,-65,-79,-77,-82,-79,-87,-65
840,-85,-93,-92,-90,-92,-93,-89
841,-87,-90,-85,-76,-84,-79,-87
842,-70,-64,-60,-47,-53,-46,-61
843,-36,-27,-25,-5,-15,-3,-26
844,8,20,20,34,29,35,14
845,52,53,58,64,60,59,51
846,74,67,77,72,70,68,72
847,79,62,75,64,70,55,75
848,66,42,56,42,50,27,57
849,41,17,28,13,22,-1,28
850,15,-2,5,-1,0,-10,7
851,8,-5,4,4,2,2,3
852,20,13,23,30,25,33,15
853,52,47,52,62,56,60,41
854,79,74,79,81,81,79,73
855,96,82,89,79,87,81,90
856,92,68,74,59,69,58,82
857,66,36,43,28,38,21,54
858,26,2,9,-4,8,-10,18
859,-1,-17,-11,-19,-12,-18,-6
860,-8,-18,-11,-14,-16,-4,-9
861,6,4,9,14,9,24,8
862,31,35,34,45,41,48,32
863,57,54,55,58,59,58,56
864,67,54,62,51,54,48,64
865,53,30,41,19,28,14,46
866,14,-12,-3,-26,-14,-38,6
867,-34,-57,-55,-72,-59,-83,-44
868,-74,-95,-89,-99,-95,-103,-82
869,-93,-105,-96,-98,-102,-95,-98
870,-87,-82,-77,-73,-77,-67,-87
871,-55,-49,-48,-38,-41,-37,-53
872,-20,-23,-18,-13,-18,-17,-16
873,-4,-17,-3,-13,-12,-19,-3
874,-11,-35,-21,-36,-26,-50,-18
875,-41,-73,-62,-78,-67,-97,-52
876,-87,-125,-110,-125,-116,-142,-97
877,-133,-166,-146,-160,-153,-167,-137
878,-159,-178,-165,-168,-164,-166,-162
879,-154,-160,-153,-144,-146,-136,-152
880,-118,-121,-118,-98,-105,-95,-115
881,-76,-81,-68,-57,-63,-55,-71
882,-40,-47,-33,-34,-33,-30,-35
883,-21,-31,-23,-28,-22,-30,-20
884,-17,-39,-36,-39,-31,-47,-24
885,-33,-59,-53,-60,-52,-69,-44
886,-58,-73,-62,-67,-67,-67,-64
887,-56,-56,-54,-50,-52,-43,-63
888,-27,-22,-26,-11,-17,-3,-34
889,15,22,15,34,25,44,10
890,59,66,64,76,72,86,58
891,98,101,102,101,106,109,95
892,115,108,106,103,108,102,107
893,107,89,91,82,91,81,97
894,82,66,69,55,63,56,74
895,58,46,49,42,42,43,51
896,45,42,45,48,44,52,43
897,61,64,65,77,67,83,61
898,98,98,100,114,100,116,96
899,128,127,134,131,125,131,127
900,139,134,140,129,129,119,137
901,126,111,116,102,111,81,121
902,94,64,72,52,65,28,83
903,43,7,20,-1,9,-22,29
904,-10,-32,-21,-40,-33,-55,-18
905,-40,-54,-49,-55,-52,-71,-48
906,-48,-60,-56,-50,-54,-61,-54
907,-37,-45,-37,-31,-34,-34,-40
908,-16,-17,-8,-5,-10,-9,-15
909,5,3,9,11,8,2,5
910,15,2,8,3,7,-7,13
911,7,-19,-9,-22,-14,-38,-2
912,-28,-55,-46,-63,-54,-74,-41
913,-69,-87,-86,-95,-88,-98,-79
914,-90,-99,-99,-94,-93,-91,-93
915,-76,-83,-78,-66,-70,-61,-80
916,-46,-46,-42,-32,-40,-19,-50
917,-12,-9,-6,-4,-5,14,-11
918,15,11,16,12,19,19,16
919,25,5,14,3,12,0,14
920,6,-19,-9,-25,-19,-23,-10
921,-23,-44,-36,-52,-45,-41,-37
922,-42,-53,-49,-57,-47,-44,-46
923,-38,-46,-45,-38,-40,-30,-40
924,-19,-20,-19,-7,-17,6,-23
925,14,12,18,24,20,43,9
926,46,45,46,47,47,54,44
927,65,57,59,55,55,53,63
928,59,41,46,39,44,30,56
929,36,11,18,2,14,-6,27
930,-6,-29,-23,-42,-27,-47,-14
931,-42,-59,-55,-62,-58,-67,-45
932,-62,-65,-62,-56,-60,-58,-56
933,-49,-45,-41,-28,-37,-27,-43
934,-15,-2,1,16,6,20,-7
935,31,47,49,62,54,64,43
936,75,74,83,85,82,74,80
937,84,68,80,70,74,52,82
938,60,37,53,28,40,15,52
939,24,-3,11,-8,2,-19,15
940,-10,-31,-21,-28,-20,-37,-15
941,-23,-38,-27,-25,-28,-26,-29
942,-13,-17,0,2,-3,7,-16
943,21,25,34,41,34,47,21
944,67,59,67,74,70,74,62
945,92,77,84,84,87,79,84
946,89,73,79,69,77,60,80
947,70,42,52,35,49,25,55
948,37,3,14,-1,9,-8,21
949,4,-26,-22,-27,-20,-27,-11
950,-22,-38,-32,-35,-32,-33,-29
951,-24,-29,-23,-21,-22,-12,-27
952,2,-3,4,9,8,20,-1
953,34,28,30,34,35,40,29
954,47,34,39,30,37,25,43
955,31,9,19,-2,10,-13,27
956,-7,-37,-30,-57,-39,-65,-15
957,-59,-91,-86,-106,-91,-111,-72
958,-106,-125,-125,-136,-127,-138,-118
959,-134,-136,-134,-137,-138,-135,-133
