,0,1,2,3,4,5,6,7,8,9,10
0,12,14,15,18,16,18,17,17,16,10,20
1,20,20,20,23,20,20,20,20,20,22,20
2,10,16,14,18,19,17,13,21,17,15,7
3,0,16,16,21,16,13,12,17,15,4,-5
4,-9,15,13,16,12,13,8,15,13,-7,-3
5,-8,7,10,11,6,12,6,14,12,-5,-7
6,-8,5,10,8,3,8,4,8,11,-6,-7
7,-12,0,3,2,-1,6,3,10,9,-12,-7
8,-5,0,3,2,0,7,7,9,8,-4,0
9,-1,-3,-2,0,0,3,9,8,9,1,9
10,6,-4,-7,-1,0,1,9,7,4,12,7
11,7,0,-8,1,3,-1,8,1,5,10,7
12,2,2,-11,0,-1,0,2,0,3,8,6
13,2,4,-13,3,2,-6,-1,-3,0,6,3
14,-1,-2,-12,-1,-2,-3,-7,-2,-1,0,1
15,-4,-4,-10,-4,-3,1,-8,-7,-2,-1,-5
16,-10,-4,-6,-5,-5,2,-10,-14,-1,-6,-6
17,-10,-10,-7,-8,-8,-4,-9,-13,-4,-9,-6
18,-5,-7,-4,-7,-5,-10,-5,-9,-9,-5,-1
19,-1,-10,-6,-11,-6,-8,-4,-14,-10,-3,6
20,4,-7,-8,-11,-3,-8,3,-12,-10,3,6
21,11,-8,-10,-10,-4,-10,8,-8,-8,5,11
22,10,-6,-6,-7,-2,-9,8,-2,-13,7,10
23,13,0,-4,0,2,-6,5,-5,-10,12,10
24,9,1,-4,-2,-1,-1,0,-6,-6,6,1
25,3,4,-4,3,0,2,-2,-1,-6,1,-8
26,-4,5,-2,3,2,3,-7,-6,0,-6,-8
27,-3,9,0,4,2,8,-8,-6,1,-6,-3
28,4,7,6,5,0,7,-6,-11,7,-3,0
29,2,6,6,4,-2,5,-4,-9,2,-2,0
30,2,6,9,0,3,1,0,-3,0,-1,0
31,4,4,7,1,-1,-2,2,-3,-3,2,6
32,11,0,7,1,-4,0,11,0,-6,5,3
33,8,2,7,1,-1,-2,7,0,-5,5,6
34,2,-1,3,-1,-2,-4,3,4,-7,2,4
35,6,0,-2,0,-2,-5,2,10,-8,5,2
36,2,0,-3,0,-1,-1,-2,9,-2,1,3
37,-2,-3,-4,-1,-1,3,-8,7,1,2,-6
38,-8,-2,-5,-3,1,2,-12,2,4,-6,-10
39,-11,-3,-7,-5,-2,4,-13,-3,1,-9,-8
40,-6,-3,-1,0,1,6,-8,-4,3,-2,0
41,-5,-4,-4,-4,-2,7,-2,-3,7,-1,-4
42,-4,-7,-3,-3,-3,4,-1,0,6,2,-6
43,-3,-5,-4,0,2,-2,1,-1,2,-1,-3
44,-1,-4,-5,-2,0,-6,3,-1,-6,0,3
45,6,-2,-6,0,-2,-11,5,6,-7,10,5
46,2,-4,-7,0,-5,-10,1,11,-3,6,-1
47,-3,-3,-4,-1,-5,-11,-5,9,-6,0,-7
48,-9,-3,-7,1,0,-14,-9,6,-9,-4,-3
49,-4,-2,-6,1,-1,-8,-7,6,-5,-2,-1
50,1,2,-3,4,1,-3,0,3,1,1,-3
51,-4,1,0,2,4,4,0,1,6,-4,-3
52,-1,6,6,5,5,9,7,-1,10,-2,-5
53,-1,7,8,9,6,10,10,1,14,-1,-2
54,3,6,13,7,6,13,12,6,13,-2,-3
55,1,8,13,7,7,11,13,5,11,4,-2
56,1,4,7,3,3,7,11,8,6,4,1
57,5,2,9,4,4,7,12,10,6,4,3
58,4,6,7,3,6,6,9,11,4,5,6
59,4,3,5,3,4,7,4,13,3,5,1
60,3,4,6,3,5,7,5,10,7,5,0
61,4,3,6,2,2,11,2,10,11,2,5
62,8,5,8,4,8,12,4,6,12,7,7
63,7,6,10,6,6,13,8,4,14,5,5
64,5,5,11,3,5,17,6,5,14,4,3
65,1,5,11,4,5,9,8,2,15,-1,2
66,1,2,4,1,1,8,5,3,7,-1,3
67,3,1,1,1,-2,1,5,6,4,4,3
68,0,-3,-2,-1,-5,-2,-3,6,3,-1,-3
69,-3,-5,-6,-5,-5,-6,-7,1,-7,-7,-5
70,-4,-2,-10,-4,-5,-11,-7,-5,-11,-7,-1
71,1,-6,-13,-6,-6,-10,-11,-6,-10,-2,6
72,5,-4,-13,-3,-4,-6,-11,-12,-6,5,6
73,2,-6,-13,-3,-3,-7,-9,-16,-6,5,5
74,4,-7,-11,-3,-1,-9,-7,-17,-11,5,1
75,3,-2,-12,-1,-1,-13,-5,-14,-11,4,3
76,4,-4,-14,-1,-2,-10,-4,-11,-10,3,3
77,4,-2,-14,0,-1,-10,0,-11,-10,5,1
78,2,-5,-17,-2,-5,-10,-3,-7,-11,1,-4
79,-4,-3,-14,-2,1,-10,-6,-9,-10,-3,-8
80,-9,-3,-12,-2,1,-9,-7,-8,-9,-5,-9
81,-8,-5,-8,-5,-1,-7,-8,-3,-9,-8,-13
82,-7,1,-2,-1,0,-8,-5,-1,-5,-9,-14
83,-8,-2,-1,-2,-1,-4,-8,-5,-7,-11,-12
84,-7,-1,7,-2,4,-5,-4,-7,-5,-6,-9
85,-6,0,7,1,2,-1,0,-8,-2,-4,-6
86,-5,1,10,0,2,3,1,-2,0,-4,-8
87,-6,3,12,2,4,3,4,-2,5,-4,-7
88,-4,1,10,-2,-1,5,5,2,4,-4,-4
89,-5,-2,9,0,1,4,8,2,6,-2,-4
90,-3,3,9,1,1,7,5,3,10,-2,0
91,-2,3,8,0,1,13,3,11,10,-1,-4
92,-5,5,6,2,0,13,5,12,12,0,-6
93,-8,1,4,-1,-3,13,1,14,10,-6,-7
94,-7,3,7,1,-1,10,0,11,5,-4,-1
95,0,3,5,2,2,7,-1,11,5,2,0
96,7,0,4,4,0,6,0,8,4,1,-6
97,0,1,6,6,3,4,-1,4,4,-3,-8
98,-4,1,5,0,0,5,-4,3,2,-8,-1
99,6,2,2,6,3,-2,-5,5,0,3,9
100,11,2,2,6,4,-3,-5,7,-1,9,10
101,6,3,2,4,5,0,-3,7,1,8,-3
102,-13,5,0,3,3,4,-3,1,7,-6,-8
103,-12,1,-1,-2,0,2,-4,-2,5,-10,-4
104,-4,3,0,0,-1,-3,-3,-3,0,-1,5
105,-1,-1,-3,-5,2,-1,0,-6,-1,5,2
106,-2,-1,1,-2,2,0,1,-11,0,6,-5
107,-8,-3,0,-4,0,-1,2,-10,3,-1,2
108,1,-5,1,-3,-1,0,4,-9,-4,3,8
109,8,0,0,0,1,-6,9,-6,-6,12,10
110,6,-5,0,-2,-2,-5,11,-2,-5,13,7
111,1,-3,7,0,2,1,11,3,-1,9,4
112,0,2,4,2,2,3,11,7,1,4,8
113,7,2,6,2,-1,6,10,15,0,8,7
114,8,2,8,2,-1,6,14,10,5,9,5
115,1,-1,7,0,-4,9,11,7,5,2,0
116,0,1,5,1,-5,7,11,0,5,1,0
117,6,-1,5,-1,-4,6,9,0,4,3,9
118,15,-3,5,-1,-2,6,10,1,1,10,8
119,12,1,2,3,-1,6,8,-1,2,12,10
120,9,0,-2,1,0,3,3,1,-1,9,8
121,15,2,-2,2,4,-2,6,4,-2,13,13
122,16,4,-2,3,4,-4,-1,7,-8,17,14
123,12,3,-2,3,4,-1,-4,10,-4,13,-1
124,4,6,-5,3,6,-2,-3,7,2,2,-4
125,0,8,-7,6,4,-5,-8,7,-4,-2,3
126,10,7,-7,8,5,-10,-6,-1,-6,5,7
127,10,7,-10,7,3,-9,-8,-4,-7,10,6
128,6,6,-12,5,2,-7,-4,-8,-5,7,-4
129,-1,4,-13,3,1,-7,-5,-14,0,0,-1
130,4,2,-16,0,-3,-9,-8,-19,-7,2,5
131,9,2,-13,2,-1,-14,-9,-19,-12,9,5
132,2,-2,-12,2,-3,-10,-12,-15,-9,4,-2
133,-6,0,-9,1,-2,-6,-16,-12,-5,-4,-7
134,-6,1,-8,4,2,-9,-16,-12,-2,-6,0
135,-2,1,-4,3,1,-8,-10,-4,-4,0,-2
136,-2,5,1,3,3,-6,-4,-3,-3,-3,-7
137,-8,0,1,3,2,0,-4,-5,-1,-7,-6
138,-7,1,2,0,1,2,-1,-6,1,-5,-7
139,-8,-3,-2,-2,-2,-1,2,-4,4,-5,-6
140,-8,-3,1,-3,-6,-1,2,2,3,-7,-11
141,-9,-3,1,-5,-1,2,6,1,6,-9,-10
142,-9,-8,-1,-4,-7,7,6,2,10,-9,-7
143,-6,-6,2,-4,-6,11,6,1,14,-7,-8
144,-10,-6,5,-5,-2,12,4,3,15,-9,-6
145,-8,-4,9,-5,-1,14,6,10,13,-8,-11
146,-8,-2,12,-1,-1,14,9,12,16,-6,-10
147,-10,-2,12,-3,-2,15,7,13,14,-9,-9
148,-6,0,15,0,1,10,9,15,10,-11,-10
149,-6,-2,12,1,-2,8,12,12,8,-6,-8
150,-3,-4,9,-4,-5,8,11,16,8,-5,-9
151,-7,-3,7,-4,-3,9,11,9,10,-7,-5
152,-3,-3,1,-6,-2,12,9,8,10,-5,-2
153,0,0,0,-1,0,6,8,6,9,-1,-3
154,-1,-2,-1,-2,1,7,4,7,9,-2,-1
155,-1,3,-1,-1,2,12,1,7,10,-3,-1
156,0,5,-1,2,3,10,2,4,14,0,1
157,2,3,3,3,5,4,-2,8,9,1,-3
158,-1,7,7,5,8,-2,-1,4,0,0,-2
159,-1,8,6,4,6,-6,-2,2,-5,-3,1
160,9,4,5,2,3,-8,-2,0,-10,5,4
161,8,2,1,5,5,-15,0,2,-12,5,5
162,4,0,-1,2,3,-14,1,2,-15,4,8
163,7,4,-3,6,8,-15,4,-4,-12,6,11
164,10,1,-8,5,6,-9,4,-8,-7,8,15
165,16,-1,-7,3,3,-4,1,-9,-5,12,11
166,8,0,-9,1,1,-1,1,-7,-6,9,7
167,4,0,-9,1,-2,-2,-2,-6,-6,4,2
168,4,0,-5,2,0,-5,0,-8,-1,2,5
169,5,-1,-5,-2,-4,-3,-1,-7,-3,2,7
170,8,-4,-3,-3,-5,-5,-2,-4,-6,7,7
171,7,-6,0,-5,-4,-11,0,-1,-6,4,5
172,6,-8,-1,-4,-6,-3,2,2,-6,1,2
173,9,-5,-1,-1,0,1,4,2,-2,4,7
174,10,-5,-3,-4,-4,1,0,3,-2,6,5
175,8,-2,0,-1,0,-1,1,1,-4,6,1
176,1,0,0,-2,-3,1,1,-3,-2,1,-3
177,-5,-1,-1,-4,-2,5,3,-2,3,-3,-6
178,-1,0,-1,-7,-3,5,3,-5,5,-2,-1
179,0,-2,0,-6,-5,3,-1,-4,0,-1,-4
180,-2,-1,2,-5,0,1,0,-6,-3,-2,-5
181,-5,-1,0,-2,-1,-2,1,-3,-2,-4,-3
182,4,0,1,1,1,1,2,0,-2,0,2
183,5,4,3,5,2,-2,0,4,0,9,2
184,4,4,-2,3,2,1,-5,6,-3,7,0
185,-2,6,3,3,4,0,-6,5,-4,4,-2
186,0,7,2,6,3,-2,-9,9,-1,2,-2
187,2,7,2,7,5,-2,-12,12,-5,3,-3
188,-5,10,2,7,5,-5,-13,5,-4,-1,-7
189,-8,7,4,6,2,-1,-16,1,-3,-9,-10
190,-10,6,7,11,5,-3,-16,-9,-4,-11,-10
191,-6,2,3,5,-1,-2,-14,-13,1,-10,-5
192,-2,1,4,3,-1,-1,-11,-9,1,-3,-7
193,-3,2,2,3,2,2,-7,-14,9,-7,-7
194,-2,-3,3,1,2,8,-2,-16,9,-5,-5
195,-2,0,5,-1,2,7,6,-12,12,-1,-4
196,-4,-2,4,-3,-1,8,8,0,14,-3,-5
197,-1,-2,6,-2,-1,4,9,5,10,-3,-5
198,-5,-1,4,-4,0,3,12,7,6,-2,-4
199,-7,-5,6,-6,-3,5,14,12,7,-4,-10
200,-11,-4,5,-2,-1,4,13,10,8,-9,-8
201,-11,-4,3,-4,-6,6,4,10,5,-10,-6
202,-7,-2,3,-6,-3,7,7,7,4,-6,-5
203,-9,-2,0,-5,-8,6,12,6,9,-4,-1
204,-3,-7,-2,-5,-6,10,10,5,8,-4,0
205,-5,-7,-2,-5,-6,9,6,2,9,-2,3
206,-5,-5,-3,-6,-5,8,6,10,5,1,-2
207,-6,-5,0,2,-1,7,12,13,4,-2,-7
208,-10,-1,2,2,3,2,13,14,3,-7,1
209,0,2,0,2,6,3,11,17,-1,-2,8
210,7,5,-2,6,7,-3,7,18,-1,8,9
211,7,5,0,7,6,-6,2,14,-9,7,4
212,5,8,-2,8,11,-9,2,8,-10,3,4
213,6,8,-7,6,8,-7,-4,5,-8,3,10
214,15,6,-7,5,4,-6,-3,0,-6,8,9
215,13,6,-8,7,3,-8,-6,-10,-4,10,9
216,13,3,-8,3,2,-3,-7,-12,-6,9,6
217,13,6,-7,3,4,-7,-4,-11,-2,10,4
218,10,5,-8,3,1,-6,-7,-5,-3,3,2
219,11,5,-3,5,3,-8,-4,-8,-8,6,3
220,10,9,-4,4,5,-13,-2,-14,-12,6,7
221,16,6,-2,5,4,-14,-1,-12,-14,7,10
222,15,9,-1,7,5,-14,-2,-13,-11,11,12
223,12,7,-2,3,0,-12,-8,-11,-11,8,12
224,14,4,2,1,-2,-11,-9,-16,-10,11,7
225,11,-2,1,-2,-5,-7,-8,-13,-5,6,7
226,9,-6,1,-6,-8,0,-9,-7,-4,6,2
227,2,-5,0,-4,-8,6,-6,-9,6,4,3
228,-2,-11,-1,-8,-10,11,-5,-8,8,1,1
229,-1,-9,2,-6,-9,9,2,-7,11,0,1
230,-2,-6,1,-8,-6,8,2,-4,9,-1,4
231,-2,-8,2,-9,-8,5,3,-1,3,2,5
232,2,-5,2,-6,-5,2,7,3,4,6,2
233,-3,-5,2,-5,-4,7,4,4,4,3,-2
234,-7,-1,3,-1,-2,5,5,6,5,-2,-4
235,-6,-2,1,0,-1,6,0,8,4,-5,2
236,0,-2,3,-1,-1,6,-1,10,3,2,3
237,-1,1,2,4,3,7,-3,13,9,5,-2
238,-7,0,1,1,2,11,-6,13,8,-2,-10
239,-11,3,2,1,5,8,-3,11,8,-10,-14
240,-13,2,-4,3,6,6,-5,10,6,-14,-12
241,-13,2,-2,5,7,6,-3,4,3,-13,-14
242,-15,6,-2,6,8,7,-1,2,6,-13,-12
243,-12,5,-3,5,7,6,-2,7,5,-13,-10
244,-9,4,-1,6,5,0,-1,4,1,-10,-10
245,-9,3,-5,3,4,0,-4,1,1,-8,-9
246,-7,5,-1,5,7,1,-3,2,-1,-5,-6
247,-5,8,-3,8,4,-3,-4,3,-3,-4,0
248,-2,5,-3,7,6,-3,-3,5,-4,-1,-1
249,-3,8,-5,6,7,-4,-1,3,-2,1,-6
250,-2,9,-4,3,2,1,-2,0,2,-4,-9
251,-8,6,0,7,2,2,-1,-4,2,-7,-14
252,-12,5,-2,3,0,-1,2,-2,3,-13,-12
253,-9,2,-3,-1,-5,2,7,-1,1,-11,-12
254,-3,-3,2,-3,-5,5,9,-5,7,-7,-4
255,1,-4,3,-6,-8,11,9,-8,9,0,5
256,9,-3,1,-7,-7,7,11,-5,9,8,10
257,11,-5,1,-9,-6,2,14,-3,6,8,10
258,9,-8,5,-9,-10,0,13,1,0,9,6
259,9,-7,5,-9,-8,1,11,2,3,8,5
260,8,-10,2,-8,-8,4,7,6,6,7,-1
261,6,-10,-2,-6,-8,0,4,7,4,4,-3
262,0,-8,-4,-8,-3,2,2,6,1,-2,-3
263,-1,-7,-6,-6,-4,4,3,6,4,-2,-3
264,2,-6,-4,-1,-2,6,3,2,9,0,2
265,1,-3,-3,-2,-3,6,6,3,4,1,2
266,5,1,-1,-1,2,0,10,1,1,3,7
267,5,-1,-2,1,3,-5,7,-5,-4,6,9
268,11,1,2,3,2,-7,3,-6,-6,11,10
269,11,3,4,6,6,-10,-1,-3,-7,11,12
270,10,5,3,5,6,-10,-7,1,-10,12,7
271,7,4,5,7,8,-14,-7,-5,-12,10,5
272,2,6,4,8,8,-14,-10,-8,-11,3,3
273,4,8,4,7,10,-8,-8,-4,-10,5,2
274,1,9,3,8,9,-9,-9,-1,-7,4,3
275,1,7,2,8,5,-10,-10,1,-8,1,0
276,1,9,1,8,6,-8,-6,-8,-7,3,5
277,5,7,1,3,0,0,-9,-7,-5,5,7
278,10,4,3,2,0,-5,-9,-5,-4,13,8
279,6,2,-1,1,-1,-10,-10,-7,-7,10,7
280,6,-3,0,-4,-2,-6,-8,-8,-11,7,6
281,7,-1,2,-1,0,-5,-5,-10,-6,11,10
282,8,-5,1,-6,1,-2,-4,-8,0,9,9
283,4,-1,3,-3,3,-1,-1,-7,-1,7,-2
284,-8,-1,1,-1,-2,1,3,-4,4,-2,-7
285,-8,-5,0,-1,-4,5,5,-5,4,-8,-10
286,-7,-2,0,-3,-3,8,5,-6,12,-9,-6
287,-6,-4,-3,-6,-6,12,2,-4,17,-9,-8
288,-5,-3,-3,-7,-9,7,1,2,15,-9,-9
289,-3,-8,-5,-8,-13,4,1,6,10,-7,0
290,5,-9,0,-11,-12,3,1,6,7,0,3
291,7,-8,-1,-12,-11,4,2,7,8,5,5
292,4,-6,-1,-10,-10,3,5,13,5,7,0
293,0,-3,0,-6,-6,4,11,11,4,0,-6
294,-5,-1,-3,-2,-3,8,11,8,7,-4,-3
295,-5,1,-5,-2,2,12,9,7,8,-6,-8
296,-8,7,-5,3,5,10,12,12,11,-9,-11
297,-16,6,-4,3,4,11,7,17,11,-13,-16
298,-19,8,-2,4,7,8,7,11,7,-14,-13
299,-15,8,-8,4,6,9,2,13,6,-12,-8
300,-8,7,-5,7,9,9,1,16,6,-7,-10
301,-15,11,-2,14,11,1,-3,14,1,-6,-10
302,-14,12,-3,13,14,-6,-4,16,-7,-7,-7
303,-8,13,1,12,16,-9,1,8,-8,-3,-4
304,-6,10,1,11,12,-3,-1,1,-3,-2,-4
305,-5,11,3,9,8,2,0,-4,-3,-3,-7
306,-7,10,2,9,6,-2,3,-9,1,-6,-4
307,-3,5,0,5,-2,5,6,-9,1,-4,-4
308,1,3,3,2,-4,6,3,-13,6,3,-2
309,-2,-2,1,-7,-8,8,2,-9,9,-2,-2
310,1,-4,2,-7,-6,6,2,-3,6,2,-3
311,6,-7,-1,-5,-8,0,6,-4,1,0,2
312,9,-8,2,-7,-8,-3,4,-4,-5,4,4
313,7,-2,-1,-6,-4,-6,5,-3,-6,6,3
314,8,-6,-5,-5,-5,-7,6,-2,-7,6,4
315,14,-6,-4,-3,-5,-7,6,-5,-9,8,10
316,15,-5,-7,-4,-8,-7,4,-11,-6,14,15
317,20,-9,-7,-7,-8,-3,7,-10,-3,16,12
318,20,-8,-1,-6,-9,1,7,-8,4,16,14
319,18,-9,-2,-10,-12,6,7,-6,5,14,15
320,19,-11,0,-8,-8,7,6,-7,7,15,13
321,13,-10,-1,-7,-10,3,2,-6,6,14,9
322,14,-12,3,-7,-7,4,-1,-4,3,10,9
323,11,-5,1,-4,-2,-3,-3,-4,-2,10,11
324,11,-2,-1,-1,0,-6,-7,0,-8,9,13
325,14,3,2,4,5,-9,-4,-4,-11,12,9
326,9,6,0,7,9,-9,-6,-6,-10,7,6
327,6,9,1,9,12,-6,-5,-5,-8,6,1
328,1,14,1,13,12,-6,-6,-2,-4,5,-1
329,2,10,2,8,9,0,-8,0,-2,3,0
330,0,10,6,9,12,2,-8,-4,0,2,-3
331,-9,6,4,6,6,4,-14,-2,3,-4,-9
332,-10,4,5,3,5,5,-11,-1,4,-9,-14
333,-13,6,5,8,5,-1,-9,0,1,-11,-8
334,-11,2,4,6,6,-1,-9,-2,-4,-9,-11
335,-13,6,4,10,8,-9,-9,-1,-3,-9,-12
336,-14,4,0,8,7,-8,-8,1,-7,-13,-10
337,-9,5,1,8,9,-2,1,2,-6,-8,-8
338,-6,7,-3,9,7,1,2,2,3,-6,-6
339,-5,4,-2,7,2,7,4,6,3,-5,-9
340,-5,4,-1,6,3,10,5,11,9,-10,-9
341,-6,-1,-7,-2,-3,15,2,13,12,-9,-7
342,-5,-6,-4,-2,-6,13,5,10,11,-5,-9
343,-11,-7,-5,-5,-8,12,4,9,12,-12,-12
344,-14,-10,-3,-11,-10,13,4,8,12,-13,-13
345,-12,-8,-1,-9,-9,8,6,8,9,-13,-8
346,-5,-11,-1,-11,-11,6,5,9,4,-8,-6
347,1,-9,1,-8,-7,5,10,8,5,-3,-4
348,-3,-7,-2,-9,-7,5,10,8,4,-4,-3
349,2,-9,-2,-8,-8,6,9,7,4,0,0
350,5,-6,-5,-10,-7,5,9,9,7,3,6
351,10,-8,-6,-11,-10,9,6,9,8,8,7
352,13,-6,-4,-8,-5,6,7,4,8,13,6
353,9,-5,-5,-9,-5,2,4,4,7,6,6
354,7,-5,0,-5,-4,3,1,4,4,3,-2
355,-1,-1,0,-1,-2,-2,-1,-2,0,-1,-6
356,0,-2,3,1,1,-5,1,-3,-5,-3,-5
357,0,4,6,4,6,-10,2,-9,-5,-3,-5
358,0,4,3,7,11,-7,-1,-9,-7,-4,-5
359,-4,7,4,10,14,-8,2,-9,-8,-5,-5
360,-3,11,0,12,14,-9,3,-10,-6,-7,1
361,5,10,-1,11,11,-6,-1,-6,-8,0,6
362,7,10,2,11,9,-5,-4,-4,-4,6,7
363,5,8,1,6,6,-2,-11,-1,-1,5,7
364,5,5,5,5,4,-2,-9,-2,-3,8,4
365,3,5,3,7,4,-5,-10,-5,-2,5,7
366,2,2,4,6,2,-6,-11,-7,-6,6,3
367,-1,6,4,5,7,-9,-6,-10,-4,4,-1
368,-3,3,3,3,3,-8,-4,-9,-7,1,-1
369,-1,2,2,4,4,-8,1,-7,-7,2,3
370,2,3,0,1,7,-2,5,-8,-3,3,7
371,6,-1,-3,-1,0,1,10,-4,-5,10,5
372,7,-2,-5,0,-1,0,9,-2,-1,9,10
373,10,-5,-8,-7,-4,4,8,5,-4,8,12
374,14,-5,-8,-5,-5,3,7,7,2,15,12
375,14,-6,-8,-8,-9,3,1,4,3,13,10
376,11,-8,-3,-7,-7,5,-3,2,-1,14,7
377,7,-5,-4,-6,-6,1,-3,-2,1,10,5
378,5,-5,-3,-3,-4,2,-4,-1,2,6,4
379,7,-1,-1,2,-2,0,-3,-1,2,6,5
380,6,1,-2,5,1,-1,-1,-2,0,5,6
381,7,1,-3,3,1,-2,3,0,-2,7,1
382,5,2,2,4,-1,-4,6,0,4,5,6
383,9,2,2,2,-3,4,5,7,1,5,5
384,9,4,4,1,-1,1,4,7,2,8,2
385,3,3,1,1,-1,-1,-2,8,1,4,-5
386,-2,3,4,2,1,-2,-6,5,-2,-2,-11
387,-8,5,6,4,6,0,-11,7,0,-8,-11
388,-13,6,4,5,8,1,-15,9,0,-7,-14
389,-16,8,5,8,8,-1,-10,6,1,-9,-18
390,-19,9,4,9,9,1,-7,5,2,-16,-16
391,-16,10,6,10,14,3,-4,1,1,-14,-13
392,-16,11,5,11,13,3,-3,1,4,-10,-7
393,-12,6,5,8,7,5,2,5,4,-6,-9
394,-15,7,6,6,5,4,2,0,5,-7,-8
395,-15,3,3,3,-1,4,3,0,4,-9,-7
396,-13,0,4,1,-3,8,4,0,6,-7,-7
397,-10,-3,2,-1,-5,10,5,4,11,-5,-1
398,-5,-5,-1,-4,-7,11,0,4,8,-4,-6
399,-8,-5,-4,-3,-4,8,2,1,9,-4,-7
400,-10,-5,-7,-5,-7,9,5,11,8,-9,-9
401,-7,-6,-5,-3,-4,9,8,11,6,-6,-6
402,-8,-5,-7,-7,-7,8,9,7,5,-6,-2
403,-4,-7,-9,-8,-9,7,11,2,5,-3,-6
404,2,-6,-9,-9,-9,2,15,-1,4,-2,-2
405,3,-9,-10,-11,-10,3,12,3,2,-3,2
406,7,-8,-8,-12,-8,2,10,0,0,5,7
407,10,-10,-8,-11,-9,0,7,-2,-2,8,7
408,13,-10,-5,-11,-10,-3,4,-3,-4,10,7
409,12,-7,-6,-10,-6,-6,2,-3,-4,10,8
410,15,-5,-5,-8,-6,-5,-1,2,-5,11,7
411,17,-3,-3,-3,0,-6,-1,0,-7,14,9
412,13,-2,-4,-1,1,-8,-3,-5,-9,11,10
413,9,1,0,2,3,-8,-2,-8,-11,10,3
414,7,6,5,4,6,-8,-2,-12,-6,7,6
415,10,6,3,5,6,-4,-4,-10,-3,8,10
416,12,7,8,6,8,-4,-4,-14,-4,10,12
417,11,9,8,5,5,-7,-7,-13,-7,6,8
418,10,9,11,4,6,-7,-8,-10,-8,8,3
419,5,9,13,10,9,-10,-7,-11,-8,4,1
420,4,7,12,7,8,-12,-8,-6,-10,1,-3
421,0,10,11,10,9,-16,-6,-8,-10,-1,-5
422,-7,9,4,9,8,-9,-8,-5,-8,-6,-8
423,-10,10,7,7,11,-6,-7,-3,-4,-10,-10
424,-8,12,1,10,9,-2,-4,-2,2,-7,-2
425,-1,6,-2,7,6,3,-1,-3,4,-3,-4
426,-2,5,-3,7,4,1,-2,-5,5,-1,-2
427,0,2,-6,1,2,5,-1,0,3,1,4
428,3,2,-4,-3,0,4,6,4,5,7,9
429,5,-4,-4,-2,-3,5,5,5,6,10,11
430,6,-7,-2,-6,-5,6,1,6,4,9,6
431,-1,-8,-5,-6,-3,6,4,9,7,5,0
432,-3,-11,-6,-7,-7,9,3,16,8,0,-6
433,-4,-9,-6,-4,-5,9,3,16,9,-5,-7
434,-7,-8,-10,-5,-5,7,4,12,9,-6,-4
435,-5,-7,-13,-6,-4,11,5,11,8,-5,-5
436,0,-2,-11,-1,-3,12,9,8,10,-6,-1
437,0,-3,-10,-3,-3,13,9,11,7,-5,4
438,4,-3,-4,-3,-3,9,10,6,8,1,4
439,7,-5,-3,-3,-5,7,7,5,7,8,7
440,10,-6,0,-3,-3,4,4,7,2,7,2
441,4,-1,4,-2,1,1,4,6,3,6,-1
442,1,-1,1,-2,1,2,1,10,1,0,-11
443,0,3,5,1,2,-1,0,7,1,-2,-12
444,-5,3,4,2,3,-2,-8,5,0,-8,-15
445,-7,5,4,3,6,-1,-6,4,-2,-13,-23
446,-15,7,6,7,8,-4,-7,0,0,-21,-22
447,-15,6,7,5,9,-2,-8,-5,-2,-21,-20
448,-12,10,9,8,11,-3,-7,-14,-1,-16,-17
449,-11,10,7,6,8,1,-9,-14,1,-13,-13
450,-8,8,8,6,8,0,-5,-9,0,-9,-7
451,-4,9,3,5,4,-1,-2,-5,2,-8,-1
452,0,3,4,4,2,4,-5,-4,1,-6,-3
453,-3,3,3,5,4,-3,-1,-3,4,-5,-4
454,-4,1,-3,5,2,0,-2,4,2,-9,-2
455,-3,0,-2,4,4,1,-1,7,3,-3,4
456,-1,3,-8,1,3,0,-1,7,5,-1,7
457,2,-2,-6,-1,1,1,0,5,3,2,3
458,1,2,-4,2,3,0,4,0,6,3,2
459,-2,-3,-6,0,-4,7,2,-3,5,2,5
460,2,-4,-3,-4,-4,8,4,-6,7,5,8
461,6,-9,-1,-8,-8,1,4,-4,5,8,11
462,9,-13,-3,-9,-10,2,7,-1,1,12,13
463,11,-11,-5,-9,-9,3,6,0,1,16,13
464,11,-14,-6,-13,-13,3,8,4,-1,15,13
465,10,-12,-8,-11,-12,0,10,2,0,14,10
466,10,-11,-10,-9,-10,-2,6,3,-2,10,10
467,11,-8,-9,-9,-6,-5,7,3,-5,14,6
468,7,-4,-6,-3,-4,-3,7,-2,-1,10,7
469,5,-6,-2,-3,-3,0,3,-6,-2,8,5
470,3,-2,4,0,1,-4,5,-16,-2,8,8
471,6,1,5,2,1,-5,1,-16,-7,7,6
472,7,-1,11,4,2,-5,-3,-14,-8,9,4
473,5,4,13,9,5,-11,-4,-12,-6,6,6
474,5,4,14,6,4,-10,-3,-3,-9,3,5
475,2,8,13,8,6,-13,0,-2,-7,6,1
476,1,3,8,7,4,-10,-4,-2,-8,-2,3
477,5,4,7,8,4,-10,-3,2,-8,3,2
478,4,9,5,9,4,-10,-1,2,-6,1,4
479,0,5,5,9,7,-7,-1,3,-8,-1,-8
480,-6,10,5,10,8,-4,-2,-6,-1,-6,-8
481,-7,9,3,9,7,3,-3,-7,1,-10,-6
482,-2,11,4,10,8,4,-1,-5,6,-5,-9
483,-7,13,6,8,5,5,-3,-2,8,-7,-8
484,-7,11,5,4,5,10,-3,4,6,-10,-8
485,-7,10,2,2,1,12,1,7,11,-8,-4
486,-4,3,-3,-2,-6,14,-5,13,11,-5,-4
487,-2,1,-1,-4,-5,6,-3,17,6,-1,-4
488,-2,-1,-7,-7,-7,6,-4,16,2,2,3
489,2,-4,-11,-7,-10,7,0,15,2,6,2
490,1,-6,-9,-5,-9,8,3,14,8,6,4
491,-6,-9,-9,-7,-6,11,5,13,6,3,0
492,-10,-6,-7,-5,-4,9,9,12,5,0,-5
493,-11,-6,-9,-3,-6,7,8,8,6,-5,-6
494,-10,-5,-6,-2,-5,9,7,7,8,-5,-8
495,-11,-2,-9,-2,-2,9,6,7,12,-7,-4
496,-9,-3,-8,0,-3,7,3,9,7,-7,-8
497,-8,-2,-9,2,0,3,3,7,10,-9,-5
498,-6,-3,-9,0,0,5,-3,8,6,-9,-2
499,-2,0,-8,-1,1,2,-3,4,1,-2,-4
500,-1,0,-6,3,0,-4,-4,-1,-3,1,0
501,3,0,0,4,2,-5,-3,0,-7,-1,-1
502,4,2,2,5,6,-6,-1,-6,-5,1,4
503,8,6,0,6,6,-4,-3,-9,-4,2,4
504,10,3,6,5,4,-6,-1,-8,-5,5,-2
505,3,7,8,8,6,-4,-2,-11,-7,-1,-7
506,-4,5,9,6,7,-2,-7,-11,-8,-7,-10
507,-5,6,10,8,8,-4,-7,-11,-1,-7,-9
508,-1,6,5,7,5,1,-6,-7,1,-6,-8
509,-3,7,5,7,5,1,-5,-3,1,-4,-10
510,-5,9,1,6,5,-5,-6,-7,-4,-8,-8
511,1,6,5,5,1,-7,-3,-4,-6,-6,-2
512,5,5,6,3,0,-9,-1,-4,-3,2,5
513,11,0,1,-4,-6,-7,3,-8,-4,6,12
514,17,-2,4,-7,-8,-8,5,-8,-4,13,12
515,19,-5,6,-10,-9,-3,1,-8,1,10,14
516,18,-8,5,-9,-10,3,3,-4,5,14,12
517,12,-8,1,-8,-8,3,0,-9,10,11,9
518,9,-8,-1,-8,-9,4,0,-3,8,9,6
519,6,-6,-2,-3,-5,5,3,0,10,9,5
520,4,-2,-7,-4,-2,6,2,3,6,3,6
521,4,-4,-6,-3,-5,1,4,4,5,3,2
522,2,-2,-6,-4,-3,-2,6,4,3,6,6
523,8,-5,-7,-5,-5,0,2,5,-6,8,7
524,10,-4,-3,-4,-6,-2,5,4,-4,12,10
525,11,-6,-3,-5,-8,-5,7,6,-6,13,14
526,14,-6,0,-5,-9,-4,4,4,-6,15,12
527,8,-7,-1,-3,-6,-2,3,1,-4,9,7
528,2,-6,-1,-4,-3,0,1,3,-5,6,0
529,2,-1,3,1,4,-2,3,4,-1,3,-5
530,-3,2,1,4,7,1,0,4,-2,-3,-12
531,-10,4,2,6,10,-1,0,-2,-3,-8,-16
532,-17,9,5,8,12,-4,2,-2,-2,-13,-14
533,-9,10,6,10,11,-3,-1,1,-3,-11,-13
534,-9,12,11,10,12,-3,-1,2,-3,-10,-10
535,-10,10,11,8,10,-1,-2,1,-2,-9,-15
536,-12,8,12,8,10,0,0,1,-1,-11,-17
537,-15,7,13,8,7,1,-6,-1,-1,-17,-16
538,-11,4,9,4,6,3,-7,4,-3,-14,-15
539,-11,7,8,1,5,3,-1,1,3,-11,-12
540,-9,4,0,3,0,8,-1,4,6,-15,-13
541,-10,5,-3,5,4,11,0,4,9,-13,-10
542,-8,7,-6,1,4,13,1,5,10,-10,-6
543,-6,5,-10,1,2,13,3,7,10,-6,-6
544,-7,7,-11,3,5,12,1,7,12,-7,-5
545,-6,6,-11,-1,5,15,-4,7,11,-6,-2
546,-1,3,-11,1,3,12,0,5,12,-2,1
547,-1,-2,-12,-1,-3,9,-3,10,10,1,8
548,3,-5,-10,-5,-3,7,-3,9,6,5,8
549,5,-5,-9,-6,-5,8,2,7,5,7,10
550,6,-9,-12,-6,-10,7,1,7,6,8,8
551,8,-9,-9,-7,-8,4,1,5,7,8,9
552,10,-7,-11,-9,-7,7,0,2,7,11,13
553,14,-6,-9,-9,-7,8,1,-3,7,14,12
554,12,-7,-8,-5,-5,4,1,-7,6,14,13
555,12,-5,-5,-6,-5,2,-1,-5,1,13,9
556,10,0,-3,-1,0,-1,1,-10,-4,10,6
557,5,0,-1,0,-2,-3,-5,-9,-8,3,5
558,4,0,5,2,1,-6,-5,-8,-9,2,2
559,2,4,8,4,3,-7,-4,-9,-9,1,4
560,2,4,7,1,4,-11,-6,-7,-12,3,1
561,-1,4,10,3,7,-11,-5,-10,-9,-1,-2
562,-2,7,9,6,4,-5,-7,-8,-9,-4,1
563,2,6,7,5,5,-4,-1,-13,-8,2,3
564,1,5,7,5,4,-7,0,-12,-9,5,3
565,3,2,6,3,4,-7,3,-11,-10,5,0
566,-4,4,9,1,7,-7,8,-17,-9,1,-1
567,-1,2,5,0,3,-3,7,-14,-7,-2,-2
568,1,1,7,0,3,-3,11,-8,-6,2,0
569,1,2,6,2,0,-2,7,0,-5,0,-1
570,-1,-1,6,1,0,3,4,3,-2,-2,-5
571,-2,2,5,6,1,3,5,3,5,-7,-5
572,0,0,4,5,-2,5,3,5,6,-4,-3
573,3,1,6,5,1,2,0,5,5,-1,-3
574,1,0,0,4,0,1,-2,8,5,-1,4
575,5,-2,-2,-1,-7,-3,5,8,0,1,5
576,7,-3,-5,-4,-8,-5,9,7,1,5,8
577,9,-6,-8,-12,-12,-2,10,6,-5,5,5
578,8,-8,-5,-13,-10,-3,12,7,-3,7,3
579,5,-7,-9,-13,-10,0,8,10,2,4,3
580,7,-8,-9,-13,-10,5,6,9,4,7,0
581,1,-6,-6,-11,-8,6,5,8,3,5,3
582,0,-5,-4,-10,-6,9,4,11,3,4,-4
583,-4,0,-4,-1,-1,4,1,9,7,-2,-8
584,-9,2,-5,5,2,6,-3,6,4,-6,-4
585,-7,4,-2,4,7,4,-1,5,2,-3,0
586,-5,7,-2,5,6,1,1,7,2,-3,1
587,-6,2,-1,6,5,-2,-1,5,-5,-3,-6
588,-12,3,3,4,8,-5,-4,-2,-4,-4,-7
589,-13,3,2,2,3,-3,-4,0,-3,-7,-4
590,-9,0,4,4,5,-3,-1,-1,-1,-5,-5
591,-12,3,5,4,5,-4,-4,-4,-1,-8,-6
592,-14,5,8,3,9,-1,-8,0,-2,-11,-14
593,-14,6,8,7,11,1,-6,-2,3,-14,-10
594,-12,4,7,9,9,4,-7,2,4,-14,-7
595,-7,8,7,7,13,5,-5,1,4,-9,-7
596,-9,9,6,8,11,3,-4,4,6,-9,-6
597,-6,8,5,8,6,7,-3,3,3,-9,-9
598,-6,8,5,11,7,5,-1,-1,7,-8,-5
599,1,5,-1,4,1,8,-1,-1,5,-5,-2
600,5,2,-1,0,0,5,2,-1,2,2,-2
601,2,-3,-3,-1,-4,2,-1,0,3,0,-1
602,2,-5,-1,-5,-4,6,1,-1,2,-1,-1
603,6,-3,-3,-4,-4,5,3,0,7,3,7
604,12,-6,-5,-7,-7,8,1,4,6,5,11
605,15,-3,-4,-3,-3,6,0,3,7,12,11
606,16,-2,-9,-3,-1,8,0,6,8,11,14
607,19,-2,-13,-3,0,6,3,0,5,17,13
608,17,-2,-13,0,-1,1,5,-1,6,16,16
609,18,-3,-15,-3,-4,0,3,-1,1,16,13
610,14,-1,-14,-4,-4,-5,3,-3,0,17,8
611,11,-5,-13,-4,-6,-5,2,-4,-3,9,8
612,12,-4,-8,-4,-9,-6,3,-4,-4,10,10
613,12,-4,-5,-4,-4,-8,3,-3,-3,10,12
614,11,-8,-2,-5,-6,-7,-2,1,-8,12,5
615,9,-5,1,-2,-1,-10,-3,1,-6,10,6
616,9,0,4,-2,1,-6,-4,-2,-8,9,13
617,15,0,5,3,3,-8,0,-7,-8,15,13
618,9,0,4,4,2,-11,-1,-9,-11,14,9
619,1,2,6,4,2,-10,-2,-5,-11,8,2
620,-7,5,5,8,6,-10,2,-10,-7,-2,-4
621,-11,9,2,6,4,-9,1,-10,-10,-8,-8
622,-11,4,5,6,3,-7,7,-9,-7,-9,-13
623,-18,6,4,5,4,-4,3,-5,-7,-11,-17
624,-20,4,6,3,2,0,0,-6,-3,-13,-17
625,-16,2,10,4,2,1,1,-7,2,-14,-12
626,-8,0,11,4,0,5,-3,-1,2,-12,-7
627,-6,3,14,1,2,4,-4,5,4,-4,-8
628,-5,1,11,-1,0,6,-4,8,3,-6,-7
629,-3,-2,10,-1,0,6,1,9,4,-5,-6
630,-4,2,6,1,2,5,3,7,4,-6,-5
631,-5,2,2,0,1,4,2,10,1,-6,-9
632,-6,2,-2,0,4,4,3,12,5,-8,-10
633,-6,3,-8,1,4,5,2,7,4,-13,-6
634,-3,0,-8,-1,2,8,3,2,5,-10,-3
635,0,-1,-10,-3,-1,8,1,5,8,-8,1
636,3,-2,-14,-6,-2,9,-1,9,10,-6,-3
637,1,-5,-11,-2,-3,8,-1,9,10,-3,-1
638,0,-2,-13,-5,-2,11,-2,8,8,-6,6
639,6,-2,-8,-4,-4,5,-1,8,5,0,5
640,8,-3,-9,-3,-4,2,-2,13,5,3,5
641,3,-5,-7,-5,-7,1,-4,13,-3,4,1
642,0,-2,-4,-3,-2,-5,-2,6,-3,0,2
643,0,0,-5,0,-2,-3,-2,6,-3,-3,3
644,2,2,-2,0,2,-4,-1,3,-2,4,1
645,-1,5,1,4,4,-3,-2,-1,-1,4,2
646,-2,4,2,3,3,-2,-3,-4,-1,4,1
647,-2,6,6,5,7,-1,-1,-10,5,5,2
648,-3,6,7,8,5,3,-3,-10,0,0,1
649,-3,6,8,6,5,-2,-1,-11,2,2,0
650,-4,5,10,4,4,-4,1,-10,0,-1,-1
651,-2,1,13,3,1,-3,0,-7,-3,2,-2
652,-4,3,13,3,4,-6,-1,-6,-3,1,2
653,-4,2,12,0,0,-4,-2,2,-4,2,3
654,1,0,12,0,3,-3,0,0,-1,2,3
655,4,-1,13,3,0,1,-2,-3,3,4,8
656,6,-1,10,0,0,9,0,-4,3,8,9
657,9,-2,7,1,2,13,4,-6,11,9,8
658,8,-4,3,3,0,16,1,-2,13,9,3
659,6,-2,4,2,3,16,0,-4,11,9,5
660,3,0,-2,0,1,11,1,-4,11,6,6
661,5,-5,-7,1,-4,6,3,2,5,6,3
662,7,-4,-6,1,-3,-1,1,5,2,3,8
663,7,-6,-11,-5,-4,1,2,9,-3,6,6
664,5,-5,-9,-4,-3,-3,3,9,-3,7,5
665,6,-6,-6,-4,-6,-3,3,9,-2,4,8
666,9,-6,-6,-2,-4,-4,4,8,-6,10,8
667,10,-4,-5,-2,-4,-5,4,1,-3,10,10
668,11,-6,-9,-2,-6,-4,4,-2,-1,10,2
669,10,-4,-7,0,-1,0,5,-4,2,6,4
670,7,-1,-10,-1,0,2,3,-3,-1,5,2
671,6,1,-12,-1,0,0,2,-5,-3,6,-3
672,1,2,-9,1,2,-7,1,-7,-5,-2,-8
673,-2,0,-6,1,2,-9,-2,-5,-10,-8,-12
674,-3,3,-2,1,6,-12,-3,-8,-14,-9,-8
675,-4,4,-1,2,3,-14,-7,-7,-16,-7,-8
676,-2,6,5,5,4,-12,-6,-5,-15,-4,-6
677,-6,8,7,8,5,-8,-7,-4,-11,-6,-4
678,-3,8,9,6,4,-2,-8,-5,-7,-2,-7
679,-2,8,13,5,7,-3,-2,-9,-3,-2,-4
680,-5,8,12,2,7,0,-5,-5,-2,-2,-8
681,-10,8,12,2,5,0,2,-5,2,-6,-13
682,-15,9,9,4,4,2,1,-5,5,-10,-14
683,-16,5,9,1,4,3,3,-1,5,-12,-16
684,-17,6,7,5,3,4,6,-4,5,-12,-12
685,-18,2,7,3,0,7,3,3,6,-12,-11
686,-16,0,9,2,1,6,7,6,5,-9,-9
687,-10,0,7,1,0,3,4,9,6,-9,-3
688,-4,-1,8,1,-2,7,1,12,7,-3,2
689,-2,1,6,2,1,9,2,14,13,1,8
690,5,-2,2,-2,-3,14,3,17,17,8,9
691,5,-2,4,-4,-1,15,4,16,17,10,9
692,4,-1,-3,-5,-3,13,6,12,16,7,5
693,6,-6,-1,-4,-2,11,7,11,14,5,2
694,4,-3,-3,-3,-2,11,11,11,14,0,3
695,6,-3,-7,-3,-4,7,6,7,6,4,1
696,7,-2,-6,-4,-2,2,8,5,3,3,2
697,8,-3,-10,-3,-3,3,5,8,1,2,3
698,12,-6,-9,0,-2,0,6,7,-2,6,5
699,10,-4,-10,-2,-1,-3,3,7,-4,8,11
700,16,-3,-8,-5,-1,-4,3,4,-4,11,8
701,13,-1,-4,-1,-1,-5,2,-2,1,10,6
702,9,0,-2,-1,0,-3,-3,-8,-2,5,5
703,10,1,0,-1,3,-5,-2,-10,-3,6,7
704,11,2,1,0,1,-9,-4,-11,-5,9,6
705,11,0,2,0,0,-9,-8,-12,-9,7,3
706,5,2,6,1,3,-9,-5,-16,-8,3,5
707,2,2,3,0,0,-9,-7,-11,-7,3,4
708,3,2,5,-1,-2,-8,-9,-10,-9,3,1
709,0,2,8,1,-1,-9,-10,-9,-6,0,0
710,0,2,9,-4,0,-5,-7,-10,-8,1,-2
711,-1,4,8,2,0,-4,-1,-10,-3,1,2
712,2,0,3,0,-1,-1,0,-5,-2,-1,3
713,2,1,4,1,1,0,3,-6,-2,4,2
714,3,3,1,1,-1,1,-2,-5,2,0,0
715,4,-1,1,-1,-2,4,-2,-3,5,2,1
716,4,2,4,5,2,5,0,1,5,6,9
717,10,1,4,-1,0,8,0,6,2,11,10
718,4,-2,6,0,3,4,3,2,4,12,1
719,0,1,5,3,4,6,-1,3,7,4,-2
720,0,-1,8,1,5,8,0,2,6,0,2
721,-1,1,1,0,5,6,1,0,8,4,3
722,-1,0,-4,-2,2,7,0,2,8,1,0
723,-2,0,-6,2,4,8,3,-1,7,-4,-3
724,-6,0,-9,1,3,11,2,3,9,-7,0
725,3,0,-10,1,0,11,4,4,9,-1,2
726,4,3,-10,3,3,8,6,7,10,-2,8
727,3,-2,-9,0,2,9,3,8,2,0,3
728,-1,2,-8,3,2,4,4,9,4,-2,0
729,-6,1,-5,0,1,-1,3,10,1,-9,-3
730,-8,2,-1,2,2,-3,3,11,-6,-11,-7
731,-10,4,-2,3,4,-9,-1,9,-10,-13,-7
732,-9,1,-2,1,1,-10,-3,3,-15,-11,-13
733,-12,1,1,3,1,-12,-2,-3,-12,-14,-11
734,-10,4,0,3,2,-8,-3,-2,-12,-15,-6
735,-5,1,-1,3,4,-10,-2,-6,-9,-7,-8
736,-6,3,-2,3,2,-10,-2,-4,-9,-9,-7
737,-4,2,0,1,0,-5,-2,-6,-6,-6,-7
738,-6,2,3,3,1,-2,1,-7,0,-8,-2
739,-2,3,2,1,1,-2,-3,-3,-1,-4,-4
740,-1,3,10,4,3,1,1,-4,-1,-1,-5
741,-8,6,12,4,2,2,-3,-4,2,-5,-5
742,-5,4,13,2,0,6,-3,-4,2,-7,-3
743,-5,4,14,3,-2,3,-2,-3,4,-3,4
744,6,-1,12,-1,-3,6,-3,3,6,2,4
745,3,-1,10,-3,-6,6,-4,0,7,4,4
746,3,-1,5,-4,-6,6,-4,-1,6,4,7
747,9,-5,1,-7,-8,7,-3,3,5,7,10
748,12,-5,1,-4,-8,6,0,4,5,12,17
749,14,-9,-1,-6,-6,8,0,8,7,16,14
750,12,-4,1,-5,-5,8,3,10,9,16,12
751,7,-4,-1,-3,-3,9,3,12,11,11,8
752,5,-3,-1,-1,-3,9,2,11,9,12,2
753,2,1,2,0,1,4,4,12,8,3,5
754,3,-1,-2,-4,0,2,5,11,5,3,3
755,3,-2,-1,3,1,2,5,5,5,3,5
756,4,-2,-2,-2,1,2,2,3,1,3,9
757,8,-2,-2,-5,-4,0,3,2,-3,7,8
758,10,-5,-5,-6,-2,-5,1,-1,-2,9,8
759,9,-8,-7,-5,-5,-6,-2,-3,-8,9,4
760,5,-7,-6,-2,1,-9,1,-4,-5,7,6
761,8,-5,-6,0,-1,-5,-2,-2,-4,7,2
762,4,-3,-2,2,1,-6,-2,-4,-4,5,-4
763,-6,2,-3,6,5,-2,0,-6,-4,-3,-7
764,-8,1,-3,5,2,-3,0,-6,-5,-7,-14
765,-10,4,1,8,6,-3,0,-9,2,-9,-11
766,-6,2,1,6,3,-1,-3,-8,-1,-8,-6
767,1,2,5,3,3,-1,-1,-9,-3,-1,-2
768,2,2,1,2,2,-1,-2,-9,-3,-1,3
769,8,1,0,0,3,2,-4,-4,-3,2,2
770,7,0,5,1,5,3,-2,-4,-1,6,9
771,11,3,1,-1,5,5,-2,2,-3,11,5
772,6,4,1,1,6,0,3,3,-1,9,1
773,-2,5,2,4,7,0,4,2,-1,1,-2
774,-3,6,1,4,5,3,6,3,-3,-3,-6
775,-9,7,2,6,6,2,8,0,-2,-7,-7
776,-8,7,1,4,5,2,5,3,-1,-7,-7
777,-10,8,3,4,6,5,8,-1,6,-9,-5
778,-8,8,0,3,3,8,5,-3,8,-7,2
779,-2,3,2,3,2,10,7,4,9,1,3
780,0,5,2,5,4,9,5,4,11,2,10
781,1,3,0,2,4,7,6,8,7,6,8
782,2,2,-2,3,3,6,5,9,8,8,7
783,2,3,-2,4,2,4,1,11,5,6,3
784,-1,5,-1,7,4,4,-1,9,2,4,-4
785,-7,6,-1,8,4,1,1,5,0,-4,-5
786,-10,3,-2,5,1,-2,2,2,-5,-8,-13
787,-13,6,1,3,3,-2,4,-1,-4,-11,-11
788,-12,4,0,2,-1,-3,-1,-1,-6,-12,-8
789,-4,0,1,0,0,-3,-2,-2,-5,-7,-5
790,-3,1,4,-2,0,-7,-3,-1,-4,-5,-1
791,1,-4,2,-3,-5,-5,-8,0,-8,-3,-4
792,1,-4,5,-3,-4,-9,-12,-1,-6,0,2
793,4,-4,5,-3,-4,-10,-15,3,-10,2,2
794,8,-5,5,-3,-2,-9,-15,2,-10,4,1
795,2,-4,6,-2,-3,-10,-12,-2,-8,-1,-2
796,-2,-4,2,-6,-6,-7,-11,-4,-7,-3,-7
797,-6,-3,2,-6,-7,-5,-6,-6,-1,-8,-7
798,-3,-2,-2,-7,-6,-1,-10,-6,-2,-8,-2
799,2,-5,-1,-8,-5,1,-5,-7,1,-3,1
800,3,-3,0,-7,-8,1,-5,-2,3,1,2
801,10,-8,0,-8,-12,3,-1,4,6,2,7
802,11,-7,1,-8,-9,4,-2,6,6,6,11
803,14,-9,-2,-10,-8,3,-2,9,1,13,13
804,15,-7,0,-8,-5,0,2,10,5,17,14
805,15,-4,0,-4,-3,1,3,12,5,13,11
806,13,-3,1,-6,-1,5,0,8,0,13,8
807,7,-1,0,-2,3,4,2,3,5,11,9
808,8,-1,-1,-3,0,7,5,2,10,9,4
809,6,1,2,1,4,6,8,-6,9,9,3
810,5,2,-1,1,0,7,5,-7,7,6,3
811,6,-1,0,-1,2,9,3,-6,9,7,3
812,6,1,2,4,4,5,4,-5,12,10,7
813,9,1,-1,4,1,10,5,-3,5,11,7
814,6,4,3,2,4,4,5,-2,6,10,8
815,5,6,-1,4,3,3,2,2,5,6,4
816,3,2,2,5,3,1,0,0,3,2,1
817,-4,7,1,5,5,0,4,-3,3,-3,-1
818,-6,7,0,4,5,-1,3,-1,2,-5,-7
819,-9,9,1,4,6,0,2,-6,1,-10,-7
820,-10,8,0,5,5,-1,-2,-6,-2,-11,-8
821,-10,5,4,3,6,-3,0,-11,-6,-12,-8
822,-14,5,0,5,6,-5,-1,-10,-7,-13,-8
823,-8,1,-1,5,5,-6,-1,-8,-9,-12,-7
824,-6,5,1,5,8,-5,-1,-7,-6,-9,-3
825,-3,7,-2,2,6,-2,0,0,-4,-5,-3
826,-3,7,1,4,8,-5,3,-1,-1,-1,-4
827,-7,7,0,4,5,0,3,0,-2,-5,-4
828,-7,3,-2,0,3,3,6,2,-1,-4,-9
829,-7,3,1,2,3,1,10,0,2,-7,-9
830,-9,2,0,4,-1,0,8,-1,-1,-9,-9
831,-10,0,2,-1,2,3,13,-2,2,-7,-4
832,-5,1,0,0,-2,4,11,-1,3,-4,-3
833,0,-3,0,-1,-5,2,10,-3,0,-3,-2
834,-3,1,1,2,-1,-1,6,1,0,-1,3
835,2,-2,-1,-2,0,2,5,8,-1,2,3
836,2,-1,2,1,0,0,6,11,2,7,5
837,4,0,-1,2,-2,-2,1,15,4,3,7
838,6,3,2,0,1,3,0,11,1,5,6
839,2,6,2,5,3,-1,-1,10,0,4,7
840,5,2,2,0,-1,1,-1,8,0,4,4
841,5,1,5,-1,-1,-2,0,6,1,6,6
842,2,1,1,-3,-2,-1,-3,4,1,2,2
843,3,-3,3,-2,-1,0,-4,0,-1,3,0
844,0,-1,6,0,0,-5,-3,0,0,1,4
845,4,-5,4,-2,-2,-4,-9,2,-4,3,2
846,2,-4,4,1,0,-7,-11,0,-3,5,3
847,-1,-2,1,3,-3,-7,-13,0,-6,4,-1
848,0,-2,3,0,-1,-9,-11,1,-8,-1,-2
849,-4,1,4,1,0,-9,-10,0,-6,-3,-1
850,-1,-2,4,-1,-2,-3,-11,-3,-7,2,-2
851,-2,-2,3,-1,0,-3,-10,-5,-1,1,0
852,1,-3,1,-2,-3,2,-12,-4,-2,2,0
853,2,-7,1,-6,-5,3,-11,-7,2,4,1
854,1,-7,0,-9,-5,4,-11,-8,4,2,1
855,4,-9,-3,-10,-7,5,-10,-6,6,1,1
856,1,-7,-4,-5,-4,6,-10,-6,7,-1,3
857,4,-10,-5,-9,-6,5,-10,-3,4,1,5
858,7,-7,-1,-5,-5,3,-4,-1,3,6,6
859,9,-7,-5,-1,-5,4,-3,-1,2,9,7
860,11,-7,-5,-4,-4,3,2,1,-2,9,7
861,8,-2,-3,-1,-4,-2,6,3,-2,6,7
862,12,-3,-4,-1,-3,5,7,4,0,6,5
863,11,-1,-1,-1,-3,9,9,-2,4,7,5
864,9,2,-4,-1,0,10,9,-2,10,6,4
865,12,-1,-4,0,-1,11,11,-2,9,5,3
866,7,1,-2,3,2,7,13,0,10,4,4
867,3,2,-4,0,3,11,11,3,6,3,2
868,2,8,2,4,5,8,14,0,7,3,1
869,1,6,0,5,5,5,15,4,4,1,-1
870,-4,6,2,5,4,-1,16,6,-1,1,-3
871,-8,9,4,7,10,-2,15,7,-1,-4,-2
872,-6,8,3,8,7,1,14,6,0,0,-6
873,-7,12,5,9,10,-1,12,2,2,-4,-4
874,-10,8,5,9,9,-3,7,2,0,-8,-6
875,-10,10,7,8,6,-4,7,-1,0,-5,-5
876,-10,11,8,10,9,-5,5,-5,-1,-6,-5
877,-8,9,9,10,6,-1,2,-7,-3,-4,-5
878,-9,9,9,8,7,-5,1,-13,0,-4,-5
879,-8,7,3,8,4,-5,-4,-7,-3,-6,-8
880,-9,5,4,7,4,-6,-6,-10,-2,-5,-8
881,-12,3,6,6,7,-5,-5,-8,-3,-10,-10
882,-11,2,1,4,4,0,-4,-7,-5,-9,-14
883,-12,3,3,6,3,-3,-4,-5,1,-12,-10
884,-7,2,4,2,0,-2,-5,1,-4,-13,-6
885,-2,-2,5,-3,-1,1,-5,1,0,-5,-1
886,-2,-1,4,-2,-1,2,-5,0,3,-1,0
887,2,-4,2,-4,-3,2,-2,4,3,0,1
888,2,-3,1,-7,-4,-1,-3,2,0,-1,2
889,4,-6,-1,-9,-6,2,1,5,-4,0,2
890,6,-8,-1,-9,-9,1,3,4,2,2,5
891,3,-8,-3,-11,-8,1,2,7,2,2,4
892,7,-10,-7,-13,-6,2,4,9,0,5,3
893,6,-8,-10,-9,-6,0,4,7,1,5,4
894,8,-10,-10,-12,-6,3,5,9,1,5,5
895,8,-9,-6,-8,-4,2,4,7,2,8,7
896,6,-5,-4,-7,-1,4,1,6,2,7,6
897,8,-7,-3,-7,-1,1,2,7,2,9,4
898,9,-3,-2,-3,0,1,-1,4,3,7,9
899,12,-2,-1,-2,0,6,-5,4,2,9,6
900,8,0,-1,1,1,3,-7,-2,3,10,5
901,7,1,-1,0,2,-2,-10,-4,-1,5,5
902,7,1,-2,-1,0,-4,-8,-4,-2,5,4
903,5,5,-1,0,1,-3,-11,-4,-2,3,4
904,2,4,1,0,-2,-1,-10,-6,-4,1,0
905,-2,4,5,-2,-1,0,-7,-8,0,-1,1
906,-2,3,1,1,-6,1,-9,-8,0,-1,0
907,-1,2,4,-1,-3,0,-10,-7,1,-2,-1
908,-3,4,4,0,-1,2,-8,-3,2,-4,0
909,-2,0,6,-1,-3,2,-10,0,1,-1,1
910,-1,0,6,-1,0,0,-8,-1,1,-2,5
911,2,-1,5,-3,-1,-4,-12,4,0,-2,3
912,1,-2,4,-5,-3,-4,-8,6,0,0,7
913,0,-2,3,-3,-4,-4,-10,6,-3,-2,5
914,2,-6,-1,-4,-6,-5,-8,2,-4,1,-1
915,-1,-3,0,-4,-5,-3,0,3,0,-1,1
916,0,-5,-2,-3,-7,1,3,4,1,-4,1
917,-2,-6,2,-1,-5,5,10,-2,5,0,2
918,-2,-2,2,-2,-3,6,14,-1,7,-1,0
919,2,-2,1,0,-1,7,16,-1,5,2,1
920,-1,0,5,6,3,6,18,-3,8,1,5
921,2,5,5,4,2,7,20,-1,6,4,3
922,2,3,5,5,6,5,20,-2,7,7,2
923,0,3,2,8,3,6,17,3,5,3,-2
924,-3,1,2,5,3,7,15,6,2,4,-4
925,-3,7,1,4,6,3,15,6,1,-2,-1
926,2,5,1,5,5,3,12,7,3,0,-5
927,0,6,5,7,7,1,12,1,1,-2,-5
928,-5,10,2,6,8,0,11,1,-5,-3,-2
929,-1,9,6,7,9,-1,13,1,-3,1,-1
930,1,13,6,13,10,-1,15,-2,-2,-3,2
931,-1,12,8,11,12,1,9,-3,-6,1,0
932,-3,14,9,15,14,-4,3,-4,-5,-1,-1
933,-3,11,4,15,11,-4,-1,-2,-6,-4,-6
934,-4,9,4,11,8,-5,-5,-5,-7,-4,-5
935,-7,9,4,8,6,-2,-9,-6,-7,-7,-4
936,-6,5,0,4,2,-2,-12,-4,-3,-3,-10
937,-8,2,2,6,2,-4,-13,-4,1,-10,-10
938,-9,4,-1,3,0,-3,-15,-5,-3,-10,-11
939,-7,2,-1,0,2,-3,-11,-8,-2,-7,-7
940,-6,-1,-1,1,-2,-6,-12,-9,-1,-9,-6
941,-4,-3,-1,-2,-4,-5,-12,-5,-2,-7,-5
942,-3,-2,-1,-2,-2,-6,-7,-5,-2,-6,3
943,6,0,-4,-4,-6,-2,-9,-1,0,4,6
944,5,-7,-2,-7,-8,0,-7,2,5,10,8
945,5,-8,-3,-8,-9,0,-13,3,2,4,8
946,8,-13,-6,-14,-13,4,-10,4,0,7,9
947,9,-13,-7,-14,-13,2,-8,5,3,11,11
948,10,-13,-13,-13,-15,5,-9,5,4,11,6
949,5,-13,-7,-12,-13,5,-4,4,4,9,4
950,3,-10,-7,-13,-11,3,-4,4,6,4,4
951,6,-12,-6,-11,-11,2,0,6,4,1,4
952,6,-10,-3,-8,-5,3,5,6,6,5,8
953,6,-7,-8,-7,-3,6,5,10,6,7,4
954,3,-7,-3,-1,-2,5,9,6,6,4,3
955,6,-5,-3,3,-1,6,7,8,5,4,7
956,10,-4,-2,4,-1,6,6,4,5,9,9
957,10,-1,-1,4,1,4,5,7,3,10,7
958,11,-2,1,3,4,2,0,8,0,9,6
959,11,1,6,5,7,1,5,5,-1,6,5
