,0,1,2,3,4,5,6,7,8,9,10,11,12,13,14,15
0,22,19,21,21,19,18,18,21,18,23,15,23,18,23,18,18
1,24,22,21,23,25,20,21,24,21,26,22,28,20,25,20,22
2,26,25,20,24,29,20,24,28,18,26,24,29,17,26,18,27
3,29,30,16,22,29,21,27,25,18,26,22,28,17,28,18,29
4,29,29,17,21,33,17,28,26,18,25,23,29,14,27,14,29
5,27,25,15,19,32,13,28,23,16,23,25,26,13,27,9,28
6,22,22,12,17,32,13,24,22,15,19,24,23,10,26,8,27
7,19,23,9,10,27,9,22,19,7,16,21,20,8,24,5,25
8,15,19,6,7,22,6,21,14,5,11,17,16,6,21,2,23
9,13,13,3,2,17,2,18,10,3,7,11,11,2,17,-3,18
10,8,9,1,0,12,0,10,5,-2,1,8,7,0,10,-3,13
11,1,5,-3,-4,7,-5,8,2,-2,-2,4,5,-2,4,-6,6
12,0,0,-4,-5,4,-5,3,-2,-5,-3,-1,2,-6,-1,-7,4
13,0,-1,-1,-4,0,-8,-3,-4,-6,-6,-3,-1,-7,-3,-8,2
14,-3,-2,-4,-8,-4,-8,-6,-4,-7,-8,-2,-2,-6,-7,-5,-4
15,-6,-4,-3,-7,-6,-7,-8,-7,-5,-8,-5,-7,-7,-7,-5,-6
16,-7,-6,-2,-5,-7,-4,-6,-6,-4,-8,-6,-7,-6,-11,-2,-7
17,-7,-5,-2,-6,-8,-3,-8,-6,-4,-6,-6,-7,-3,-12,2,-7
18,-6,-6,1,-5,-10,-2,-9,-6,0,-8,-4,-5,-2,-11,4,-7
19,-5,-7,4,-3,-9,0,-5,-3,2,-4,-5,-6,1,-7,8,-7
20,-4,-2,6,-1,-7,2,-4,-3,5,0,-2,-3,3,-4,11,-8
21,1,2,8,3,-8,7,-3,1,7,1,-1,-3,7,0,11,-7
22,0,0,12,5,-6,12,0,3,10,3,1,2,10,1,16,-2
23,1,1,12,3,-1,13,1,4,13,4,3,4,14,3,15,3
24,4,3,11,7,1,16,2,6,15,4,2,3,13,3,15,4
25,7,5,15,11,2,14,3,6,15,5,4,3,13,5,10,6
26,7,4,11,10,4,13,6,7,15,5,6,3,12,8,8,8
27,5,6,9,6,5,10,4,8,14,5,6,4,10,9,2,6
28,7,3,8,4,4,6,3,6,10,7,9,3,6,7,-3,6
29,5,4,1,2,4,-1,1,5,6,3,4,7,3,3,-9,4
30,2,1,-3,-2,5,-7,1,3,0,2,5,2,-1,2,-13,2
31,2,-1,-11,-7,2,-9,0,0,-5,-1,1,-4,-7,-1,-18,2
32,0,-2,-14,-8,-1,-14,-2,-2,-10,-3,-2,-5,-12,-2,-23,-1
33,-1,-2,-20,-11,0,-19,-5,-6,-15,-5,-5,-5,-14,-4,-27,-5
34,-5,-5,-24,-14,0,-25,-7,-7,-19,-7,-6,-8,-22,-9,-29,-6
35,-5,-8,-28,-17,-4,-26,-9,-9,-23,-13,-10,-10,-24,-10,-29,-9
36,-7,-8,-29,-16,-6,-27,-11,-14,-26,-14,-12,-12,-27,-13,-27,-10
37,-9,-10,-30,-16,-8,-30,-14,-13,-29,-14,-16,-11,-27,-14,-30,-13
38,-11,-12,-32,-15,-11,-27,-14,-14,-31,-14,-17,-10,-29,-14,-28,-14
39,-12,-14,-27,-13,-11,-26,-14,-12,-29,-12,-16,-12,-27,-13,-23,-13
40,-14,-14,-24,-12,-11,-24,-13,-13,-27,-10,-16,-10,-24,-11,-15,-11
41,-14,-10,-22,-10,-10,-17,-11,-10,-24,-5,-15,-9,-22,-8,-10,-9
42,-12,-9,-17,-4,-7,-12,-10,-9,-20,-5,-12,-8,-18,-6,-6,-9
43,-11,-10,-9,0,-5,-7,-6,-4,-14,-4,-9,-7,-11,-4,0,-6
44,-9,-7,-1,3,-5,-2,-3,-2,-6,2,-4,-4,-4,-3,5,-6
45,-7,-4,5,4,-4,4,-1,-1,0,2,0,0,1,-2,13,-4
46,-6,-3,10,6,-1,10,2,3,4,1,1,0,5,0,16,0
47,-3,-1,17,4,1,15,4,5,10,3,4,4,12,5,20,2
48,-3,0,21,5,4,21,6,6,16,7,7,3,18,4,22,4
49,-1,3,23,8,4,22,6,8,21,8,8,4,20,5,23,5
50,2,6,26,7,3,24,6,4,25,8,9,1,23,2,23,5
51,0,5,29,5,2,24,5,4,26,8,7,2,25,4,23,5
52,1,4,29,3,3,25,7,4,26,5,6,2,28,1,23,3
53,2,3,24,5,1,24,5,4,24,1,4,-1,25,0,20,2
54,1,3,20,4,0,22,0,3,24,0,3,-1,25,-2,15,1
55,-1,-1,20,0,-2,19,-1,-1,24,-4,1,-1,22,-4,12,1
56,-1,0,17,-1,-4,17,-2,-3,19,-4,-1,-2,18,-3,6,-4
57,-2,-1,12,-2,-4,15,-3,-4,13,-6,-3,-3,11,-6,3,-3
58,-2,-2,4,-3,-6,7,-6,-5,10,-5,-4,-4,9,-5,-1,-6
59,-3,-4,1,-3,-6,5,-7,-5,6,-4,-5,-4,5,-4,-4,-9
60,0,-2,0,-4,-5,0,-6,-6,3,-2,-6,-3,0,-4,-5,-8
61,1,-4,-3,-4,-4,-3,-5,-3,-1,0,-4,-3,-2,-2,-4,-5
62,2,-2,-7,-4,-4,-4,-5,-2,-3,2,-4,-1,-7,-1,-7,-6
63,4,-2,-7,0,-2,-6,-4,-2,-7,2,-2,1,-7,-2,-5,-3
64,7,2,-8,-2,1,-7,-1,1,-8,4,-2,2,-6,3,-7,-3
65,7,6,-6,1,4,-6,1,5,-6,7,0,4,-5,6,-6,2
66,9,7,-5,3,8,-5,4,7,-5,7,4,7,-2,8,-5,4
67,12,7,-2,4,11,-3,8,10,-6,11,6,10,-2,10,-1,5
68,14,11,1,7,14,-1,10,9,-4,12,8,12,-1,12,1,9
69,15,11,3,8,18,-1,12,11,-4,14,11,13,3,13,1,12
70,15,12,4,11,19,0,14,12,0,12,14,11,5,12,8,13
71,14,14,6,10,18,3,15,12,3,11,15,14,7,13,5,14
72,13,14,4,7,16,7,15,12,4,13,13,13,8,14,6,14
73,13,13,5,9,15,8,14,9,5,11,12,12,12,12,6,12
74,11,11,4,9,13,9,10,7,5,9,10,11,9,10,5,12
75,8,10,5,4,9,8,7,5,6,5,8,7,8,6,5,12
76,5,8,1,3,6,6,7,3,7,1,5,3,5,4,4,9
77,1,5,-1,1,2,5,4,1,4,-3,4,0,3,1,3,5
78,-1,3,-4,0,0,2,3,-3,3,-4,2,-3,2,-2,-2,2
79,-5,-2,-6,-1,-3,1,0,-6,2,-5,1,-5,-3,-3,-5,2
80,-9,-5,-8,-8,-6,0,-1,-6,-1,-9,-2,-5,-8,-6,-9,0
81,-10,-8,-9,-3,-12,-5,-7,-8,-6,-11,-5,-11,-11,-8,-10,-5
82,-10,-8,-14,-2,-10,-7,-6,-10,-8,-10,-8,-13,-12,-12,-14,-6
83,-14,-11,-15,-6,-13,-12,-6,-11,-7,-10,-10,-10,-15,-14,-14,-6
84,-12,-11,-15,-7,-12,-14,-8,-10,-11,-10,-9,-12,-17,-12,-14,-8
85,-9,-9,-14,-4,-14,-15,-9,-8,-11,-9,-8,-11,-15,-11,-13,-10
86,-8,-8,-11,-4,-13,-15,-8,-7,-11,-8,-6,-10,-15,-9,-13,-11
87,-7,-11,-12,-1,-10,-14,-7,-4,-11,-5,-6,-9,-13,-8,-11,-8
88,-4,-9,-8,-1,-7,-12,-5,-3,-11,-3,-5,-4,-12,-5,-10,-8
89,-3,-7,-5,1,-6,-13,-5,-2,-9,-1,-4,-4,-11,-7,-10,-6
90,-2,-5,-2,1,-2,-9,-4,0,-7,0,0,-6,-7,-3,-6,-4
91,0,-1,0,1,1,-8,-2,4,-3,1,2,-2,-7,0,0,-2
92,4,1,1,4,3,-2,2,2,-3,2,3,2,-2,3,3,2
93,6,3,7,5,4,-2,4,2,-1,5,4,4,3,5,3,1
94,9,6,5,2,6,2,2,7,2,4,5,5,0,9,4,5
95,9,8,7,2,5,5,4,6,5,5,3,7,5,10,5,4
96,10,8,7,3,9,4,5,8,6,7,6,9,4,12,9,6
97,9,9,8,1,9,7,6,7,7,7,4,8,6,9,8,7
98,7,6,9,0,11,6,5,9,7,4,3,4,5,10,7,6
99,7,8,5,0,13,10,5,7,6,2,5,4,3,7,5,6
100,5,5,5,-2,7,5,4,5,5,2,3,4,4,4,1,5
101,4,4,1,-2,5,4,5,2,7,-2,-1,3,3,0,1,7
102,0,3,1,-4,6,4,2,3,3,-2,-3,0,0,-2,-1,4
103,0,-2,0,-6,1,1,0,1,0,-4,-4,0,0,-6,-2,1
104,-4,-3,0,-7,-3,-1,-3,-5,-1,-5,-3,-3,0,-5,-5,-1
105,-6,-7,-2,-8,-4,-3,-5,-8,-3,-7,-6,-4,-3,-7,-6,-4
106,-6,-9,-3,-8,-5,-3,-5,-8,-4,-9,-6,-6,-4,-8,-5,-5
107,-7,-8,-4,-10,-7,-4,-7,-10,-5,-9,-9,-8,-5,-7,-5,-8
108,-11,-9,-7,-10,-6,-3,-8,-12,-8,-9,-10,-8,-5,-9,-6,-9
109,-11,-9,-5,-10,-6,-3,-8,-10,-7,-11,-8,-8,-5,-8,-3,-9
110,-9,-7,-2,-9,-7,-1,-6,-11,-6,-11,-9,-8,-4,-10,1,-11
111,-9,-6,0,-7,-8,-1,-7,-10,-6,-10,-10,-8,-2,-9,5,-12
112,-9,-8,3,-5,-10,1,-4,-7,-4,-7,-8,-6,-1,-6,7,-9
113,-9,-4,3,-3,-8,4,-6,-5,0,-4,-5,-6,2,-6,9,-5
114,-7,-1,7,-2,-5,4,-4,-3,2,-4,-2,-4,3,-5,10,-7
115,-4,2,9,2,-5,5,-3,-1,5,-1,-1,-2,4,-3,10,-6
116,-3,3,9,3,-3,7,1,1,9,-3,-1,-1,7,-3,13,-2
117,-1,3,11,4,1,10,2,2,11,0,3,0,8,-1,13,0
118,-1,5,12,5,1,9,0,3,13,2,5,3,10,-1,13,2
119,3,3,13,6,1,9,2,4,13,4,4,4,11,3,13,5
120,6,3,11,6,5,8,1,7,16,5,5,5,13,3,10,6
121,7,7,13,5,4,12,1,7,12,4,8,6,11,2,7,7
122,7,9,11,5,6,9,1,6,12,5,9,6,11,3,7,9
123,9,8,7,5,6,5,2,5,13,5,9,3,8,5,3,8
124,7,5,5,7,4,5,4,7,8,4,8,3,7,4,-1,8
125,8,6,4,8,6,3,4,7,4,7,8,5,8,8,-5,5
126,6,2,2,6,5,0,3,7,3,7,7,4,4,7,-7,5
127,8,0,-2,6,5,-1,5,6,3,6,7,4,2,6,-7,4
128,8,0,-5,2,4,-3,5,4,-1,7,5,7,-1,6,-7,2
129,7,0,-7,2,7,-8,7,5,-3,5,5,6,-5,6,-11,2
130,3,2,-9,4,8,-10,6,6,-5,8,4,5,-5,8,-9,4
131,3,2,-7,4,9,-9,5,7,-8,7,4,3,-6,7,-10,2
132,5,1,-9,4,7,-10,7,8,-11,6,2,7,-6,4,-7,4
133,3,2,-9,3,7,-10,5,6,-9,8,3,9,-9,5,-9,6
134,4,3,-8,2,6,-7,7,6,-8,7,1,9,-12,7,-9,8
135,3,2,-7,5,9,-7,7,6,-9,3,2,9,-8,3,-6,6
136,1,2,-4,1,8,-5,6,5,-5,5,-1,8,-6,5,-3,8
137,0,2,-3,2,7,-4,4,5,-4,6,-1,6,-7,5,0,7
138,1,4,-2,1,6,0,4,4,-2,2,-1,1,-4,4,-1,7
139,-1,2,2,0,4,2,3,2,0,-1,1,1,1,3,1,5
140,-2,-1,4,-5,2,2,2,0,1,-2,1,-2,1,1,4,3
141,-3,0,4,-3,-1,5,1,-4,3,-5,-3,-3,0,-1,7,1
142,-4,-1,5,-4,-1,8,-3,-5,4,-4,-4,-5,4,-4,5,-3
143,-5,-3,8,-7,-4,7,-3,-5,8,-6,-8,-8,8,-5,6,-3
144,-6,-5,5,-7,-6,9,-5,-8,8,-9,-6,-9,6,-8,4,-6
145,-7,-6,6,-8,-5,6,-6,-9,7,-8,-9,-12,5,-10,1,-10
146,-6,-6,6,-6,-9,6,-9,-10,6,-11,-8,-11,7,-10,0,-10
147,-5,-6,5,-6,-9,3,-8,-10,6,-9,-11,-12,6,-10,-1,-12
148,-6,-7,2,-4,-10,1,-10,-12,7,-9,-11,-15,4,-12,-3,-14
149,-8,-6,0,-3,-9,2,-11,-9,2,-9,-9,-12,1,-10,-6,-13
150,-5,-6,-2,-4,-11,-1,-9,-12,-1,-10,-7,-8,0,-11,-6,-14
151,-5,-5,-4,-5,-10,-3,-9,-10,-3,-9,-8,-7,-5,-9,-7,-13
152,-5,-2,-6,-5,-8,-6,-8,-8,-4,-6,-8,-7,-6,-9,-7,-12
153,-4,-1,-7,-3,-10,-6,-7,-5,-7,-3,-7,-6,-9,-6,-7,-10
154,-1,0,-7,-1,-10,-9,-6,-4,-8,-4,-4,-5,-12,-5,-10,-6
155,1,0,-8,0,-7,-10,-5,-2,-8,1,-2,-2,-13,-3,-10,-5
156,3,1,-10,2,-5,-12,-1,-1,-11,1,0,1,-11,-4,-10,-3
157,4,2,-9,2,-2,-10,-1,2,-8,1,0,3,-10,0,-7,-2
158,3,3,-9,1,3,-11,-2,4,-8,3,0,5,-10,3,-8,2
159,4,4,-7,1,5,-11,4,5,-8,8,2,6,-8,4,-7,1
160,6,0,-8,1,5,-7,4,9,-7,8,5,7,-6,6,-4,3
161,6,4,-4,-1,7,-7,5,7,-5,8,7,8,-2,8,-3,4
162,3,2,-1,-4,8,-4,5,8,-4,7,4,4,-2,8,-1,2
163,3,2,-2,-1,8,-2,4,5,-1,5,2,5,0,6,1,4
164,3,-1,-1,-4,8,1,4,2,1,5,4,1,1,4,4,5
165,2,-1,0,-6,6,2,2,0,3,3,2,1,3,3,3,4
166,0,-4,0,-5,4,1,1,1,5,1,2,-1,3,3,4,2
167,-3,-4,1,-5,2,4,0,-1,5,-2,0,-1,7,0,4,0
168,-2,-4,2,-5,-4,3,-2,-5,6,-2,-2,-4,6,-1,6,0
169,-5,-7,1,-5,-6,2,-2,-5,5,-2,-2,-6,6,-4,4,-2
170,-5,-7,3,-6,-6,3,-3,-5,6,-5,1,-3,6,-5,6,-3
171,-3,-6,0,-4,-7,3,-3,-3,4,-5,-1,-5,5,-4,5,-5
172,-6,-5,3,-3,-7,4,-3,-4,3,-2,-1,-1,6,-5,4,-6
173,-4,-3,3,1,-8,5,-2,-1,5,2,-1,0,3,-3,6,-5
174,-2,-1,4,5,-4,6,1,1,3,2,1,2,4,-2,7,-4
175,0,2,6,6,-5,5,3,3,2,2,2,2,2,1,7,-2
176,5,6,4,9,-4,6,3,6,5,5,4,6,4,3,5,1
177,6,10,6,14,1,8,8,11,4,9,6,8,5,9,5,2
178,10,10,6,19,4,6,9,10,4,10,10,9,2,10,7,6
179,12,14,9,20,8,7,9,13,5,11,10,12,6,13,6,8
180,14,16,9,20,11,7,12,15,5,16,13,14,5,15,5,11
181,15,15,11,20,14,7,13,18,5,15,15,14,4,16,6,11
182,14,18,10,18,13,7,12,16,7,14,16,13,6,18,7,12
183,16,17,11,18,14,5,14,15,9,11,16,13,8,17,4,13
184,14,13,11,12,16,4,13,13,7,10,14,10,6,15,4,12
185,12,11,10,11,16,3,11,11,9,8,12,7,1,12,3,11
186,10,10,9,7,14,1,8,10,8,5,8,4,3,7,0,9
187,7,6,7,1,12,1,4,4,8,-1,5,-2,1,2,-4,8
188,3,2,5,-5,7,0,-2,1,5,0,1,-3,0,-2,-2,3
189,-3,-2,1,-8,5,-4,-2,-3,2,-4,-2,-7,-1,-6,-4,0
190,-4,-6,0,-11,-1,-5,-5,-7,1,-10,-6,-11,-1,-9,-8,-4
191,-8,-10,-4,-17,-3,-6,-10,-9,-1,-11,-10,-10,-4,-12,-9,-8
192,-12,-11,-7,-19,-6,-9,-11,-13,-3,-13,-13,-12,-7,-15,-8,-11
193,-12,-16,-8,-18,-9,-9,-14,-14,-7,-17,-14,-13,-9,-17,-10,-11
194,-13,-16,-10,-19,-12,-9,-16,-15,-10,-17,-15,-11,-11,-15,-8,-13
195,-16,-15,-10,-16,-13,-8,-16,-11,-9,-14,-16,-9,-9,-14,-8,-12
196,-12,-12,-13,-13,-11,-8,-15,-11,-10,-12,-14,-8,-8,-16,-6,-13
197,-9,-12,-13,-9,-13,-8,-14,-10,-11,-8,-14,-7,-6,-11,-8,-11
198,-9,-9,-11,-5,-10,-6,-11,-8,-9,-4,-10,-2,-8,-7,-7,-10
199,-6,-7,-12,-2,-6,-6,-6,-4,-6,0,-5,2,-9,-3,-6,-9
200,0,-3,-10,4,-6,-6,-4,0,-7,3,-1,8,-7,0,-3,-3
201,2,-1,-9,7,1,-5,1,3,-7,7,2,10,-5,5,-2,1
202,7,1,-9,11,5,-4,6,6,-7,11,6,12,-5,9,1,5
203,12,9,-5,15,7,-2,8,11,-4,14,9,15,-3,12,2,10
204,11,12,-4,17,11,0,14,13,-4,15,13,16,-2,14,4,14
205,13,13,-1,18,14,3,16,14,-2,15,15,18,2,17,6,14
206,14,16,2,16,13,3,19,13,0,14,17,15,3,16,5,16
207,14,17,5,16,14,1,19,13,2,14,16,10,4,13,5,20
208,14,17,6,14,15,5,19,11,3,12,15,10,3,11,1,17
209,12,15,9,8,13,4,13,10,4,7,11,6,3,8,2,15
210,7,10,6,2,11,5,11,8,4,2,8,2,4,5,1,10
211,5,7,6,-1,2,5,5,0,2,-5,4,-2,3,-3,-2,7
212,-1,2,5,-8,0,2,-2,-6,1,-11,0,-9,2,-9,-2,1
213,-9,-5,4,-15,-5,0,-7,-11,2,-16,-8,-17,-2,-16,-2,-5
214,-13,-10,2,-21,-12,1,-12,-17,-1,-21,-13,-24,-2,-22,-4,-10
215,-18,-17,1,-23,-17,-2,-19,-22,-1,-26,-17,-25,-2,-24,-6,-14
216,-25,-25,1,-27,-24,-2,-22,-26,0,-30,-24,-30,-5,-29,-5,-19
217,-29,-30,-3,-29,-32,-3,-29,-29,0,-32,-25,-34,-6,-31,-5,-26
218,-33,-32,-4,-30,-32,-3,-30,-30,-3,-31,-28,-31,-6,-32,-3,-28
219,-33,-32,-4,-27,-34,-3,-32,-30,-3,-29,-30,-30,-5,-31,-4,-28
220,-30,-35,-4,-22,-29,-3,-33,-27,-4,-28,-28,-27,-3,-27,0,-33
221,-26,-31,-3,-18,-29,-3,-31,-23,-1,-21,-24,-25,-2,-26,2,-31
222,-20,-28,-2,-10,-23,0,-25,-18,1,-13,-23,-17,1,-19,4,-27
223,-13,-22,1,-3,-20,1,-16,-11,2,-5,-17,-9,1,-12,9,-21
224,-7,-12,5,4,-9,5,-11,-4,5,6,-9,-1,6,-1,10,-13
225,0,-3,6,10,-2,8,-2,3,10,15,-1,9,9,6,11,-5
226,11,5,10,20,8,10,9,12,13,22,7,20,11,14,13,3
227,19,13,11,26,16,12,15,22,15,29,14,26,14,22,16,11
228,24,23,14,31,24,14,24,27,14,35,23,30,17,31,16,19
229,29,32,14,33,33,17,32,32,15,39,30,35,19,37,17,28
230,36,37,14,35,36,15,35,36,16,40,34,40,17,37,14,35
231,38,42,14,35,39,18,38,39,14,40,38,40,14,38,14,38
232,41,42,12,36,40,16,39,40,13,39,38,37,14,37,9,40
233,38,40,9,30,39,14,39,36,12,34,38,35,12,36,6,40
234,35,36,6,26,38,9,37,33,9,27,34,31,8,33,3,37
235,29,34,1,16,32,7,31,25,7,21,28,27,4,27,-1,32
236,24,25,-1,9,26,4,24,20,2,14,21,18,3,19,-4,29
237,12,16,-5,0,20,-1,17,11,-1,4,15,10,-3,13,-7,20
238,6,11,-9,-7,11,-5,11,2,-6,-5,7,1,-8,4,-12,13
239,-1,4,-11,-14,4,-9,2,-7,-12,-11,-4,-9,-10,-7,-12,1
240,-9,-7,-13,-22,-6,-13,-10,-15,-13,-18,-13,-16,-11,-16,-14,-4
241,-16,-15,-14,-26,-13,-17,-17,-21,-14,-24,-18,-23,-14,-20,-18,-12
242,-25,-18,-14,-27,-19,-17,-19,-28,-14,-31,-24,-30,-15,-25,-17,-20
243,-30,-24,-14,-29,-28,-17,-24,-30,-15,-31,-27,-32,-16,-33,-15,-27
244,-31,-28,-12,-28,-31,-16,-29,-32,-14,-31,-30,-32,-14,-31,-14,-30
245,-30,-31,-9,-27,-30,-17,-30,-32,-11,-29,-28,-33,-13,-30,-6,-32
246,-28,-31,-7,-22,-32,-12,-28,-31,-7,-26,-28,-29,-12,-30,-3,-35
247,-25,-29,-1,-17,-31,-7,-26,-25,-6,-21,-28,-26,-6,-25,-1,-33
248,-21,-22,3,-11,-25,-2,-25,-22,-4,-16,-23,-21,-4,-21,5,-29
249,-16,-17,10,-10,-21,0,-20,-16,-1,-11,-16,-13,2,-15,9,-24
250,-11,-13,14,-2,-17,5,-13,-8,4,-4,-11,-8,4,-11,12,-18
251,-3,-6,18,5,-9,9,-9,1,10,6,-4,2,8,-3,14,-11
252,5,1,20,9,-1,14,0,5,12,11,1,7,11,5,15,-3
253,11,5,18,12,9,15,5,10,16,16,10,13,14,8,16,3
254,15,13,18,18,15,19,10,17,18,23,16,20,15,14,14,11
255,19,18,17,19,20,17,17,23,18,25,19,24,16,19,12,15
256,21,23,14,19,23,14,20,27,16,23,22,27,14,23,10,21
257,23,22,10,20,24,12,23,26,16,24,25,23,12,24,7,21
258,22,22,4,18,28,8,26,23,12,23,24,24,9,25,1,23
259,21,20,-4,14,26,2,24,23,5,19,22,21,4,24,-7,23
260,17,15,-10,11,24,-4,21,16,1,15,16,17,0,21,-13,23
261,12,11,-16,6,20,-10,18,12,-5,8,13,10,-5,12,-17,21
262,5,7,-23,-4,13,-15,13,6,-11,2,10,5,-13,7,-22,16
263,1,0,-27,-10,7,-18,6,1,-17,-5,2,-1,-19,-1,-28,9
264,-6,-5,-32,-12,1,-24,-2,-6,-22,-11,-2,-8,-24,-7,-31,4
265,-12,-11,-34,-16,-7,-29,-7,-14,-25,-15,-7,-17,-28,-13,-32,-6
266,-15,-15,-35,-22,-13,-29,-12,-18,-27,-18,-11,-20,-32,-19,-32,-10
267,-18,-20,-34,-22,-18,-30,-17,-20,-33,-22,-16,-23,-33,-21,-27,-15
268,-21,-22,-30,-22,-22,-27,-21,-25,-32,-22,-19,-26,-31,-24,-24,-20
269,-26,-22,-26,-21,-25,-25,-22,-25,-30,-23,-24,-24,-27,-21,-17,-23
270,-24,-22,-20,-19,-24,-19,-22,-22,-26,-23,-23,-22,-23,-19,-10,-25
271,-21,-21,-12,-16,-25,-12,-22,-20,-18,-20,-21,-20,-16,-22,-1,-24
272,-16,-18,-3,-12,-23,-3,-23,-19,-13,-15,-18,-14,-8,-16,6,-22
273,-12,-14,7,-6,-16,5,-19,-14,-4,-11,-16,-10,-1,-11,13,-19
274,-11,-7,16,1,-13,11,-12,-6,7,-3,-8,-4,6,-7,22,-14
275,-5,0,25,5,-7,18,-7,-2,15,1,0,0,15,-4,30,-11
276,1,2,32,11,0,26,-1,4,24,6,3,6,19,2,33,-3
277,5,9,36,16,7,31,7,11,30,11,9,12,28,8,36,3
278,12,12,40,20,13,36,10,13,37,16,15,15,33,13,38,6
279,17,15,43,23,16,36,15,17,39,21,19,17,36,16,38,13
280,22,17,44,26,21,37,21,19,39,21,18,19,37,18,36,16
281,19,21,41,24,24,35,22,20,41,22,22,19,38,19,31,19
282,22,21,36,22,25,33,23,21,38,21,22,18,34,18,24,23
283,21,21,30,19,23,27,21,20,33,18,23,18,27,18,15,23
284,18,19,25,15,21,21,19,18,26,16,20,16,24,16,7,22
285,16,13,15,9,20,14,14,16,18,15,16,14,16,14,0,17
286,12,14,7,4,17,7,11,10,9,10,11,9,7,10,-9,16
287,7,7,1,-2,13,-2,7,7,2,7,8,4,-2,7,-14,11
288,4,2,-11,-6,6,-12,2,3,-5,-1,3,0,-7,-1,-20,5
289,-1,-4,-20,-9,2,-17,-1,0,-13,-5,0,-3,-15,-5,-26,0
290,-5,-4,-26,-14,-4,-24,-6,-4,-21,-8,-6,-7,-21,-6,-28,-1
291,-7,-9,-29,-16,-9,-29,-10,-7,-27,-10,-8,-8,-26,-10,-29,-9
292,-11,-13,-33,-18,-9,-30,-12,-11,-28,-11,-15,-11,-30,-13,-28,-9
293,-12,-11,-33,-17,-14,-29,-14,-11,-28,-14,-15,-9,-30,-13,-26,-7
294,-11,-12,-32,-14,-13,-27,-13,-12,-31,-11,-16,-7,-30,-11,-21,-12
295,-11,-11,-28,-13,-13,-29,-12,-9,-30,-9,-17,-4,-29,-10,-18,-12
296,-10,-9,-25,-9,-12,-23,-12,-7,-27,-6,-14,-4,-22,-7,-11,-8
297,-5,-7,-21,-4,-9,-17,-8,-8,-21,-3,-10,0,-18,-7,-4,-7
298,-1,-1,-12,0,-8,-11,-3,-2,-13,2,-6,0,-13,-2,0,-5
299,2,2,-6,5,-4,-3,-1,0,-8,5,-2,4,-5,3,8,0
300,5,5,2,10,1,5,3,3,0,7,2,6,4,4,14,2
301,10,8,8,12,4,11,5,6,8,8,5,7,10,8,18,3
302,13,11,14,15,4,16,9,9,14,13,7,8,17,9,20,6
303,16,14,20,16,10,19,14,11,19,16,10,10,20,10,21,11
304,17,14,22,19,14,24,12,12,21,15,12,10,21,13,19,13
305,14,15,24,17,15,25,14,14,24,13,13,12,25,14,19,15
306,12,14,27,17,15,25,17,14,24,11,17,10,22,12,18,17
307,12,12,24,13,15,24,15,13,22,7,15,6,20,8,14,15
308,10,10,23,9,13,20,13,8,19,5,15,6,18,7,11,13
309,4,5,15,6,9,16,9,4,15,1,14,4,15,5,6,11
310,-1,0,10,1,5,8,3,2,10,-2,9,1,6,0,-2,6
311,-6,-2,5,-6,-1,1,0,-4,5,-7,2,-4,1,-3,-8,5
312,-11,-10,-2,-8,-6,-5,-3,-8,1,-13,-4,-8,-6,-7,-16,1
313,-16,-13,-10,-15,-8,-12,-8,-9,-5,-16,-10,-11,-12,-12,-20,-5
314,-19,-15,-17,-18,-12,-18,-12,-13,-13,-20,-14,-17,-16,-16,-23,-10
315,-22,-16,-18,-19,-14,-23,-16,-18,-16,-20,-21,-18,-22,-19,-26,-13
316,-23,-19,-20,-20,-19,-24,-18,-18,-20,-22,-24,-21,-25,-20,-24,-18
317,-24,-21,-24,-22,-19,-26,-22,-18,-23,-22,-25,-20,-26,-23,-27,-21
318,-23,-23,-23,-18,-19,-26,-20,-20,-22,-19,-24,-20,-26,-22,-23,-22
319,-23,-23,-18,-17,-19,-24,-20,-17,-22,-17,-25,-19,-23,-21,-18,-25
320,-20,-19,-17,-16,-20,-21,-17,-15,-21,-15,-24,-16,-17,-17,-12,-23
321,-13,-15,-14,-11,-15,-17,-16,-14,-17,-11,-17,-13,-15,-16,-8,-24
322,-11,-13,-7,-7,-14,-10,-12,-11,-11,-5,-13,-9,-11,-10,-4,-16
323,-5,-7,-2,-2,-9,-3,-8,-6,-7,-1,-8,-4,-3,-5,5,-11
324,0,-4,2,3,-4,2,-3,-1,2,2,-5,0,5,-2,12,-8
325,7,4,9,6,-3,9,1,4,8,8,-1,4,9,5,18,-2
326,12,7,15,10,6,14,6,7,13,13,1,11,14,8,22,3
327,13,10,19,13,8,18,9,10,18,15,8,11,17,11,23,7
328,17,14,20,15,13,18,11,14,20,16,12,15,22,14,22,11
329,19,16,21,16,16,22,14,16,20,15,14,16,22,15,24,13
330,20,18,21,15,16,23,16,17,21,16,15,20,22,17,21,15
331,22,23,18,16,19,22,19,17,21,15,17,18,20,18,17,15
332,23,21,14,14,18,22,18,17,17,13,15,17,20,20,14,13
333,17,17,10,12,15,16,16,15,15,13,14,17,16,16,10,16
334,15,17,9,11,16,13,15,13,12,11,11,14,13,15,7,15
335,12,16,5,8,14,7,13,10,10,8,8,11,11,13,0,13
336,9,13,0,7,12,2,11,7,2,5,8,8,6,9,-6,13
337,5,7,-5,3,11,-1,9,3,0,3,5,4,2,7,-9,10
338,2,6,-7,4,8,-7,6,2,-5,-1,4,0,-5,3,-13,4
339,-1,2,-11,3,3,-5,3,0,-7,-3,1,-1,-9,1,-11,1
340,-6,1,-9,2,-1,-9,2,-4,-11,-3,1,-4,-12,-2,-14,-1
341,-7,-3,-8,1,-3,-12,-1,-4,-13,-7,-2,-4,-12,-7,-13,-3
342,-6,-5,-8,-1,-1,-10,-3,-3,-11,-8,-1,-9,-12,-7,-9,-5
343,-8,-8,-8,-1,-2,-12,-3,-7,-12,-9,-5,-9,-11,-7,-9,-5
344,-6,-8,-8,-3,-3,-11,-5,-6,-12,-6,-4,-9,-12,-5,-5,-6
345,-8,-7,-4,-3,-3,-10,-7,-3,-6,-3,-5,-4,-9,-6,-4,-8
346,-7,-7,0,-3,-4,-5,-5,-2,-4,-2,-6,-3,-5,-8,1,-5
347,-4,-7,4,-2,-4,-1,-5,-2,-2,-3,-6,-4,0,-4,5,-6
348,-5,-7,6,-4,-3,1,-6,-3,3,-1,-4,0,4,-1,8,-4
349,-4,-4,7,-6,-1,5,-4,-1,4,-1,-3,-1,7,-2,12,-5
350,-3,-2,7,-5,-3,9,-3,1,9,-1,0,-3,10,-2,15,-2
351,-2,-2,9,-6,-4,10,-3,3,10,1,2,1,17,0,12,0
352,1,-3,11,-7,-3,12,-2,2,13,1,-1,3,15,2,14,-1
353,-1,-1,10,-9,-4,14,0,4,13,-1,0,0,17,0,15,-1
354,0,-2,11,-9,-4,10,0,0,14,-1,1,0,16,1,13,0
355,-3,-3,7,-9,-5,10,-1,-1,16,-3,-1,1,13,1,9,1
356,-3,-3,4,-9,-7,8,-1,1,14,-1,-4,0,10,-2,7,-2
357,-3,-5,3,-9,-6,7,-4,-3,8,-1,-2,-3,5,-4,3,-2
358,-4,-8,0,-8,-6,5,-5,-5,8,-4,-3,-5,2,-3,-4,-1
359,-5,-7,-7,-9,-6,-2,-3,-5,4,-6,-6,-7,0,-2,-8,-2
360,-7,-7,-11,-10,-7,-3,-3,-3,-3,-6,-6,-5,-5,-4,-13,-3
361,-5,-6,-13,-7,-6,-9,-5,-6,-10,-7,-7,-6,-10,-4,-16,-4
362,-6,-9,-15,-5,-6,-14,-4,-8,-14,-4,-8,-5,-14,-7,-18,-5
363,-6,-8,-19,-6,-8,-17,-5,-8,-16,-4,-7,-6,-17,-6,-22,-6
364,-5,-6,-21,-2,-8,-19,-4,-6,-18,-4,-5,-7,-20,-7,-22,-7
365,-6,-4,-18,-1,-6,-19,-2,-6,-21,-4,-5,-5,-22,-5,-20,-6
366,-5,-2,-17,-1,-4,-20,-1,-5,-21,0,-5,-2,-23,-6,-17,-6
367,-2,-1,-17,2,-2,-20,0,-3,-22,1,-2,-1,-23,-6,-16,-6
368,0,1,-12,5,-2,-18,-1,-1,-21,0,-2,-1,-20,-6,-13,-3
369,1,2,-8,8,1,-15,1,0,-20,3,1,2,-18,-3,-8,0
370,2,6,-4,9,3,-10,2,5,-18,3,0,3,-15,1,-5,-1
371,4,4,1,9,5,-7,3,5,-15,4,1,4,-9,-1,-1,2
372,5,11,5,9,8,-4,4,5,-8,5,7,4,-5,1,4,4
373,3,9,7,10,9,4,4,8,-3,6,6,6,-1,1,8,4
374,8,9,10,11,9,8,5,7,2,3,8,6,4,3,9,5
375,7,8,14,9,10,11,5,8,8,4,10,5,10,4,12,4
376,7,7,14,6,7,13,6,7,11,4,9,5,11,3,10,6
377,7,8,16,7,8,14,6,9,14,4,8,4,14,3,16,6
378,5,6,17,5,9,16,5,5,17,5,6,2,15,3,17,6
379,5,5,19,1,8,17,5,2,17,4,5,4,16,3,17,5
380,-1,4,15,1,5,16,5,5,18,1,3,1,16,3,16,6
381,1,3,12,2,6,15,3,5,18,4,3,-1,16,6,10,4
382,1,2,12,4,2,13,3,2,16,1,3,-1,14,0,9,2
383,2,1,10,1,0,11,1,0,14,2,1,0,12,-1,10,1
384,0,1,5,1,0,8,0,0,14,2,-1,-1,10,0,8,0
385,3,1,3,-1,1,6,1,2,11,2,-1,1,6,1,6,1
386,2,2,0,0,0,3,-1,1,5,3,-1,-2,3,0,7,-1
387,2,1,-2,-3,-1,-1,-2,-1,3,4,0,2,2,1,3,1
388,1,0,-4,-3,-1,-3,-2,0,2,1,-3,4,1,1,2,0
389,4,2,-6,-3,-1,-4,2,-1,-2,-2,-1,5,-4,2,1,0
390,4,1,-6,-5,-3,-5,-1,-1,-5,1,-1,6,-3,2,-1,-2
391,4,1,-7,-3,-1,-4,0,0,-3,2,0,4,-3,2,-2,1
392,2,0,-9,-2,-2,-5,2,1,-2,2,0,7,-4,2,-4,1
393,3,0,-7,0,0,-4,0,2,-2,4,2,4,-4,3,-7,3
394,2,1,-6,-2,0,-4,2,2,-4,3,1,4,-3,4,-4,3
395,2,0,-4,1,2,0,1,3,-4,3,1,3,-4,3,-6,3
396,-1,-2,-2,0,1,1,-1,2,-1,2,1,2,-1,1,-3,2
397,0,-2,-1,-1,4,1,0,0,-2,1,3,-1,0,2,-3,5
398,-1,-4,0,-2,3,1,5,-1,-1,0,2,-1,0,1,-3,5
399,-3,-6,0,0,1,1,5,-3,-2,-2,2,-3,5,1,-2,3
400,-5,-7,1,2,3,3,3,-5,-1,1,2,-5,2,0,-2,2
401,-6,-7,1,1,2,5,1,-5,0,-1,0,-5,2,-1,-2,2
402,-7,-5,-2,-2,0,4,1,-3,1,-3,2,-6,2,-3,-4,1
403,-9,-6,-1,-2,0,3,1,-4,2,-5,2,-7,0,-3,-5,-2
404,-11,-6,1,0,-3,-1,-4,-5,-2,-2,0,-6,-3,-5,-7,-2
405,-8,-6,2,0,-4,-3,-4,-8,-1,-4,-3,-7,-4,-4,-7,-2
406,-9,-4,1,0,-3,-4,-6,-4,-2,-5,-4,-9,-8,-3,-6,-3
407,-8,-3,-2,0,-6,-4,-7,-8,-3,-6,-6,-6,-6,-4,-7,-4
408,-5,-2,-2,3,-7,-6,-6,-5,-6,-3,-4,-7,-7,-3,-9,-4
409,-3,-2,-4,2,-5,-6,-6,-2,-6,-3,-4,-4,-10,-2,-7,-3
410,-1,-1,-6,0,-5,-9,-5,-2,-5,-3,-4,-3,-7,-3,-8,-5
411,-1,1,-6,1,-3,-9,-3,-2,-6,-2,-4,-3,-9,1,-6,-4
412,2,4,-5,0,-3,-8,-5,-2,-6,0,-3,2,-8,1,-7,-4
413,5,4,-4,0,0,-8,-3,2,-5,0,-1,3,-5,1,-4,-3
414,4,4,-4,2,0,-5,-2,3,-5,3,0,1,-2,2,-3,-3
415,5,7,-4,5,1,-2,-1,3,-1,5,3,2,-3,1,-3,-1
416,7,5,-3,4,3,0,0,2,3,5,3,2,-2,2,-1,-1
417,7,7,0,3,3,1,2,4,2,5,3,2,-2,3,1,2
418,7,4,1,2,3,3,2,4,5,5,4,3,0,4,1,2
419,6,3,0,4,3,2,3,6,4,3,2,3,3,1,4,4
420,5,4,-1,5,4,5,4,5,8,4,2,2,4,3,5,5
421,6,3,2,0,2,5,4,2,7,3,2,0,8,2,7,4
422,6,4,5,1,2,5,1,-2,7,1,2,2,7,2,10,1
423,2,0,3,-3,1,8,2,2,8,2,-1,2,5,0,8,4
424,2,-2,5,-2,3,8,2,1,7,0,-1,0,7,0,7,1
425,4,-2,6,-2,2,7,1,0,7,-1,-4,-1,7,-1,7,0
426,0,-3,5,-5,-1,5,0,-4,5,-2,-2,-3,6,-1,5,0
427,-4,-4,2,-6,-2,6,-2,0,5,-1,-3,-1,5,-1,4,0
428,-1,-3,1,-4,-2,4,-2,-1,6,-3,-5,-1,3,-1,4,-1
429,0,-2,1,-3,-3,4,-3,-2,4,-1,0,-3,2,-1,3,-3
430,-3,-2,3,-3,-4,3,-3,-2,3,-1,-1,0,2,-3,-1,-3
431,-4,0,2,-3,-4,2,-1,0,1,0,0,0,3,1,0,0
432,-2,1,3,-1,-2,0,-1,-2,0,1,-1,0,1,2,-1,0
433,-2,1,3,6,-2,-3,-1,1,-2,2,2,2,0,1,-1,-1
434,0,3,4,8,1,-3,3,3,-1,4,1,2,-1,3,-2,0
435,1,4,4,7,5,-4,3,5,-1,4,3,7,-1,3,-1,1
436,2,6,3,7,6,-1,5,5,-1,5,5,3,-1,4,-3,3
437,3,6,4,8,6,-2,8,7,-3,7,7,5,1,6,-3,4
438,5,6,2,7,10,0,8,6,-2,5,5,4,2,7,-3,4
439,5,7,0,8,11,2,6,6,0,5,6,5,3,5,-1,6
440,3,8,0,6,11,1,7,7,0,4,6,3,0,6,-1,6
441,5,4,1,2,8,2,7,3,1,2,5,0,1,4,1,3
442,1,3,0,0,7,2,7,-1,1,1,5,-3,1,3,0,2
443,0,1,0,-2,5,3,1,-3,1,-1,1,-4,0,0,-2,2
444,-3,-1,2,-7,0,1,2,-3,0,-3,0,-3,-1,1,2,0
445,-7,-1,1,-11,-3,2,-4,-5,2,-8,-3,-6,1,-1,-1,-4
446,-8,-6,-2,-16,-6,0,-9,-9,1,-9,-5,-10,-1,-7,-1,-8
447,-9,-10,-4,-17,-12,2,-13,-9,0,-10,-9,-13,-1,-12,1,-12
448,-12,-14,-4,-21,-14,1,-15,-11,0,-14,-14,-14,-3,-13,0,-13
449,-14,-15,-5,-23,-20,-3,-16,-15,-2,-19,-16,-18,-4,-13,-1,-17
450,-15,-17,-4,-23,-22,-6,-18,-15,-3,-20,-18,-19,-5,-18,-2,-17
451,-16,-17,-5,-21,-24,-6,-20,-17,-3,-14,-17,-18,-5,-16,-1,-16
452,-15,-17,-7,-19,-23,-5,-19,-19,-2,-16,-19,-15,-5,-16,0,-20
453,-14,-16,-7,-16,-23,-5,-18,-15,-5,-14,-15,-13,-6,-15,1,-18
454,-14,-14,-9,-11,-18,-5,-16,-11,-5,-10,-15,-10,-2,-15,-2,-14
455,-9,-12,-6,-8,-16,-4,-14,-8,-4,-7,-13,-5,-4,-12,-3,-11
456,-4,-5,-3,-1,-9,-4,-10,-4,-3,-3,-9,-2,-3,-6,-2,-8
457,0,-3,-4,6,-6,-4,-3,1,-4,5,-4,2,-3,-1,-1,-3
458,3,2,-1,9,0,1,4,6,-2,9,3,9,-1,5,-1,1
459,7,7,0,15,7,3,10,10,-1,15,7,14,-1,10,0,5
460,16,12,1,23,11,3,15,15,0,18,10,17,1,14,2,11
461,19,17,1,24,16,5,15,18,2,23,16,22,1,18,1,15
462,23,20,3,28,24,3,22,20,-2,28,22,24,2,21,4,19
463,24,23,5,31,26,4,25,22,1,26,23,27,3,25,3,22
464,24,28,3,29,31,4,27,26,2,26,25,28,1,26,2,22
465,26,26,8,27,30,1,27,25,1,24,25,26,3,24,2,24
466,23,24,9,24,29,0,25,26,3,21,27,24,3,22,3,27
467,21,25,6,21,26,2,22,24,3,20,23,20,-1,19,4,25
468,18,22,6,17,23,2,20,18,2,13,20,19,1,15,2,22
469,14,17,5,11,19,1,15,13,3,9,17,10,0,12,0,18
470,10,13,3,7,19,0,12,10,1,7,14,8,0,9,0,15
471,3,10,1,2,13,-1,10,4,-1,2,11,3,1,3,-3,10
472,0,6,2,-3,5,0,2,-1,-1,-4,5,-2,-1,-2,-3,5
473,-5,3,1,-7,-2,-3,-2,-3,-3,-9,0,-6,-2,-8,-5,2
474,-12,-2,-3,-9,-4,-3,-4,-7,-1,-12,-7,-10,-1,-10,-4,-6
475,-14,-5,-4,-13,-10,-4,-8,-8,-1,-16,-9,-11,-3,-14,-2,-10
476,-17,-9,-4,-16,-12,-3,-13,-16,0,-18,-12,-13,-3,-15,0,-13
477,-16,-10,-3,-19,-14,-1,-15,-16,-1,-19,-15,-15,-3,-17,-2,-13
478,-14,-13,-3,-18,-17,1,-13,-14,1,-16,-17,-16,-3,-17,1,-15
479,-13,-16,-2,-15,-17,1,-15,-15,2,-15,-17,-14,-4,-18,2,-15
480,-11,-14,-3,-13,-16,1,-18,-11,2,-12,-13,-14,-2,-15,1,-18
481,-9,-13,0,-11,-16,3,-15,-9,3,-8,-12,-10,0,-11,0,-15
482,-4,-8,0,-8,-10,4,-13,-8,3,-4,-10,-5,-1,-7,6,-12
483,0,-8,0,-3,-7,4,-8,-5,5,0,-6,1,0,-6,7,-11
484,1,-4,3,0,-5,3,-4,0,5,4,-2,7,3,-3,4,-6
485,5,-1,4,2,0,5,1,6,6,8,1,10,4,4,4,-1
486,8,0,4,6,3,5,5,7,6,10,2,12,6,6,6,1
487,9,3,6,8,6,6,8,9,7,12,8,14,7,10,5,4
488,10,6,4,9,11,5,8,13,7,13,9,12,6,13,5,7
489,11,6,2,8,11,6,13,11,6,14,7,13,5,13,2,10
490,7,6,3,8,10,3,11,9,6,10,11,12,7,13,-2,10
491,5,6,-1,6,13,1,12,7,4,5,9,7,4,11,-3,9
492,3,4,-4,4,10,-1,8,6,1,3,7,1,0,6,-7,6
493,-1,2,-4,-1,6,-4,6,1,-3,-1,2,-2,-2,4,-8,4
494,-4,-2,-8,-4,4,-6,1,-3,-6,-4,-1,-6,-5,0,-14,2
495,-7,-5,-13,-10,2,-10,-3,-7,-11,-10,-4,-10,-9,-6,-17,-1
496,-12,-10,-16,-13,-6,-12,-5,-12,-12,-13,-9,-13,-14,-11,-17,-5
497,-16,-10,-16,-17,-10,-16,-10,-16,-14,-17,-13,-17,-15,-14,-19,-10
498,-20,-16,-17,-20,-13,-17,-15,-19,-14,-21,-19,-18,-18,-20,-18,-14
499,-23,-17,-18,-21,-17,-15,-18,-19,-17,-25,-23,-23,-19,-21,-17,-15
500,-24,-18,-15,-22,-20,-16,-20,-24,-16,-25,-25,-23,-18,-22,-16,-19
501,-23,-19,-14,-21,-23,-16,-22,-23,-17,-23,-27,-24,-18,-23,-14,-21
502,-24,-19,-11,-18,-23,-13,-21,-23,-16,-21,-24,-22,-15,-21,-10,-21
503,-22,-15,-8,-16,-22,-12,-23,-21,-13,-20,-22,-18,-12,-21,-5,-20
504,-17,-12,-2,-11,-20,-8,-20,-17,-9,-15,-20,-16,-9,-18,0,-18
505,-12,-9,1,-6,-20,-2,-14,-12,-5,-10,-15,-11,-4,-13,5,-15
506,-5,-4,6,0,-15,3,-10,-6,-2,-5,-11,-6,2,-7,8,-13
507,0,1,10,5,-8,8,-5,-2,5,-1,-4,1,8,-3,14,-8
508,5,7,14,9,-4,11,-1,5,9,6,0,6,11,3,18,-4
509,11,9,17,15,1,17,5,11,16,11,7,9,14,7,22,1
510,18,15,21,18,9,19,11,17,18,16,11,16,18,14,25,7
511,22,18,22,22,14,24,14,19,22,21,14,19,21,19,27,11
512,25,20,25,24,18,25,19,25,27,24,20,21,23,21,24,17
513,26,22,25,24,22,26,23,26,25,25,23,22,27,24,21,24
514,28,23,25,23,25,24,22,29,25,26,25,25,26,26,16,25
515,25,25,21,20,23,25,22,28,23,24,25,23,25,25,16,25
516,23,22,18,17,22,18,22,24,22,20,23,18,21,24,10,23
517,23,19,15,13,21,16,22,21,22,18,19,17,17,21,10,23
518,19,13,9,11,22,12,19,18,16,15,16,14,14,17,5,20
519,12,11,7,5,18,8,13,13,12,9,10,11,10,12,-1,15
520,5,4,0,-2,11,3,8,6,7,0,3,5,4,8,-8,10
521,0,-1,-3,-3,6,-2,3,2,-2,-4,-1,-2,-1,2,-7,4
522,-3,-6,-6,-7,1,-4,0,-4,-4,-7,-6,-4,-6,-1,-12,2
523,-7,-10,-10,-12,-4,-10,-4,-6,-7,-12,-10,-7,-8,-6,-14,-4
524,-11,-14,-11,-13,-7,-12,-8,-10,-12,-13,-13,-14,-12,-9,-15,-8
525,-13,-15,-10,-15,-11,-15,-12,-11,-17,-15,-17,-14,-15,-13,-14,-12
526,-16,-16,-13,-16,-11,-17,-14,-12,-15,-14,-18,-15,-16,-13,-14,-15
527,-18,-15,-14,-14,-14,-15,-14,-17,-14,-15,-20,-16,-13,-14,-12,-17
528,-15,-14,-13,-11,-15,-14,-14,-16,-16,-13,-20,-13,-13,-13,-8,-17
529,-12,-13,-12,-5,-14,-12,-13,-13,-15,-10,-13,-8,-11,-10,-6,-12
530,-11,-8,-9,-1,-10,-7,-10,-11,-11,-6,-12,-6,-6,-9,-3,-12
531,-6,-2,-5,3,-5,-5,-4,-7,-10,-1,-8,-5,-2,-8,3,-9
532,-3,1,-2,9,-1,-1,-1,-1,-7,2,-2,3,0,1,2,-4
533,3,5,2,11,3,1,4,3,-2,8,4,6,3,5,6,1
534,7,12,3,17,9,5,9,9,2,12,9,11,6,9,9,5
535,10,15,3,17,10,10,15,12,7,15,14,14,7,13,11,8
536,13,18,7,20,12,9,16,15,9,17,17,18,8,17,9,12
537,18,20,8,18,16,10,19,18,8,19,24,20,8,18,9,18
538,18,22,7,17,18,11,20,18,10,18,25,19,8,19,7,17
539,17,25,4,17,19,9,19,17,9,19,26,17,6,17,4,21
540,18,19,4,12,16,6,19,15,7,16,25,16,3,15,-1,19
541,16,15,1,8,15,2,18,15,5,13,20,12,0,12,-5,19
542,12,12,-4,4,13,-3,12,10,3,8,15,9,-2,7,-7,16
543,8,9,-7,-2,8,-6,9,5,-2,2,9,2,-8,4,-13,8
544,1,1,-11,-8,2,-10,3,2,-7,-5,5,-4,-10,-3,-15,4
545,-2,-3,-14,-14,-4,-15,-4,-7,-11,-10,-1,-7,-13,-9,-19,-2
546,-9,-11,-16,-19,-8,-17,-11,-11,-15,-16,-8,-14,-17,-14,-23,-6
547,-15,-17,-19,-27,-16,-23,-16,-18,-16,-21,-15,-17,-20,-19,-24,-12
548,-21,-22,-19,-30,-19,-23,-20,-22,-18,-24,-19,-22,-22,-22,-25,-19
549,-25,-26,-19,-30,-23,-23,-24,-26,-20,-28,-23,-24,-22,-27,-21,-22
550,-28,-28,-18,-29,-25,-23,-27,-29,-18,-28,-29,-25,-21,-30,-18,-26
551,-28,-30,-17,-30,-28,-19,-28,-28,-19,-28,-30,-26,-21,-31,-15,-26
552,-28,-32,-10,-28,-26,-16,-30,-27,-18,-25,-29,-26,-18,-26,-11,-28
553,-23,-29,-8,-23,-25,-14,-27,-22,-14,-18,-28,-26,-15,-26,-4,-27
554,-20,-27,-4,-15,-23,-7,-25,-21,-9,-15,-22,-21,-9,-22,2,-24
555,-18,-22,2,-11,-18,0,-20,-17,-3,-11,-20,-15,-3,-18,6,-21
556,-11,-16,8,-2,-13,4,-13,-10,0,-6,-15,-6,3,-14,13,-17
557,-4,-8,12,5,-9,10,-8,-4,6,1,-6,0,8,-7,15,-9
558,2,-3,17,10,-2,16,-2,1,9,8,0,7,9,0,20,-4
559,8,5,21,16,5,18,4,9,14,15,5,13,15,8,24,3
560,14,11,22,24,12,23,11,15,19,19,10,16,20,12,26,10
561,16,19,25,25,15,25,17,19,21,21,18,21,23,16,27,15
562,21,23,25,26,19,25,21,24,23,25,22,24,25,20,23,19
563,23,28,24,26,24,25,23,26,24,25,22,24,25,22,23,21
564,25,30,22,25,25,22,28,24,22,23,26,26,25,25,21,24
565,24,30,20,24,24,22,28,25,20,23,26,25,22,25,13,25
566,23,30,18,20,23,19,25,22,18,19,24,22,18,22,7,22
567,21,25,13,14,23,15,22,20,14,16,21,18,15,19,4,20
568,17,23,7,7,20,9,17,16,11,12,17,13,9,15,1,19
569,15,17,0,4,15,1,15,12,2,7,16,9,1,7,-6,15
570,8,8,-3,0,10,-4,9,6,-2,0,12,4,-1,3,-9,10
571,2,3,-9,-5,3,-7,4,-1,-5,-5,5,-1,-7,-3,-12,7
572,-3,-3,-12,-7,-1,-12,-1,-5,-9,-10,-1,-8,-12,-6,-14,-1
573,-6,-8,-15,-14,-5,-17,-7,-8,-11,-12,-6,-13,-15,-10,-17,-2
574,-13,-13,-15,-16,-8,-17,-11,-13,-15,-16,-11,-16,-16,-13,-18,-9
575,-17,-18,-17,-18,-12,-16,-15,-14,-15,-14,-12,-18,-16,-16,-17,-14
576,-17,-20,-19,-19,-16,-16,-18,-17,-14,-15,-16,-18,-16,-17,-13,-17
577,-18,-23,-14,-20,-18,-16,-19,-16,-12,-15,-19,-16,-13,-17,-6,-17
578,-19,-23,-11,-15,-16,-13,-18,-16,-9,-16,-16,-15,-11,-16,-1,-17
579,-18,-21,-6,-14,-17,-7,-18,-14,-6,-13,-17,-11,-4,-16,1,-15
580,-16,-19,-2,-8,-14,-2,-18,-11,-3,-9,-16,-9,1,-11,6,-13
581,-11,-15,2,-7,-12,3,-12,-6,2,-5,-12,-5,5,-8,10,-12
582,-8,-9,7,-4,-8,8,-7,-4,7,-2,-8,0,10,-5,16,-10
583,-5,-3,11,4,-5,12,-3,1,13,2,-4,5,14,-1,18,-5
584,0,2,14,7,-2,14,-2,5,17,8,2,8,18,3,19,-1
585,5,5,19,8,4,19,5,10,18,11,6,9,21,8,22,3
586,8,9,21,12,8,20,9,10,20,12,12,11,22,12,21,9
587,10,12,22,12,7,23,12,11,20,16,14,13,22,15,18,14
588,12,16,17,13,14,21,14,16,21,17,16,14,20,16,13,15
589,13,19,17,14,18,17,17,16,17,15,18,14,19,19,6,17
590,18,18,13,15,19,15,18,17,14,16,17,12,14,19,3,17
591,17,19,10,13,20,8,17,15,9,18,15,12,9,16,-3,16
592,16,17,1,11,18,3,17,13,2,15,15,11,3,14,-8,17
593,13,15,-5,10,16,-3,16,11,-3,9,10,10,-3,11,-16,15
594,10,12,-9,6,16,-8,13,9,-10,7,10,8,-8,7,-20,13
595,9,8,-16,3,12,-15,8,3,-17,4,3,3,-16,6,-23,11
596,6,7,-23,0,9,-20,8,1,-21,-1,0,0,-21,6,-28,8
597,2,4,-25,-2,5,-22,3,-3,-24,-2,-4,-3,-26,0,-30,5
598,-1,1,-28,-4,1,-27,0,-6,-28,-5,-4,-5,-30,-3,-30,2
599,-1,-2,-28,-6,-2,-30,-3,-7,-30,-9,-7,-7,-29,-6,-29,-1
600,-2,-3,-25,-5,-5,-29,-6,-6,-29,-10,-7,-8,-28,-7,-28,-3
601,-6,-6,-25,-4,-4,-26,-9,-8,-28,-9,-5,-8,-26,-8,-23,-8
602,-6,-6,-23,-6,-6,-23,-6,-11,-26,-8,-5,-9,-26,-8,-19,-11
603,-5,-5,-18,-3,-8,-21,-8,-8,-20,-6,-5,-9,-22,-7,-13,-8
604,-5,-3,-12,-1,-9,-13,-7,-5,-15,-5,-6,-6,-17,-6,-7,-8
605,-4,-4,-4,-1,-7,-8,-6,-6,-11,-2,-3,-7,-9,-4,1,-8
606,-2,-2,0,0,-5,-1,-4,-3,-4,-3,-3,-3,-3,-1,9,-8
607,4,0,6,4,-1,6,-2,0,5,-1,-1,-2,3,-2,15,-5
608,4,2,13,5,1,13,0,2,12,1,3,2,8,0,19,-3
609,3,2,17,7,4,17,3,3,16,5,4,4,13,5,23,-2
610,4,2,22,7,5,19,3,5,19,6,4,5,18,4,23,3
611,6,2,23,6,8,19,5,5,22,7,5,4,22,6,25,4
612,4,1,23,4,4,24,3,6,25,5,5,4,24,3,27,6
613,3,1,23,1,6,22,2,6,26,3,4,3,24,0,27,3
614,1,1,22,-1,2,22,1,2,27,0,2,2,24,2,21,4
615,-1,-1,19,-3,0,19,-1,1,23,-2,2,0,23,0,16,5
616,-4,-4,18,-8,2,17,-2,-1,20,-4,-3,-2,18,-1,10,1
617,-6,-4,13,-9,0,13,-3,-5,16,-7,-5,-7,14,-4,5,-2
618,-10,-8,6,-13,-4,8,-7,-10,11,-11,-7,-10,12,-6,2,-2
619,-14,-13,1,-15,-9,1,-8,-11,6,-12,-10,-10,6,-8,-4,-6
620,-16,-14,-4,-14,-9,-2,-9,-14,1,-14,-15,-11,2,-12,-8,-11
621,-16,-15,-9,-18,-14,-7,-13,-17,-4,-16,-18,-15,-2,-11,-13,-14
622,-16,-20,-14,-18,-18,-11,-15,-18,-10,-19,-19,-18,-7,-15,-15,-16
623,-18,-20,-14,-18,-16,-14,-18,-15,-11,-19,-21,-19,-12,-16,-17,-18
624,-20,-20,-19,-16,-16,-16,-20,-17,-15,-19,-19,-18,-16,-17,-17,-16
625,-22,-20,-20,-14,-15,-18,-19,-19,-14,-18,-19,-17,-16,-19,-16,-19
626,-19,-19,-17,-13,-20,-20,-21,-18,-19,-17,-16,-15,-18,-18,-14,-18
627,-17,-16,-18,-10,-15,-17,-16,-16,-18,-14,-16,-15,-18,-16,-13,-19
628,-15,-14,-15,-8,-13,-13,-14,-14,-17,-11,-13,-11,-16,-14,-6,-13
629,-10,-9,-14,-8,-14,-10,-12,-10,-16,-9,-11,-8,-12,-12,-3,-13
630,-8,-5,-10,-3,-12,-5,-11,-7,-11,-2,-3,-5,-10,-11,1,-10
631,-4,-1,-2,1,-8,-1,-6,-4,-7,2,-2,-2,-6,-5,3,-6
632,1,2,0,4,-6,2,-3,-1,-1,3,2,2,-1,-4,8,-4
633,6,5,6,9,-5,7,2,2,3,8,6,4,5,0,10,1
634,9,9,11,11,-1,9,4,9,8,12,10,11,6,5,14,2
635,13,11,15,13,3,12,8,11,10,13,13,13,12,9,13,7
636,17,16,18,14,5,16,14,14,13,17,15,16,14,10,14,10
637,18,18,21,17,8,16,14,16,15,20,17,16,15,16,15,13
638,19,21,19,17,11,16,18,18,17,19,18,21,15,16,15,13
639,20,21,19,20,15,18,16,20,18,19,20,20,16,18,14,15
640,22,22,14,19,18,15,17,21,16,17,20,21,14,18,8,19
641,21,21,14,18,20,12,16,19,15,18,22,20,11,18,7,18
642,19,19,11,17,21,9,15,19,13,16,19,19,8,19,4,17
643,18,19,8,17,20,4,16,18,10,13,19,18,7,15,1,18
644,16,16,3,14,21,1,14,16,5,13,16,14,1,14,1,17
645,14,14,-1,11,18,-1,14,15,2,12,13,12,0,13,-3,13
646,14,12,-3,12,14,-4,10,12,0,12,13,12,-2,13,-8,11
647,13,9,-2,10,13,-6,8,9,-2,11,10,8,-5,8,-6,9
648,8,10,-6,9,9,-6,7,7,-3,8,8,10,-7,7,-7,7
649,7,10,-7,5,9,-7,6,5,-6,3,3,6,-7,5,-8,7
650,3,7,-9,2,4,-6,2,3,-5,2,4,8,-7,4,-4,6
651,4,6,-9,3,3,-6,1,5,-6,1,2,7,-7,4,-4,4
652,2,2,-5,0,4,-5,1,3,-6,2,0,3,-5,4,-1,4
653,0,2,-5,-2,2,-5,2,4,-5,1,0,1,-2,4,-1,2
654,1,0,-3,-3,-1,1,0,1,-3,2,0,0,-1,1,0,3
655,-1,-1,-1,-3,0,2,0,-1,-2,1,-3,0,1,-3,4,3
656,-3,-2,1,-6,0,4,-1,-1,1,-2,-2,-2,1,-1,6,-1
657,-2,-5,5,-7,0,3,-2,-4,1,-4,-4,-2,1,-4,7,-3
658,-2,-8,5,-9,-2,4,-4,-5,5,-6,-5,-3,5,-7,9,-5
659,-3,-8,6,-9,-5,6,-4,-8,4,-6,-10,-6,3,-7,7,-7
660,-3,-11,3,-11,-6,5,-6,-8,4,-11,-6,-8,5,-6,4,-6
661,-6,-11,4,-12,-7,5,-7,-9,4,-11,-8,-11,5,-9,4,-7
662,-10,-13,4,-11,-11,5,-9,-11,2,-12,-10,-12,5,-11,1,-10
663,-14,-16,1,-14,-11,0,-10,-12,-1,-13,-11,-14,1,-13,-2,-10
664,-13,-16,-2,-15,-12,-3,-12,-12,-3,-14,-12,-14,-4,-13,-5,-10
665,-14,-18,-4,-14,-13,-4,-13,-14,-7,-16,-15,-13,-4,-16,-13,-11
666,-14,-16,-6,-13,-14,-9,-13,-13,-5,-17,-17,-15,-7,-17,-14,-13
667,-17,-17,-10,-12,-16,-11,-13,-13,-10,-18,-16,-15,-10,-16,-17,-13
668,-20,-17,-11,-12,-14,-13,-13,-14,-13,-16,-15,-16,-11,-15,-21,-15
669,-20,-16,-13,-11,-14,-17,-14,-13,-16,-16,-15,-14,-15,-14,-22,-14
670,-19,-13,-14,-8,-16,-20,-13,-12,-18,-12,-13,-13,-17,-12,-21,-18
671,-17,-11,-17,-7,-12,-20,-11,-9,-18,-9,-11,-11,-20,-11,-22,-16
672,-14,-9,-18,-8,-10,-21,-10,-7,-18,-9,-7,-7,-18,-11,-21,-14
673,-11,-5,-16,-6,-9,-20,-9,-7,-20,-5,-5,-5,-21,-7,-20,-11
674,-9,-2,-17,-2,-7,-18,-5,-6,-17,-2,-3,-2,-18,-5,-15,-9
675,-7,1,-16,1,-6,-16,-5,-2,-15,0,-1,2,-17,-3,-12,-6
676,-3,0,-10,4,-4,-14,-3,-2,-13,1,3,2,-14,1,-10,-3
677,0,4,-8,3,-2,-10,0,0,-9,5,3,2,-14,3,-4,-1
678,4,5,-7,3,1,-7,0,5,-7,5,6,8,-7,5,3,-1
679,6,7,-5,4,2,-3,5,8,-3,7,6,7,-5,4,6,3
680,8,9,-1,6,4,-1,6,8,1,10,9,8,-1,9,7,5
681,9,9,3,8,7,6,8,9,7,11,11,10,3,7,10,8
682,13,10,6,10,6,9,8,11,8,11,8,9,6,8,13,9
683,13,12,9,10,9,11,8,9,11,12,7,9,11,11,15,10
684,13,14,13,9,11,16,10,10,15,11,6,9,11,12,17,11
685,13,13,16,8,10,17,7,11,14,13,6,12,18,12,20,13
686,15,16,16,9,11,17,11,11,18,14,9,9,19,12,19,10
687,15,14,17,8,12,21,11,12,19,14,6,9,20,12,19,12
688,13,10,16,10,12,21,12,10,20,11,8,9,18,13,18,13
689,16,10,18,10,13,21,14,7,17,12,9,8,20,13,18,14
690,17,11,17,10,12,21,13,9,18,10,10,12,18,10,17,14
691,13,10,17,9,11,18,13,9,19,9,9,11,18,10,14,15
692,12,9,17,9,12,18,12,10,15,10,9,11,18,11,12,16
693,9,10,15,10,12,17,13,9,12,10,10,10,14,10,10,15
694,12,10,12,10,10,13,10,8,11,10,12,10,11,10,7,15
695,9,8,10,9,9,11,10,7,9,11,10,8,10,8,5,13
696,8,8,9,8,13,8,10,9,9,10,9,8,7,10,6,12
697,8,10,7,8,11,8,9,6,4,6,10,8,6,8,3,11
698,9,8,6,10,11,5,11,7,4,8,10,9,4,7,0,10
699,3,6,2,9,9,2,11,8,2,6,10,7,6,6,-3,6
700,5,8,5,9,8,4,9,7,2,5,8,7,2,6,-4,6
701,3,6,2,8,8,-1,8,5,0,6,9,4,1,4,-3,6
702,1,4,0,4,7,0,4,5,-1,4,8,1,-2,2,-3,4
703,-2,1,0,1,4,-2,1,1,-1,0,5,-1,-3,0,-5,3
704,-5,0,0,-3,2,-2,1,1,-2,-4,1,-2,-4,-2,-4,1
705,-6,-1,-2,-7,-2,-2,-4,-1,-1,-7,-2,-5,-4,-5,-6,-1
706,-7,-3,-5,-11,-7,-5,-6,-7,-3,-9,-5,-7,-5,-3,-7,-3
707,-9,-6,-3,-11,-7,-7,-10,-8,-4,-11,-6,-14,-5,-7,-9,-8
708,-12,-9,-5,-14,-8,-6,-11,-12,-4,-16,-10,-15,-4,-12,-11,-9
709,-15,-14,-8,-19,-14,-10,-16,-15,-6,-19,-16,-19,-6,-14,-11,-13
710,-18,-18,-10,-20,-15,-11,-19,-18,-8,-19,-19,-18,-7,-17,-11,-16
711,-21,-21,-13,-22,-20,-12,-19,-22,-9,-24,-21,-21,-8,-19,-14,-21
712,-23,-21,-13,-24,-21,-14,-22,-22,-10,-23,-22,-24,-9,-23,-13,-21
713,-21,-23,-17,-23,-24,-15,-23,-22,-13,-24,-24,-25,-11,-25,-13,-26
714,-24,-24,-18,-22,-24,-15,-26,-22,-13,-24,-26,-23,-10,-25,-15,-27
715,-23,-22,-18,-19,-24,-14,-24,-22,-13,-22,-23,-23,-12,-23,-12,-25
716,-19,-22,-17,-16,-22,-14,-23,-20,-14,-20,-24,-18,-13,-23,-10,-24
717,-17,-18,-17,-14,-20,-13,-19,-19,-13,-15,-23,-16,-11,-19,-9,-23
718,-14,-14,-14,-8,-15,-10,-18,-14,-11,-12,-19,-11,-13,-15,-8,-19
719,-8,-9,-14,-6,-14,-8,-14,-10,-11,-6,-12,-8,-13,-12,-5,-14
720,-6,-8,-12,0,-9,-8,-9,-6,-7,-3,-9,-6,-11,-8,-5,-10
721,-3,-5,-12,7,-4,-7,-4,-2,-9,2,-6,-1,-10,-1,-2,-8
722,1,0,-7,6,2,-5,-1,1,-7,6,-3,3,-6,3,0,-7
723,6,2,-5,8,2,-3,4,4,-4,9,1,7,-6,6,2,-2
724,8,7,0,8,6,-1,6,7,-3,11,7,10,-4,10,2,5
725,10,12,3,11,9,4,12,12,-4,15,12,11,-1,11,5,10
726,11,13,5,11,10,7,13,12,0,15,10,15,2,12,6,11
727,12,14,7,11,13,9,14,12,3,12,13,16,5,12,5,13
728,13,14,9,12,14,8,15,14,5,12,13,15,5,13,5,13
729,14,14,10,11,13,7,14,14,4,12,14,13,8,11,7,15
730,13,12,14,12,15,7,14,13,6,13,14,14,9,12,10,15
731,11,12,13,10,13,8,13,13,7,11,14,12,9,10,10,13
732,11,11,14,9,11,8,12,12,8,9,14,9,10,7,9,10
733,9,7,15,9,11,9,10,11,10,8,12,8,11,10,9,12
734,5,9,14,8,9,9,7,10,9,6,9,6,10,8,10,8
735,3,8,14,9,8,9,9,8,11,6,7,5,11,4,9,5
736,3,6,14,6,5,11,5,5,12,3,6,1,11,3,8,4
737,2,5,15,5,5,9,1,6,15,5,3,3,12,2,9,4
738,4,7,12,6,5,9,2,5,13,5,5,2,10,2,11,3
739,6,5,12,5,3,9,4,5,11,3,4,3,11,2,8,5
740,5,3,12,7,2,9,4,6,10,3,4,4,10,2,8,2
741,5,5,12,8,4,7,2,7,13,6,5,7,9,3,8,4
742,7,6,10,6,7,9,3,9,12,9,6,6,10,5,10,4
743,6,7,9,7,7,11,5,7,11,11,5,4,9,8,9,5
744,10,7,9,8,7,9,6,8,11,11,8,8,9,6,12,6
745,10,5,9,9,11,7,7,9,11,11,11,9,12,10,11,8
746,13,7,10,12,12,10,8,13,11,12,9,11,11,13,9,8
747,14,7,7,7,11,9,8,13,8,10,10,14,9,11,10,9
748,16,7,6,7,12,7,9,15,10,11,11,13,10,11,9,11
749,14,6,5,7,12,6,11,11,9,12,9,12,6,11,6,11
750,14,4,3,5,12,5,10,8,8,10,8,8,8,8,5,12
751,11,3,3,2,11,5,8,7,3,6,7,8,4,6,1,8
752,7,-1,1,-1,9,3,5,1,2,1,4,3,1,5,-4,5
753,2,-6,-4,-5,6,-2,2,0,1,-1,0,0,-1,2,-6,3
754,-1,-8,-5,-8,1,-4,-1,-7,-3,-6,0,-6,-3,-1,-8,0
755,-6,-12,-8,-12,-3,-7,-4,-9,-6,-12,-5,-10,-7,-5,-13,-5
756,-12,-15,-14,-16,-7,-10,-9,-13,-10,-15,-11,-13,-10,-10,-19,-11
757,-17,-18,-17,-18,-10,-14,-14,-16,-13,-19,-15,-18,-14,-14,-21,-12
758,-22,-18,-20,-21,-14,-16,-19,-18,-17,-21,-16,-21,-18,-21,-24,-15
759,-25,-20,-20,-22,-18,-19,-19,-23,-19,-25,-21,-22,-23,-23,-24,-17
760,-29,-21,-21,-25,-22,-21,-21,-26,-22,-26,-23,-21,-23,-27,-27,-22
761,-31,-22,-22,-25,-22,-23,-23,-26,-23,-26,-23,-21,-25,-25,-27,-23
762,-31,-20,-22,-20,-23,-23,-22,-25,-24,-23,-21,-23,-25,-24,-24,-24
763,-26,-20,-21,-18,-24,-23,-22,-23,-25,-21,-20,-21,-26,-22,-22,-23
764,-23,-16,-21,-16,-21,-20,-20,-21,-23,-19,-20,-18,-23,-21,-19,-22
765,-22,-12,-19,-9,-20,-18,-15,-16,-22,-11,-15,-14,-20,-16,-16,-19
766,-14,-7,-15,-5,-15,-16,-13,-9,-17,-5,-12,-8,-20,-10,-13,-16
767,-8,-6,-13,1,-10,-12,-9,-3,-13,-1,-4,-1,-14,-9,-6,-12
768,-2,1,-8,5,-6,-10,-2,-1,-10,2,0,3,-10,-2,-3,-7
769,2,7,-1,10,-2,-5,-2,3,-6,7,6,9,-5,5,1,0
770,8,11,1,12,2,0,5,9,-2,11,12,15,-1,8,5,4
771,9,13,4,15,7,3,10,11,2,14,13,16,3,11,10,9
772,14,16,8,16,10,7,13,16,8,15,13,17,7,15,12,14
773,17,19,12,15,12,10,14,15,10,17,17,19,10,16,14,17
774,20,18,12,15,15,12,15,15,13,16,17,20,12,18,12,14
775,18,16,14,14,17,11,13,17,15,14,14,15,15,14,16,13
776,17,10,14,10,14,13,14,14,15,10,13,13,13,12,14,17
777,15,9,13,8,12,14,12,9,15,8,7,11,13,10,14,14
778,13,5,11,2,11,14,7,9,15,6,4,6,15,10,11,10
779,10,4,11,0,8,15,3,5,15,4,-1,1,13,7,12,7
780,8,2,12,-4,3,11,4,1,12,1,-3,-2,14,0,11,5
781,1,0,10,-6,3,10,2,-3,12,-3,-5,-5,13,-1,9,3
782,0,-3,8,-8,-1,9,-2,-5,9,-4,-7,-5,10,-1,8,1
783,-2,-6,6,-7,-3,7,-2,-4,9,-5,-7,-7,8,-5,5,-1
784,-3,-7,7,-5,-5,6,-5,-6,6,-4,-11,-8,7,-4,6,-2
785,-4,-7,4,-6,-5,7,-5,-5,6,-3,-9,-6,8,-4,4,-1
786,-2,-5,4,-1,-3,5,-4,-4,5,-3,-5,-5,4,-3,2,-2
787,-2,-4,4,2,-3,5,-2,-3,4,0,-3,0,3,0,4,0
788,0,1,2,6,-2,4,1,1,7,4,0,4,3,3,6,3
789,4,5,4,9,3,5,5,5,5,8,4,8,6,8,6,4
790,7,8,6,13,6,5,9,8,4,13,8,11,6,8,5,5
791,9,11,6,17,10,7,13,14,8,15,11,14,8,14,7,10
792,12,16,9,19,13,9,18,17,6,17,15,17,8,17,8,11
793,15,24,9,24,18,9,21,20,9,18,18,19,9,19,9,15
794,20,22,12,23,19,8,19,20,9,23,19,19,11,21,9,17
795,19,23,12,22,21,9,22,23,9,22,20,19,10,23,8,19
796,20,24,13,21,24,10,23,20,11,21,22,19,7,22,8,19
797,19,23,13,18,23,9,20,19,9,17,22,16,10,21,7,17
798,16,21,15,13,17,10,17,15,9,11,19,11,7,15,4,17
799,10,13,10,8,15,5,14,12,7,7,14,8,8,9,1,16
800,4,9,6,2,8,3,10,6,5,3,10,3,6,5,-1,12
801,0,6,1,-4,6,0,3,0,3,-6,2,-3,3,-2,-5,5
802,-6,-2,-4,-15,-1,-8,-4,-6,0,-11,-2,-10,2,-11,-12,1
803,-14,-9,-8,-21,-8,-10,-10,-14,-3,-18,-10,-17,-2,-16,-15,-7
804,-21,-14,-13,-23,-13,-13,-15,-20,-9,-24,-17,-23,-9,-23,-18,-13
805,-26,-20,-21,-30,-18,-19,-23,-23,-13,-26,-23,-28,-13,-28,-23,-21
806,-31,-28,-22,-32,-24,-21,-30,-26,-16,-30,-27,-34,-16,-31,-23,-26
807,-29,-31,-25,-33,-29,-23,-33,-32,-20,-34,-30,-34,-19,-33,-24,-32
808,-33,-35,-27,-33,-30,-23,-34,-33,-23,-34,-33,-35,-23,-36,-22,-33
809,-35,-35,-27,-32,-34,-23,-35,-33,-22,-30,-31,-31,-24,-33,-24,-35
810,-33,-35,-25,-27,-31,-25,-35,-30,-21,-27,-31,-31,-24,-31,-22,-34
811,-25,-32,-26,-22,-29,-21,-34,-26,-23,-22,-27,-26,-24,-27,-17,-33
812,-22,-27,-23,-15,-24,-19,-28,-23,-20,-17,-22,-21,-20,-21,-14,-27
813,-15,-21,-19,-8,-18,-14,-22,-16,-19,-8,-19,-12,-18,-15,-8,-23
814,-8,-14,-13,-1,-14,-8,-15,-8,-12,-2,-9,-4,-13,-10,-3,-18
815,-2,-6,-7,7,-6,-3,-8,-1,-9,4,-2,2,-9,-1,0,-7
816,5,1,0,10,-1,1,0,6,-4,11,3,8,-4,7,5,0
817,11,7,5,13,6,6,8,12,1,19,9,16,1,11,10,7
818,16,12,10,17,12,10,14,17,4,23,15,20,7,17,14,13
819,20,18,11,21,17,13,17,22,8,26,20,24,11,19,15,18
820,24,22,15,23,21,12,20,22,12,26,22,25,13,22,16,22
821,25,26,19,22,25,15,23,25,13,26,25,25,14,24,17,24
822,24,26,17,20,24,15,24,23,15,24,26,22,14,23,14,25
823,23,23,15,15,24,18,24,21,13,18,22,21,15,18,12,21
824,19,21,15,12,24,16,21,16,12,12,17,15,12,15,10,19
825,14,16,10,7,21,13,16,12,11,5,11,10,10,10,7,14
826,7,14,10,1,12,9,12,5,8,-1,8,3,8,4,-1,9
827,1,8,7,-6,7,5,5,0,6,-6,4,-4,3,-3,-2,6
828,-6,1,1,-9,4,2,-1,-4,4,-14,-3,-10,1,-8,-2,0
829,-13,-7,0,-14,-5,0,-8,-10,1,-16,-9,-13,1,-16,-4,-10
830,-17,-11,-2,-16,-11,-3,-13,-15,-4,-19,-15,-19,-3,-19,-8,-14
831,-22,-14,-5,-21,-17,-6,-15,-18,-3,-21,-18,-21,-7,-20,-7,-20
832,-22,-20,-7,-20,-20,-8,-21,-20,-4,-20,-19,-22,-8,-23,-5,-21
833,-19,-22,-3,-16,-21,-7,-21,-21,-7,-20,-22,-21,-8,-22,-1,-24
834,-19,-21,-4,-16,-23,-6,-21,-19,-6,-19,-18,-19,-4,-18,0,-23
835,-16,-20,-3,-11,-22,-3,-20,-15,-3,-10,-17,-14,-3,-14,4,-22
836,-8,-16,1,-4,-18,0,-15,-8,-1,-5,-13,-10,1,-12,8,-16
837,-4,-11,6,1,-12,4,-13,-2,2,2,-8,-2,3,-5,12,-12
838,2,-3,8,7,-5,6,-3,4,6,9,-2,5,9,2,15,-5
839,13,3,12,18,3,11,3,11,10,16,6,11,13,7,20,2
840,20,8,15,21,9,16,11,17,14,25,11,19,17,16,23,7
841,24,16,20,26,17,18,17,23,18,30,20,25,21,21,25,15
842,31,20,20,30,22,21,22,29,20,31,26,29,20,28,25,24
843,32,27,19,31,26,22,27,32,23,34,28,33,23,32,23,27
844,33,28,22,30,32,19,30,32,22,34,31,33,22,34,20,29
845,31,29,19,29,32,18,30,34,20,31,31,33,21,33,15,32
846,29,29,17,24,31,17,29,33,20,27,29,29,18,29,9,32
847,23,27,13,18,29,16,27,26,16,22,26,23,15,26,3,29
848,17,19,10,9,25,9,22,20,10,12,20,18,11,20,-2,25
849,8,12,4,2,18,2,17,11,4,5,13,10,3,14,-11,19
850,-1,9,-5,-8,10,-3,9,1,-2,-4,4,-2,-2,4,-17,12
851,-9,-1,-11,-16,5,-12,3,-5,-8,-11,-3,-8,-6,-5,-21,4
852,-20,-9,-19,-22,-6,-17,-8,-14,-15,-20,-9,-16,-16,-13,-27,-4
853,-28,-16,-23,-29,-14,-24,-13,-22,-24,-28,-21,-24,-23,-21,-30,-14
854,-34,-22,-29,-33,-20,-29,-23,-28,-29,-32,-25,-30,-26,-27,-32,-21
855,-36,-27,-33,-35,-28,-30,-28,-33,-30,-36,-33,-36,-29,-32,-36,-27
856,-40,-31,-34,-36,-31,-33,-34,-37,-34,-35,-37,-36,-32,-36,-34,-31
857,-39,-33,-33,-34,-35,-32,-35,-36,-35,-36,-36,-36,-34,-37,-33,-36
858,-38,-31,-29,-28,-35,-32,-35,-35,-35,-33,-36,-35,-34,-35,-29,-36
859,-33,-28,-25,-23,-35,-29,-35,-31,-32,-26,-30,-30,-30,-31,-24,-34
860,-28,-24,-23,-17,-31,-27,-30,-24,-28,-21,-24,-24,-26,-24,-17,-29
861,-20,-16,-16,-9,-28,-19,-24,-17,-23,-12,-18,-16,-20,-17,-9,-24
862,-12,-8,-10,-1,-19,-14,-19,-9,-15,-3,-10,-9,-14,-12,-5,-20
863,-1,-1,-3,8,-12,-4,-11,-1,-6,5,0,2,-6,-5,4,-13
864,10,9,5,16,-5,3,0,8,2,13,10,11,2,7,11,-2
865,17,17,8,19,5,9,9,15,8,21,17,21,8,16,18,8
866,26,23,17,26,15,15,15,24,15,26,23,28,15,22,23,15
867,30,28,22,32,20,20,21,31,21,33,27,35,18,27,24,22
868,35,34,24,36,26,23,28,34,24,35,30,37,22,31,22,27
869,38,33,23,35,31,22,31,34,24,35,32,37,25,34,23,31
870,42,32,22,35,34,23,33,37,24,32,32,37,26,36,20,36
871,37,31,20,31,34,22,34,34,26,30,31,34,23,33,17,37
872,33,26,14,26,34,17,32,29,21,24,29,27,19,28,11,33
873,28,23,10,19,30,12,28,24,17,18,24,20,17,22,6,30
874,22,16,6,11,24,6,21,17,13,12,17,13,11,16,0,23
875,15,8,0,3,18,2,16,12,7,6,10,5,4,11,-7,17
876,6,2,-7,-3,10,-6,10,4,0,-5,4,-4,-1,1,-11,10
877,0,-6,-12,-13,1,-11,-2,-3,-5,-11,-4,-11,-6,-5,-15,3
878,-11,-12,-17,-21,-5,-16,-9,-12,-11,-17,-11,-19,-12,-10,-20,-5
879,-18,-21,-19,-25,-13,-18,-15,-19,-14,-23,-17,-25,-15,-17,-20,-11
880,-22,-24,-23,-29,-19,-21,-19,-25,-18,-25,-23,-26,-17,-20,-18,-17
881,-27,-29,-21,-30,-25,-21,-24,-26,-20,-27,-28,-29,-20,-24,-16,-20
882,-31,-28,-19,-32,-28,-21,-27,-29,-22,-29,-31,-30,-20,-25,-13,-26
883,-28,-30,-17,-31,-30,-19,-29,-28,-17,-26,-29,-27,-16,-26,-7,-26
884,-28,-27,-12,-24,-29,-12,-30,-26,-14,-22,-29,-24,-12,-24,-2,-28
885,-26,-25,-4,-19,-26,-6,-25,-23,-11,-21,-27,-18,-6,-20,2,-25
886,-23,-20,3,-13,-23,0,-23,-17,-5,-13,-22,-13,-1,-18,12,-23
887,-17,-14,14,-6,-16,8,-14,-12,4,-7,-12,-7,6,-13,17,-18
888,-13,-8,19,2,-9,15,-6,-7,10,-3,-7,0,11,-8,21,-12
889,-5,0,27,7,-4,20,0,1,15,4,-2,7,20,-3,29,-6
890,1,7,28,14,3,26,3,8,20,8,6,9,26,5,33,0
891,8,11,34,19,10,30,12,13,26,13,11,14,30,10,32,4
892,11,17,34,22,15,32,15,14,31,16,17,17,33,14,30,11
893,17,19,34,24,18,34,20,18,33,17,20,18,36,16,28,17
894,21,22,32,24,21,32,20,21,31,20,22,19,34,18,24,18
895,20,20,27,21,21,27,21,21,27,21,21,18,29,17,15,21
896,18,18,18,19,20,22,21,18,24,17,19,14,23,17,8,19
897,18,17,10,14,18,13,19,16,18,12,17,12,15,14,0,18
898,12,13,2,9,16,6,15,11,9,9,15,7,7,9,-10,14
899,7,8,-7,6,11,-4,11,9,1,3,8,4,-2,7,-16,11
900,6,6,-13,0,6,-13,6,3,-8,-2,4,1,-12,3,-23,6
901,4,3,-21,-6,0,-20,2,1,-15,-3,0,-4,-19,-3,-29,1
902,-1,-2,-27,-8,-3,-26,-4,-4,-22,-7,-5,-9,-27,-4,-33,-3
903,-7,-5,-35,-10,-5,-31,-9,-6,-28,-9,-7,-10,-34,-9,-38,-8
904,-8,-10,-36,-11,-7,-35,-14,-8,-31,-10,-11,-11,-37,-13,-37,-11
905,-9,-10,-36,-10,-9,-35,-13,-10,-33,-10,-13,-11,-40,-15,-34,-11
906,-9,-12,-32,-6,-9,-34,-14,-11,-35,-10,-13,-9,-37,-12,-30,-12
907,-10,-10,-33,-6,-6,-32,-13,-9,-32,-9,-14,-6,-38,-11,-22,-12
908,-7,-9,-29,-5,-6,-27,-11,-9,-26,-6,-10,-4,-29,-8,-16,-12
909,-6,-7,-21,-1,-6,-21,-8,-6,-22,-2,-8,-2,-22,-6,-8,-11
910,-4,-5,-14,0,-3,-12,-6,-2,-15,3,-6,0,-15,1,1,-7
911,2,0,-4,2,-2,-3,-2,0,-7,5,-2,3,-6,2,11,-3
912,5,1,6,6,3,3,2,4,4,6,3,6,4,4,18,1
913,8,7,15,7,4,12,4,7,14,9,6,9,11,7,23,6
914,8,11,19,9,6,20,6,9,19,12,7,10,19,9,32,8
915,8,10,27,11,9,29,8,10,24,12,10,10,26,12,36,10
916,9,14,31,9,9,33,9,9,28,13,13,12,30,11,35,11
917,10,12,34,6,11,34,11,8,34,12,11,11,33,12,37,11
918,10,12,34,6,11,37,10,7,35,8,9,10,34,11,34,10
919,7,8,33,6,10,35,9,6,35,7,8,8,35,9,28,13
920,5,7,30,0,9,34,5,5,34,5,7,6,30,7,19,8
921,1,1,25,-2,5,29,3,3,29,-1,4,0,26,5,15,3
922,-3,-2,20,-6,2,18,1,-3,21,-5,-2,-4,19,0,7,1
923,-5,-6,11,-9,0,9,-4,-7,16,-8,-4,-8,13,-7,-2,-3
924,-11,-8,4,-14,-7,3,-9,-9,7,-9,-7,-11,3,-11,-10,-5
925,-12,-14,-7,-16,-9,-6,-11,-14,-1,-13,-10,-15,-4,-13,-17,-11
926,-14,-18,-13,-16,-12,-11,-14,-15,-9,-17,-10,-15,-11,-15,-21,-12
927,-14,-19,-19,-17,-14,-17,-15,-17,-14,-19,-13,-15,-19,-19,-25,-13
928,-16,-20,-23,-14,-16,-26,-19,-19,-21,-16,-17,-17,-25,-18,-26,-14
929,-14,-20,-28,-14,-16,-27,-18,-17,-26,-16,-16,-17,-30,-18,-26,-18
930,-15,-21,-27,-12,-17,-28,-19,-14,-29,-12,-15,-15,-30,-15,-29,-20
931,-11,-16,-28,-11,-15,-30,-18,-13,-30,-11,-13,-14,-31,-13,-25,-17
932,-10,-13,-27,-6,-15,-28,-13,-8,-30,-8,-10,-12,-29,-10,-21,-13
933,-5,-11,-22,-2,-12,-25,-10,-5,-27,-5,-8,-5,-25,-9,-17,-10
934,-1,-4,-17,1,-6,-20,-9,-3,-23,-1,-5,-4,-20,-5,-11,-10
935,2,-1,-11,3,-2,-14,-4,3,-16,3,-3,0,-17,-1,-4,-6
936,3,2,-4,8,-1,-8,4,7,-8,7,3,5,-10,5,-1,-1
937,7,7,2,10,2,-1,5,11,2,9,6,6,-2,8,5,4
938,10,10,5,11,5,5,10,14,6,13,9,9,4,8,11,6
939,10,13,11,13,10,10,10,15,11,14,9,12,11,14,15,8
940,10,17,16,11,11,17,12,15,15,14,11,12,17,14,17,12
941,10,18,20,9,12,17,12,14,19,14,10,14,20,14,17,11
942,10,15,22,7,11,20,13,14,22,14,12,12,20,13,18,12
943,7,15,18,7,13,20,10,9,22,10,8,10,22,14,18,11
944,5,14,19,5,9,20,10,8,20,6,6,9,21,9,15,9
945,2,9,15,3,8,18,9,5,18,7,3,8,19,8,10,6
946,2,6,11,2,7,13,5,5,13,2,3,4,15,4,6,6
947,-1,4,7,-1,5,10,4,1,9,0,1,2,12,2,3,5
948,0,2,4,-2,4,6,1,-1,6,-2,-2,1,6,-1,-3,3
949,-2,0,1,-3,2,3,1,0,1,-2,-2,-1,3,0,-6,2
950,-2,-2,-5,-3,2,1,2,-2,-3,-2,1,0,-2,-3,-7,0
951,-4,-2,-6,-3,0,-8,-1,-3,-7,-1,1,-2,-3,-2,-10,0
952,-5,-2,-7,-1,-1,-9,0,-1,-7,-2,4,-1,-8,-1,-12,-2
953,-1,-1,-10,3,3,-9,1,-2,-9,1,6,0,-8,1,-12,-1
954,2,-1,-10,3,1,-12,2,-1,-13,3,6,-1,-12,4,-11,1
955,6,1,-10,4,1,-10,4,0,-10,4,7,0,-10,2,-8,3
956,7,3,-8,4,2,-10,5,1,-9,6,7,3,-8,5,-6,5
957,5,4,-6,5,3,-7,4,3,-6,5,8,5,-6,7,-3,4
958,7,8,0,5,4,-5,6,5,-4,4,7,4,-4,6,2,4
959,6,5,1,4,3,-2,8,4,0,5,6,6,-1,4,1,5
